candidate_id,material_id,composition,parent_structure_id,research_role,selection_category,tilt_pattern,nominal_tilt_deg,A_site_ordering,B_site_ordering,space_group,generation_method,actual_bob_mean_deg,actual_bob_std_deg,bo_length_mean_ang,bo_length_std_ang,minimum_distance_ang,structure_path
63471574103349a28b1be3a5_p01,63471574103349a28b1be3a5,GdLaDyFeO6,63471574103349a28b1be3a4,blind_test,high_uncertainty,original,original,original,original,P-1,MP parent,142.41009726175307,0.5165820642275737,2.1158582450786696,0.1908298144684663,1.920824125726354,step4/candidates/63471574103349a28b1be3a5_p01.cif
63471574103349a28b1be3a5_p02,63471574103349a28b1be3a5,GdLaDyFeO6,63471574103349a28b1be3a4,blind_test,high_uncertainty,a0a0a0,0.0,rocksalt,rocksalt,F-43m,native Glazer generator v1,180.0,0.0,2.0028859747823806,4.440892098500626e-16,2.002885974782381,step4/candidates/63471574103349a28b1be3a5_p02.cif
63471574103349a28b1be3a5_p03,63471574103349a28b1be3a5,GdLaDyFeO6,63471574103349a28b1be3a4,blind_test,high_uncertainty,a0a0c-,6.0,rocksalt,rocksalt,I-4,native Glazer generator v1,172.04350774306172,5.626089629339306,2.0101608012174403,0.005144079104185678,2.002885974782381,step4/candidates/63471574103349a28b1be3a5_p03.cif
63471574103349a28b1be3a5_p04,63471574103349a28b1be3a5,GdLaDyFeO6,63471574103349a28b1be3a4,blind_test,high_uncertainty,a0a0c-,12.0,rocksalt,rocksalt,I-4,native Glazer generator v1,164.33982190699302,11.073418124154243,2.0314404217443642,0.020191043079850018,2.002885974782381,step4/candidates/63471574103349a28b1be3a5_p04.cif
63471574103349a28b1be3a5_p05,63471574103349a28b1be3a5,GdLaDyFeO6,63471574103349a28b1be3a4,blind_test,high_uncertainty,a-a-a-,6.0,rocksalt,rocksalt,R3,native Glazer generator v1,163.27292765074517,0.0369812312576552,2.0244155274715667,0.0013101655342125723,2.022151950319809,step4/candidates/63471574103349a28b1be3a5_p05.cif
63471574103349a28b1be3a5_p06,63471574103349a28b1be3a5,GdLaDyFeO6,63471574103349a28b1be3a4,blind_test,high_uncertainty,a-a-a-,12.0,rocksalt,rocksalt,R3,native Glazer generator v1,147.904586383159,0.2746014830978337,2.0841044574782055,0.010090686367866192,2.0667834746830995,step4/candidates/63471574103349a28b1be3a5_p06.cif
63471574103349a28b1be3a5_p07,63471574103349a28b1be3a5,GdLaDyFeO6,63471574103349a28b1be3a4,blind_test,high_uncertainty,a-a-c+,6.0,rocksalt,rocksalt,Pc,native Glazer generator v1,163.24273266697264,0.021427874922889747,2.0244939517725187,0.001307828556235219,2.022151950319809,step4/candidates/63471574103349a28b1be3a5_p07.cif
63471574103349a28b1be3a5_p08,63471574103349a28b1be3a5,GdLaDyFeO6,63471574103349a28b1be3a4,blind_test,high_uncertainty,a-a-c+,12.0,rocksalt,rocksalt,Pc,native Glazer generator v1,147.6803782193958,0.15996160109567417,2.0852774507212235,0.010023532732833317,2.0667834746830995,step4/candidates/63471574103349a28b1be3a5_p08.cif
63471574103349a28b1be3a5_p09,63471574103349a28b1be3a5,GdLaDyFeO6,63471574103349a28b1be3a4,blind_test,high_uncertainty,a0a0c+,6.0,rocksalt,rocksalt,P-4n2,native Glazer generator v1,172.04350774306172,5.626089629339306,2.0101608012174403,0.005144079104185678,2.002885974782381,step4/candidates/63471574103349a28b1be3a5_p09.cif
63471574103349a28b1be3a5_p10,63471574103349a28b1be3a5,GdLaDyFeO6,63471574103349a28b1be3a4,blind_test,high_uncertainty,a0a0c+,12.0,rocksalt,rocksalt,P-4n2,native Glazer generator v1,164.33982190699302,11.073418124154243,2.0314404217443642,0.020191043079850018,2.002885974782381,step4/candidates/63471574103349a28b1be3a5_p10.cif
63471574103349a28b1be3a5_p11,63471574103349a28b1be3a5,GdLaDyFeO6,63471574103349a28b1be3a4,blind_test,high_uncertainty,a0a0a0_ordering_control,0.0,layered,rocksalt,P4/nmm,native Glazer generator v1,180.0,0.0,2.0028859747823806,4.440892098500626e-16,2.002885974782381,step4/candidates/63471574103349a28b1be3a5_p11.cif
634d899549b0ce94eb0d36b6_p01,634d899549b0ce94eb0d36b6,NdZrCaSiO6,634d899549b0ce94eb0d36b3,blind_test,high_uncertainty,original,original,original,original,Pc,MP parent,132.09289577893784,1.2035186957362227,2.0717487247841793,0.3018253319727396,1.7619634761868725,step4/candidates/634d899549b0ce94eb0d36b6_p01.cif
634d899549b0ce94eb0d36b6_p02,634d899549b0ce94eb0d36b6,NdZrCaSiO6,634d899549b0ce94eb0d36b3,blind_test,high_uncertainty,a0a0a0,0.0,rocksalt,rocksalt,F-43m,native Glazer generator v1,180.0,0.0,1.8943117430220333,1.4304223057953898e-15,1.894311743022032,step4/candidates/634d899549b0ce94eb0d36b6_p02.cif
634d899549b0ce94eb0d36b6_p03,634d899549b0ce94eb0d36b6,NdZrCaSiO6,634d899549b0ce94eb0d36b3,blind_test,high_uncertainty,a0a0c-,6.0,rocksalt,rocksalt,I-4,native Glazer generator v1,172.04350774306172,5.626089629339293,1.9011922091683287,0.0048652242697699456,1.894311743022032,step4/candidates/634d899549b0ce94eb0d36b6_p03.cif
634d899549b0ce94eb0d36b6_p04,634d899549b0ce94eb0d36b6,NdZrCaSiO6,634d899549b0ce94eb0d36b3,blind_test,high_uncertainty,a0a0c-,12.0,rocksalt,rocksalt,I-4,native Glazer generator v1,164.33982190699302,11.073418124154246,1.9213182850202422,0.019096508983333028,1.894311743022032,step4/candidates/634d899549b0ce94eb0d36b6_p04.cif
634d899549b0ce94eb0d36b6_p05,634d899549b0ce94eb0d36b6,NdZrCaSiO6,634d899549b0ce94eb0d36b3,blind_test,high_uncertainty,a-a-a-,6.0,rocksalt,rocksalt,R3,native Glazer generator v1,163.2729276507452,0.036981231257649405,1.9146742024903347,0.0012391429107847481,1.91253333135049,step4/candidates/634d899549b0ce94eb0d36b6_p05.cif
634d899549b0ce94eb0d36b6_p06,634d899549b0ce94eb0d36b6,NdZrCaSiO6,634d899549b0ce94eb0d36b3,blind_test,high_uncertainty,a-a-a-,12.0,rocksalt,rocksalt,R3,native Glazer generator v1,147.904586383159,0.2746014830978265,1.9711274616691459,0.009543681428932787,1.9547454301793024,step4/candidates/634d899549b0ce94eb0d36b6_p06.cif
634d899549b0ce94eb0d36b6_p07,634d899549b0ce94eb0d36b6,NdZrCaSiO6,634d899549b0ce94eb0d36b3,blind_test,high_uncertainty,a-a-c+,6.0,rocksalt,rocksalt,Pc,native Glazer generator v1,163.24273266697273,0.02142787492288221,1.9147483754967378,0.0012369326177968467,1.91253333135049,step4/candidates/634d899549b0ce94eb0d36b6_p07.cif
634d899549b0ce94eb0d36b6_p08,634d899549b0ce94eb0d36b6,NdZrCaSiO6,634d899549b0ce94eb0d36b3,blind_test,high_uncertainty,a-a-c+,12.0,rocksalt,rocksalt,Pc,native Glazer generator v1,147.68037821939575,0.15996160109567417,1.97223686824681,0.00948016811812477,1.9547454301793024,step4/candidates/634d899549b0ce94eb0d36b6_p08.cif
634d899549b0ce94eb0d36b6_p09,634d899549b0ce94eb0d36b6,NdZrCaSiO6,634d899549b0ce94eb0d36b3,blind_test,high_uncertainty,a0a0c+,6.0,rocksalt,rocksalt,P-4n2,native Glazer generator v1,172.04350774306172,5.626089629339293,1.9011922091683282,0.004865224269769945,1.894311743022032,step4/candidates/634d899549b0ce94eb0d36b6_p09.cif
634d899549b0ce94eb0d36b6_p10,634d899549b0ce94eb0d36b6,NdZrCaSiO6,634d899549b0ce94eb0d36b3,blind_test,high_uncertainty,a0a0c+,12.0,rocksalt,rocksalt,P-4n2,native Glazer generator v1,164.33982190699302,11.073418124154246,1.9213182850202422,0.019096508983333028,1.894311743022032,step4/candidates/634d899549b0ce94eb0d36b6_p10.cif
634d899549b0ce94eb0d36b6_p11,634d899549b0ce94eb0d36b6,NdZrCaSiO6,634d899549b0ce94eb0d36b3,blind_test,high_uncertainty,a0a0a0_ordering_control,0.0,layered,rocksalt,P4/nmm,native Glazer generator v1,180.0,0.0,1.8943117430220333,1.4304223057953898e-15,1.894311743022032,step4/candidates/634d899549b0ce94eb0d36b6_p11.cif
634702a0660f1387211b4fff_p01,634702a0660f1387211b4fff,CeCrGaTiO6,6347029f660f1387211b4ffd,blind_test,higher_energy_0.10_0.15,original,original,original,original,Pc,MP parent,136.21038049347013,0.7999123209396289,2.0170953189268013,0.030571283646525702,1.985467493441539,step4/candidates/634702a0660f1387211b4fff_p01.cif
634702a0660f1387211b4fff_p02,634702a0660f1387211b4fff,CeCrGaTiO6,6347029f660f1387211b4ffd,blind_test,higher_energy_0.10_0.15,a0a0a0,0.0,rocksalt,rocksalt,F-43m,native Glazer generator v1,180.0,0.0,1.869657290977602,1.4475537224895361e-15,1.8696572909776017,step4/candidates/634702a0660f1387211b4fff_p02.cif
634702a0660f1387211b4fff_p03,634702a0660f1387211b4fff,CeCrGaTiO6,6347029f660f1387211b4ffd,blind_test,higher_energy_0.10_0.15,a0a0c-,6.0,rocksalt,rocksalt,I-4,native Glazer generator v1,172.04350774306178,5.62608962933928,1.8764482079125429,0.004801903415171295,1.8696572909776017,step4/candidates/634702a0660f1387211b4fff_p03.cif
634702a0660f1387211b4fff_p04,634702a0660f1387211b4fff,CeCrGaTiO6,6347029f660f1387211b4ffd,blind_test,higher_energy_0.10_0.15,a0a0c-,12.0,rocksalt,rocksalt,I-4,native Glazer generator v1,164.33982190699302,11.073418124154236,1.896312343049703,0.018847968073063187,1.8696572909776017,step4/candidates/634702a0660f1387211b4fff_p04.cif
634702a0660f1387211b4fff_p05,634702a0660f1387211b4fff,CeCrGaTiO6,6347029f660f1387211b4ffd,blind_test,higher_energy_0.10_0.15,a-a-a-,6.0,rocksalt,rocksalt,R3,native Glazer generator v1,163.27292765074517,0.03698123125767406,1.8897547332002904,0.0012230154758036127,1.8876417254810496,step4/candidates/634702a0660f1387211b4fff_p05.cif
634702a0660f1387211b4fff_p06,634702a0660f1387211b4fff,CeCrGaTiO6,6347029f660f1387211b4ffd,blind_test,higher_energy_0.10_0.15,a-a-a-,12.0,rocksalt,rocksalt,R3,native Glazer generator v1,147.904586383159,0.2746014830978207,1.9454732536665842,0.009419470492172668,1.929304434184344,step4/candidates/634702a0660f1387211b4fff_p06.cif
634702a0660f1387211b4fff_p07,634702a0660f1387211b4fff,CeCrGaTiO6,6347029f660f1387211b4ffd,blind_test,higher_energy_0.10_0.15,a-a-c+,6.0,rocksalt,rocksalt,Pc,native Glazer generator v1,163.24273266697267,0.02142787492289226,1.889827940845614,0.0012208339497611065,1.8876417254810496,step4/candidates/634702a0660f1387211b4fff_p07.cif
634702a0660f1387211b4fff_p08,634702a0660f1387211b4fff,CeCrGaTiO6,6347029f660f1387211b4ffd,blind_test,higher_energy_0.10_0.15,a-a-c+,12.0,rocksalt,rocksalt,Pc,native Glazer generator v1,147.68037821939575,0.159961601095675,1.9465682213265951,0.00935678380659212,1.929304434184344,step4/candidates/634702a0660f1387211b4fff_p08.cif
634702a0660f1387211b4fff_p09,634702a0660f1387211b4fff,CeCrGaTiO6,6347029f660f1387211b4ffd,blind_test,higher_energy_0.10_0.15,a0a0c+,6.0,rocksalt,rocksalt,P-4n2,native Glazer generator v1,172.04350774306178,5.62608962933928,1.8764482079125429,0.004801903415171295,1.8696572909776017,step4/candidates/634702a0660f1387211b4fff_p09.cif
634702a0660f1387211b4fff_p10,634702a0660f1387211b4fff,CeCrGaTiO6,6347029f660f1387211b4ffd,blind_test,higher_energy_0.10_0.15,a0a0c+,12.0,rocksalt,rocksalt,P-4n2,native Glazer generator v1,164.33982190699302,11.073418124154236,1.896312343049703,0.018847968073063187,1.8696572909776017,step4/candidates/634702a0660f1387211b4fff_p10.cif
634702a0660f1387211b4fff_p11,634702a0660f1387211b4fff,CeCrGaTiO6,6347029f660f1387211b4ffd,blind_test,higher_energy_0.10_0.15,a0a0a0_ordering_control,0.0,layered,rocksalt,P4/nmm,native Glazer generator v1,180.0,0.0,1.869657290977602,1.4475537224895361e-15,1.8696572909776017,step4/candidates/634702a0660f1387211b4fff_p11.cif
63470d9b660f1387211b9e1d_p01,63470d9b660f1387211b9e1d,BiNaGeNiO6,63470d9b660f1387211b9e1c,blind_test,higher_energy_0.10_0.15,original,original,original,original,Pc,MP parent,163.15506190081211,0.03485367957181518,1.9099955920998937,0.012085458194290351,1.897779013883361,step4/candidates/63470d9b660f1387211b9e1d_p01.cif
63470d9b660f1387211b9e1d_p02,63470d9b660f1387211b9e1d,BiNaGeNiO6,63470d9b660f1387211b9e1c,blind_test,higher_energy_0.10_0.15,a0a0a0,0.0,rocksalt,rocksalt,F-43m,native Glazer generator v1,180.0,0.0,1.8893594948386383,0.0,1.8893594948386383,step4/candidates/63470d9b660f1387211b9e1d_p02.cif
63470d9b660f1387211b9e1d_p03,63470d9b660f1387211b9e1d,BiNaGeNiO6,63470d9b660f1387211b9e1c,blind_test,higher_energy_0.10_0.15,a0a0c-,6.0,rocksalt,rocksalt,I-4,native Glazer generator v1,172.04350774306172,5.62608962933929,1.8962219735675514,0.004852505244962867,1.8893594948386383,step4/candidates/63470d9b660f1387211b9e1d_p03.cif
63470d9b660f1387211b9e1d_p04,63470d9b660f1387211b9e1d,BiNaGeNiO6,63470d9b660f1387211b9e1c,blind_test,higher_energy_0.10_0.15,a0a0c-,12.0,rocksalt,rocksalt,I-4,native Glazer generator v1,164.33982190699305,11.073418124154221,1.9162954343612817,0.01904658549409196,1.8893594948386383,step4/candidates/63470d9b660f1387211b9e1d_p04.cif
63470d9b660f1387211b9e1d_p05,63470d9b660f1387211b9e1d,BiNaGeNiO6,63470d9b660f1387211b9e1c,blind_test,higher_energy_0.10_0.15,a-a-a-,6.0,rocksalt,rocksalt,R3,native Glazer generator v1,163.27292765074517,0.03698123125764358,1.909668721277433,0.001235903452838339,1.9075334469593643,step4/candidates/63470d9b660f1387211b9e1d_p05.cif
63470d9b660f1387211b9e1d_p06,63470d9b660f1387211b9e1d,BiNaGeNiO6,63470d9b660f1387211b9e1c,blind_test,higher_energy_0.10_0.15,a-a-a-,12.0,rocksalt,rocksalt,R3,native Glazer generator v1,147.90458638315906,0.2746014830978236,1.9659743962208378,0.009518731639546819,1.9496351918348147,step4/candidates/63470d9b660f1387211b9e1d_p06.cif
63470d9b660f1387211b9e1d_p07,63470d9b660f1387211b9e1d,BiNaGeNiO6,63470d9b660f1387211b9e1c,blind_test,higher_energy_0.10_0.15,a-a-c+,6.0,rocksalt,rocksalt,Pc,native Glazer generator v1,163.24273266697273,0.021427874922870484,1.9097427003753424,0.0012336989381598635,1.9075334469593643,step4/candidates/63470d9b660f1387211b9e1d_p07.cif
63470d9b660f1387211b9e1d_p08,63470d9b660f1387211b9e1d,BiNaGeNiO6,63470d9b660f1387211b9e1c,blind_test,higher_energy_0.10_0.15,a-a-c+,12.0,rocksalt,rocksalt,Pc,native Glazer generator v1,147.6803782193958,0.15996160109568086,1.9670809025067584,0.00945538436987709,1.9496351918348147,step4/candidates/63470d9b660f1387211b9e1d_p08.cif
63470d9b660f1387211b9e1d_p09,63470d9b660f1387211b9e1d,BiNaGeNiO6,63470d9b660f1387211b9e1c,blind_test,higher_energy_0.10_0.15,a0a0c+,6.0,rocksalt,rocksalt,P-4n2,native Glazer generator v1,172.04350774306172,5.62608962933929,1.8962219735675514,0.004852505244962867,1.8893594948386383,step4/candidates/63470d9b660f1387211b9e1d_p09.cif
63470d9b660f1387211b9e1d_p10,63470d9b660f1387211b9e1d,BiNaGeNiO6,63470d9b660f1387211b9e1c,blind_test,higher_energy_0.10_0.15,a0a0c+,12.0,rocksalt,rocksalt,P-4n2,native Glazer generator v1,164.33982190699308,11.073418124154221,1.9162954343612817,0.019046585494091956,1.8893594948386383,step4/candidates/63470d9b660f1387211b9e1d_p10.cif
63470d9b660f1387211b9e1d_p11,63470d9b660f1387211b9e1d,BiNaGeNiO6,63470d9b660f1387211b9e1c,blind_test,higher_energy_0.10_0.15,a0a0a0_ordering_control,0.0,layered,rocksalt,P4/nmm,native Glazer generator v1,180.0,0.0,1.8893594948386383,0.0,1.8893594948386383,step4/candidates/63470d9b660f1387211b9e1d_p11.cif
63470d1b660f1387211b9a71_p01,63470d1b660f1387211b9a71,Pr2GaNiO6,63470d1b660f1387211b9a70,blind_test,near_stable_0.05_0.10,original,original,original,original,P2_1/c,MP parent,154.52093857547757,0.147418613840911,1.996451203473313,0.010002281603076509,1.9861940839290833,step4/candidates/63470d1b660f1387211b9a71_p01.cif
63470d1b660f1387211b9a71_p02,63470d1b660f1387211b9a71,Pr2GaNiO6,63470d1b660f1387211b9a70,blind_test,near_stable_0.05_0.10,a0a0a0,0.0,rocksalt,rocksalt,Fm-3m,native Glazer generator v1,180.0,0.0,1.9470949502794597,9.805224261780596e-16,1.9470949502794594,step4/candidates/63470d1b660f1387211b9a71_p02.cif
63470d1b660f1387211b9a71_p03,63470d1b660f1387211b9a71,Pr2GaNiO6,63470d1b660f1387211b9a70,blind_test,near_stable_0.05_0.10,a0a0c-,6.0,rocksalt,rocksalt,I4/m,native Glazer generator v1,172.04350774306172,5.626089629339295,1.9541671341152884,0.005000789148112214,1.9470949502794594,step4/candidates/63470d1b660f1387211b9a71_p03.cif
63470d1b660f1387211b9a71_p04,63470d1b660f1387211b9a71,Pr2GaNiO6,63470d1b660f1387211b9a70,blind_test,near_stable_0.05_0.10,a0a0c-,12.0,rocksalt,rocksalt,I4/m,native Glazer generator v1,164.33982190699305,11.073418124154239,1.9748540040587148,0.01962861516663345,1.9470949502794594,step4/candidates/63470d1b660f1387211b9a71_p04.cif
63470d1b660f1387211b9a71_p05,63470d1b660f1387211b9a71,Pr2GaNiO6,63470d1b660f1387211b9a70,blind_test,near_stable_0.05_0.10,a-a-a-,6.0,rocksalt,rocksalt,R-3,native Glazer generator v1,163.27292765074517,0.03698123125765955,1.968024790445445,0.0012736704574375214,1.9658242659536624,step4/candidates/63470d1b660f1387211b9a71_p05.cif
63470d1b660f1387211b9a71_p06,63470d1b660f1387211b9a71,Pr2GaNiO6,63470d1b660f1387211b9a70,blind_test,near_stable_0.05_0.10,a-a-a-,12.0,rocksalt,rocksalt,R-3,native Glazer generator v1,147.904586383159,0.2746014830978221,2.026051066362694,0.009809607096509876,2.0092125650406745,step4/candidates/63470d1b660f1387211b9a71_p06.cif
63470d1b660f1387211b9a71_p07,63470d1b660f1387211b9a71,Pr2GaNiO6,63470d1b660f1387211b9a70,blind_test,near_stable_0.05_0.10,a-a-c+,6.0,rocksalt,rocksalt,P2_1/c,native Glazer generator v1,163.24273266697267,0.02142787492288221,1.9681010302126039,0.0012713985767234643,1.9658242659536624,step4/candidates/63470d1b660f1387211b9a71_p07.cif
63470d1b660f1387211b9a71_p08,63470d1b660f1387211b9a71,Pr2GaNiO6,63470d1b660f1387211b9a70,blind_test,near_stable_0.05_0.10,a-a-c+,12.0,rocksalt,rocksalt,P2_1/c,native Glazer generator v1,147.68037821939575,0.15996160109567167,2.0271913855066437,0.009744324047294077,2.0092125650406745,step4/candidates/63470d1b660f1387211b9a71_p08.cif
63470d1b660f1387211b9a71_p09,63470d1b660f1387211b9a71,Pr2GaNiO6,63470d1b660f1387211b9a70,blind_test,near_stable_0.05_0.10,a0a0c+,6.0,rocksalt,rocksalt,P4/mnc,native Glazer generator v1,172.04350774306172,5.626089629339295,1.9541671341152884,0.005000789148112214,1.9470949502794594,step4/candidates/63470d1b660f1387211b9a71_p09.cif
63470d1b660f1387211b9a71_p10,63470d1b660f1387211b9a71,Pr2GaNiO6,63470d1b660f1387211b9a70,blind_test,near_stable_0.05_0.10,a0a0c+,12.0,rocksalt,rocksalt,P4/mnc,native Glazer generator v1,164.33982190699302,11.073418124154239,1.9748540040587148,0.01962861516663345,1.9470949502794594,step4/candidates/63470d1b660f1387211b9a71_p10.cif
63470d1b660f1387211b9a71_p11,63470d1b660f1387211b9a71,Pr2GaNiO6,63470d1b660f1387211b9a70,blind_test,near_stable_0.05_0.10,a0a0a0_ordering_control,0.0,rocksalt,layered,P4/mmm,native Glazer generator v1,180.0,0.0,1.9470949502794597,9.805224261780596e-16,1.9470949502794594,step4/candidates/63470d1b660f1387211b9a71_p11.cif
6347162a103349a28b1be8fb_p01,6347162a103349a28b1be8fb,EuZnCrSbO6,63471629103349a28b1be8f9,blind_test,near_stable_0.05_0.10,original,original,original,original,P-1,MP parent,155.64048994183483,0.2228998955043522,2.033953774569545,0.20654912117792562,1.8265924770065924,step4/candidates/6347162a103349a28b1be8fb_p01.cif
6347162a103349a28b1be8fb_p02,6347162a103349a28b1be8fb,EuZnCrSbO6,63471629103349a28b1be8f9,blind_test,near_stable_0.05_0.10,a0a0a0,0.0,rocksalt,rocksalt,F-43m,native Glazer generator v1,180.0,0.0,1.9884709072630835,8.005932084973442e-16,1.9884709072630833,step4/candidates/6347162a103349a28b1be8fb_p02.cif
6347162a103349a28b1be8fb_p03,6347162a103349a28b1be8fb,EuZnCrSbO6,63471629103349a28b1be8f9,blind_test,near_stable_0.05_0.10,a0a0c-,6.0,rocksalt,rocksalt,I-4,native Glazer generator v1,172.04350774306172,5.626089629339306,1.995693375692958,0.0051070564036699686,1.9884709072630833,step4/candidates/6347162a103349a28b1be8fb_p03.cif
6347162a103349a28b1be8fb_p04,6347162a103349a28b1be8fb,EuZnCrSbO6,63471629103349a28b1be8f9,blind_test,near_stable_0.05_0.10,a0a0c-,12.0,rocksalt,rocksalt,I-4,native Glazer generator v1,164.33982190699302,11.073418124154255,2.016819843633792,0.020045725147154088,1.9884709072630833,step4/candidates/6347162a103349a28b1be8fb_p04.cif
6347162a103349a28b1be8fb_p05,6347162a103349a28b1be8fb,EuZnCrSbO6,63471629103349a28b1be8f9,blind_test,near_stable_0.05_0.10,a-a-a-,6.0,rocksalt,rocksalt,R3,native Glazer generator v1,163.27292765074517,0.036981231257662416,2.0098455085673264,0.0013007360784800062,2.0075982227161653,step4/candidates/6347162a103349a28b1be8fb_p05.cif
6347162a103349a28b1be8fb_p06,6347162a103349a28b1be8fb,EuZnCrSbO6,63471629103349a28b1be8f9,blind_test,near_stable_0.05_0.10,a-a-a-,12.0,rocksalt,rocksalt,R3,native Glazer generator v1,147.904586383159,0.2746014830978352,2.069104848488941,0.010018062200968837,2.051908527376844,step4/candidates/6347162a103349a28b1be8fb_p06.cif
6347162a103349a28b1be8fb_p07,6347162a103349a28b1be8fb,EuZnCrSbO6,63471629103349a28b1be8f9,blind_test,near_stable_0.05_0.10,a-a-c+,6.0,rocksalt,rocksalt,Pc,native Glazer generator v1,163.2427326669727,0.021427874922864625,2.009923368436949,0.0012984159200799144,2.0075982227161653,step4/candidates/6347162a103349a28b1be8fb_p07.cif
6347162a103349a28b1be8fb_p08,6347162a103349a28b1be8fb,EuZnCrSbO6,63471629103349a28b1be8f9,blind_test,near_stable_0.05_0.10,a-a-c+,12.0,rocksalt,rocksalt,Pc,native Glazer generator v1,147.68037821939575,0.15996160109567584,2.0702693995255577,0.009951391880610554,2.051908527376844,step4/candidates/6347162a103349a28b1be8fb_p08.cif
6347162a103349a28b1be8fb_p09,6347162a103349a28b1be8fb,EuZnCrSbO6,63471629103349a28b1be8f9,blind_test,near_stable_0.05_0.10,a0a0c+,6.0,rocksalt,rocksalt,P-4n2,native Glazer generator v1,172.04350774306172,5.626089629339306,1.995693375692958,0.0051070564036699686,1.9884709072630833,step4/candidates/6347162a103349a28b1be8fb_p09.cif
6347162a103349a28b1be8fb_p10,6347162a103349a28b1be8fb,EuZnCrSbO6,63471629103349a28b1be8f9,blind_test,near_stable_0.05_0.10,a0a0c+,12.0,rocksalt,rocksalt,P-4n2,native Glazer generator v1,164.33982190699302,11.073418124154255,2.016819843633792,0.020045725147154088,1.9884709072630833,step4/candidates/6347162a103349a28b1be8fb_p10.cif
6347162a103349a28b1be8fb_p11,6347162a103349a28b1be8fb,EuZnCrSbO6,63471629103349a28b1be8f9,blind_test,near_stable_0.05_0.10,a0a0a0_ordering_control,0.0,layered,rocksalt,P4/nmm,native Glazer generator v1,180.0,0.0,1.9884709072630835,8.005932084973442e-16,1.9884709072630833,step4/candidates/6347162a103349a28b1be8fb_p11.cif
634702f6103349a28b1b525c_p01,634702f6103349a28b1b525c,SmTbAlCrO6,634702f5103349a28b1b525a,blind_test,stable_positive_control_le_0.03,original,original,original,original,Pc,MP parent,142.6960979090289,0.5920378902889115,2.0066890055096116,0.13023961154129024,1.8739777281466068,step4/candidates/634702f6103349a28b1b525c_p01.cif
634702f6103349a28b1b525c_p02,634702f6103349a28b1b525c,SmTbAlCrO6,634702f5103349a28b1b525a,blind_test,stable_positive_control_le_0.03,a0a0a0,0.0,rocksalt,rocksalt,F-43m,native Glazer generator v1,180.0,0.0,1.9007436110815743,1.4130832128153975e-15,1.9007436110815732,step4/candidates/634702f6103349a28b1b525c_p02.cif
634702f6103349a28b1b525c_p03,634702f6103349a28b1b525c,SmTbAlCrO6,634702f5103349a28b1b525a,blind_test,stable_positive_control_le_0.03,a0a0c-,6.0,rocksalt,rocksalt,I-4,native Glazer generator v1,172.04350774306178,5.62608962933928,1.9076474388791944,0.004881743451841472,1.9007436110815732,step4/candidates/634702f6103349a28b1b525c_p03.cif
634702f6103349a28b1b525c_p04,634702f6103349a28b1b525c,SmTbAlCrO6,634702f5103349a28b1b525a,blind_test,stable_positive_control_le_0.03,a0a0c-,12.0,rocksalt,rocksalt,I-4,native Glazer generator v1,164.33982190699302,11.073418124154243,1.927841849979999,0.019161348483289195,1.9007436110815732,step4/candidates/634702f6103349a28b1b525c_p04.cif
634702f6103349a28b1b525c_p05,634702f6103349a28b1b525c,SmTbAlCrO6,634702f5103349a28b1b525a,blind_test,stable_positive_control_le_0.03,a-a-a-,6.0,rocksalt,rocksalt,R3,native Glazer generator v1,163.27292765074517,0.036981231257662436,1.9211752084059601,0.00124335024557981,1.9190270682404367,step4/candidates/634702f6103349a28b1b525c_p05.cif
634702f6103349a28b1b525c_p06,634702f6103349a28b1b525c,SmTbAlCrO6,634702f5103349a28b1b525a,blind_test,stable_positive_control_le_0.03,a-a-a-,12.0,rocksalt,rocksalt,R3,native Glazer generator v1,147.904586383159,0.27460148309782645,1.9778201466554985,0.009576085651722296,1.961382492290762,step4/candidates/634702f6103349a28b1b525c_p06.cif
634702f6103349a28b1b525c_p07,634702f6103349a28b1b525c,SmTbAlCrO6,634702f5103349a28b1b525a,blind_test,stable_positive_control_le_0.03,a-a-c+,6.0,rocksalt,rocksalt,Pc,native Glazer generator v1,163.24273266697267,0.02142787492287551,1.9212496332563338,0.0012411324478541535,1.9190270682404365,step4/candidates/634702f6103349a28b1b525c_p07.cif
634702f6103349a28b1b525c_p08,634702f6103349a28b1b525c,SmTbAlCrO6,634702f5103349a28b1b525a,blind_test,stable_positive_control_le_0.03,a-a-c+,12.0,rocksalt,rocksalt,Pc,native Glazer generator v1,147.68037821939578,0.15996160109566832,1.9789333200665562,0.009512356690435075,1.961382492290762,step4/candidates/634702f6103349a28b1b525c_p08.cif
634702f6103349a28b1b525c_p09,634702f6103349a28b1b525c,SmTbAlCrO6,634702f5103349a28b1b525a,blind_test,stable_positive_control_le_0.03,a0a0c+,6.0,rocksalt,rocksalt,P-4n2,native Glazer generator v1,172.04350774306178,5.62608962933928,1.9076474388791944,0.004881743451841473,1.9007436110815732,step4/candidates/634702f6103349a28b1b525c_p09.cif
634702f6103349a28b1b525c_p10,634702f6103349a28b1b525c,SmTbAlCrO6,634702f5103349a28b1b525a,blind_test,stable_positive_control_le_0.03,a0a0c+,12.0,rocksalt,rocksalt,P-4n2,native Glazer generator v1,164.33982190699302,11.073418124154243,1.927841849979999,0.019161348483289195,1.9007436110815732,step4/candidates/634702f6103349a28b1b525c_p10.cif
634702f6103349a28b1b525c_p11,634702f6103349a28b1b525c,SmTbAlCrO6,634702f5103349a28b1b525a,blind_test,stable_positive_control_le_0.03,a0a0a0_ordering_control,0.0,layered,rocksalt,P4/nmm,native Glazer generator v1,180.0,0.0,1.9007436110815743,1.4130832128153975e-15,1.9007436110815732,step4/candidates/634702f6103349a28b1b525c_p11.cif
634710d8103349a28b1bbd8b_p01,634710d8103349a28b1bbd8b,DyEuCrWO6,634710d8103349a28b1bbd87,blind_test,stable_positive_control_le_0.03,original,original,original,original,P-1,MP parent,157.99322730490374,0.10996869301466744,2.0267351383995247,0.10987130146696396,1.916593114775985,step4/candidates/634710d8103349a28b1bbd8b_p01.cif
634710d8103349a28b1bbd8b_p02,634710d8103349a28b1bbd8b,DyEuCrWO6,634710d8103349a28b1bbd87,blind_test,stable_positive_control_le_0.03,a0a0a0,0.0,rocksalt,rocksalt,F-43m,native Glazer generator v1,180.0,0.0,1.9894686726673718,5.874748045952207e-16,1.9894686726673712,step4/candidates/634710d8103349a28b1bbd8b_p02.cif
634710d8103349a28b1bbd8b_p03,634710d8103349a28b1bbd8b,DyEuCrWO6,634710d8103349a28b1bbd87,blind_test,stable_positive_control_le_0.03,a0a0c-,6.0,rocksalt,rocksalt,I-4,native Glazer generator v1,172.0435077430618,5.626089629339272,1.9966947651528486,0.005109618997962103,1.9894686726673712,step4/candidates/634710d8103349a28b1bbd8b_p03.cif
634710d8103349a28b1bbd8b_p04,634710d8103349a28b1bbd8b,DyEuCrWO6,634710d8103349a28b1bbd87,blind_test,stable_positive_control_le_0.03,a0a0c-,12.0,rocksalt,rocksalt,I-4,native Glazer generator v1,164.33982190699302,11.073418124154255,2.0178318338315413,0.02005578359507133,1.9894686726673712,step4/candidates/634710d8103349a28b1bbd8b_p04.cif
634710d8103349a28b1bbd8b_p05,634710d8103349a28b1bbd8b,DyEuCrWO6,634710d8103349a28b1bbd87,blind_test,stable_positive_control_le_0.03,a-a-a-,6.0,rocksalt,rocksalt,R3,native Glazer generator v1,163.27292765074517,0.03698123125763634,2.0108539992166428,0.001301388755597569,2.008605585733155,step4/candidates/634710d8103349a28b1bbd8b_p05.cif
634710d8103349a28b1bbd8b_p06,634710d8103349a28b1bbd8b,DyEuCrWO6,634710d8103349a28b1bbd87,blind_test,stable_positive_control_le_0.03,a-a-a-,12.0,rocksalt,rocksalt,R3,native Glazer generator v1,147.904586383159,0.27460148309782645,2.0701430740059084,0.01002308901621941,2.0529381242061984,step4/candidates/634710d8103349a28b1bbd8b_p06.cif
634710d8103349a28b1bbd8b_p07,634710d8103349a28b1bbd8b,DyEuCrWO6,634710d8103349a28b1bbd87,blind_test,stable_positive_control_le_0.03,a-a-c+,6.0,rocksalt,rocksalt,Pc,native Glazer generator v1,163.24273266697273,0.021427874922862113,2.0109318981544178,0.001299067432999525,2.0086055857331555,step4/candidates/634710d8103349a28b1bbd8b_p07.cif
634710d8103349a28b1bbd8b_p08,634710d8103349a28b1bbd8b,DyEuCrWO6,634710d8103349a28b1bbd87,blind_test,stable_positive_control_le_0.03,a-a-c+,12.0,rocksalt,rocksalt,Pc,native Glazer generator v1,147.68037821939575,0.15996160109566496,2.0713082093853643,0.009956385242347229,2.0529381242061984,step4/candidates/634710d8103349a28b1bbd8b_p08.cif
634710d8103349a28b1bbd8b_p09,634710d8103349a28b1bbd8b,DyEuCrWO6,634710d8103349a28b1bbd87,blind_test,stable_positive_control_le_0.03,a0a0c+,6.0,rocksalt,rocksalt,P-4n2,native Glazer generator v1,172.0435077430618,5.626089629339272,1.9966947651528486,0.005109618997962104,1.9894686726673712,step4/candidates/634710d8103349a28b1bbd8b_p09.cif
634710d8103349a28b1bbd8b_p10,634710d8103349a28b1bbd8b,DyEuCrWO6,634710d8103349a28b1bbd87,blind_test,stable_positive_control_le_0.03,a0a0c+,12.0,rocksalt,rocksalt,P-4n2,native Glazer generator v1,164.33982190699302,11.073418124154255,2.0178318338315413,0.02005578359507133,1.9894686726673712,step4/candidates/634710d8103349a28b1bbd8b_p10.cif
634710d8103349a28b1bbd8b_p11,634710d8103349a28b1bbd8b,DyEuCrWO6,634710d8103349a28b1bbd87,blind_test,stable_positive_control_le_0.03,a0a0a0_ordering_control,0.0,layered,rocksalt,P4/nmm,native Glazer generator v1,180.0,0.0,1.9894686726673718,5.874748045952207e-16,1.9894686726673712,step4/candidates/634710d8103349a28b1bbd8b_p11.cif
63470181660f1387211b4738_p01,63470181660f1387211b4738,CeSmGaPrO6,63470180660f1387211b4736,blind_test,unstable_negative_control_gt_0.20,original,original,original,original,P-1,MP parent,136.4596442383349,1.028513711549062,2.191179814454816,0.2046992413623831,1.9787791441994063,step4/candidates/63470181660f1387211b4738_p01.cif
63470181660f1387211b4738_p02,63470181660f1387211b4738,CeSmGaPrO6,63470180660f1387211b4736,blind_test,unstable_negative_control_gt_0.20,a0a0a0,0.0,rocksalt,rocksalt,F-43m,native Glazer generator v1,180.0,0.0,2.034220756001146,9.930136612989092e-16,2.0342207560011447,step4/candidates/63470181660f1387211b4738_p02.cif
63470181660f1387211b4738_p03,63470181660f1387211b4738,CeSmGaPrO6,63470180660f1387211b4736,blind_test,unstable_negative_control_gt_0.20,a0a0c-,6.0,rocksalt,rocksalt,I-4,native Glazer generator v1,172.04350774306178,5.62608962933928,2.0416093957523986,0.005224557271855192,2.0342207560011447,step4/candidates/63470181660f1387211b4738_p03.cif
63470181660f1387211b4738_p04,63470181660f1387211b4738,CeSmGaPrO6,63470180660f1387211b4736,blind_test,unstable_negative_control_gt_0.20,a0a0c-,12.0,rocksalt,rocksalt,I-4,native Glazer generator v1,164.33982190699302,11.073418124154243,2.0632219320129317,0.020506928220318132,2.0342207560011447,step4/candidates/63470181660f1387211b4738_p04.cif
63470181660f1387211b4738_p05,63470181660f1387211b4738,CeSmGaPrO6,63470180660f1387211b4736,blind_test,unstable_negative_control_gt_0.20,a-a-a-,6.0,rocksalt,rocksalt,R3,native Glazer generator v1,163.27292765074517,0.03698123125764648,2.056087134566466,0.0013306628320581349,2.0537881441681654,step4/candidates/63470181660f1387211b4738_p05.cif
63470181660f1387211b4738_p06,63470181660f1387211b4738,CeSmGaPrO6,63470180660f1387211b4736,blind_test,unstable_negative_control_gt_0.20,a-a-a-,12.0,rocksalt,rocksalt,R3,native Glazer generator v1,147.904586383159,0.27460148309782506,2.1167098868607885,0.010248553292726073,2.0991179204883785,step4/candidates/63470181660f1387211b4738_p06.cif
63470181660f1387211b4738_p07,63470181660f1387211b4738,CeSmGaPrO6,63470180660f1387211b4736,blind_test,unstable_negative_control_gt_0.20,a-a-c+,6.0,rocksalt,rocksalt,Pc,native Glazer generator v1,163.24273266697267,0.021427874922862952,2.0561667858011248,0.00132828929249191,2.0537881441681654,step4/candidates/63470181660f1387211b4738_p07.cif
63470181660f1387211b4738_p08,63470181660f1387211b4738,CeSmGaPrO6,63470180660f1387211b4736,blind_test,unstable_negative_control_gt_0.20,a-a-c+,12.0,rocksalt,rocksalt,Pc,native Glazer generator v1,147.68037821939575,0.15996160109567584,2.1179012313664862,0.010180349051473817,2.0991179204883785,step4/candidates/63470181660f1387211b4738_p08.cif
63470181660f1387211b4738_p09,63470181660f1387211b4738,CeSmGaPrO6,63470180660f1387211b4736,blind_test,unstable_negative_control_gt_0.20,a0a0c+,6.0,rocksalt,rocksalt,P-4n2,native Glazer generator v1,172.04350774306178,5.62608962933928,2.0416093957523986,0.005224557271855192,2.0342207560011447,step4/candidates/63470181660f1387211b4738_p09.cif
63470181660f1387211b4738_p10,63470181660f1387211b4738,CeSmGaPrO6,63470180660f1387211b4736,blind_test,unstable_negative_control_gt_0.20,a0a0c+,12.0,rocksalt,rocksalt,P-4n2,native Glazer generator v1,164.33982190699302,11.073418124154243,2.0632219320129312,0.020506928220318132,2.0342207560011447,step4/candidates/63470181660f1387211b4738_p10.cif
63470181660f1387211b4738_p11,63470181660f1387211b4738,CeSmGaPrO6,63470180660f1387211b4736,blind_test,unstable_negative_control_gt_0.20,a0a0a0_ordering_control,0.0,layered,rocksalt,P4/nmm,native Glazer generator v1,180.0,0.0,2.034220756001146,9.930136612989092e-16,2.0342207560011447,step4/candidates/63470181660f1387211b4738_p11.cif
634708f4103349a28b1b8016_p01,634708f4103349a28b1b8016,BaYCuTiO6,634708f4103349a28b1b8013,blind_test,unstable_negative_control_gt_0.20,original,original,original,original,F-43m,MP parent,180.0,0.0,1.9782415,0.013452042199999995,1.9647894577999994,step4/candidates/634708f4103349a28b1b8016_p01.cif
634708f4103349a28b1b8016_p02,634708f4103349a28b1b8016,BaYCuTiO6,634708f4103349a28b1b8013,blind_test,unstable_negative_control_gt_0.20,a0a0a0,0.0,rocksalt,rocksalt,F-43m,native Glazer generator v1,180.0,0.0,1.9782415,3.8459253727671276e-16,1.9782414999999993,step4/candidates/634708f4103349a28b1b8016_p02.cif
634708f4103349a28b1b8016_p03,634708f4103349a28b1b8016,BaYCuTiO6,634708f4103349a28b1b8013,blind_test,unstable_negative_control_gt_0.20,a0a0c-,6.0,rocksalt,rocksalt,I-4,native Glazer generator v1,172.04350774306172,5.626089629339297,1.985426813462837,0.005080783874523101,1.9782414999999993,step4/candidates/634708f4103349a28b1b8016_p03.cif
634708f4103349a28b1b8016_p04,634708f4103349a28b1b8016,BaYCuTiO6,634708f4103349a28b1b8013,blind_test,unstable_negative_control_gt_0.20,a0a0c-,12.0,rocksalt,rocksalt,I-4,native Glazer generator v1,164.33982190699302,11.073418124154243,2.0064445992782205,0.01994260275010751,1.9782414999999993,step4/candidates/634708f4103349a28b1b8016_p04.cif
634708f4103349a28b1b8016_p05,634708f4103349a28b1b8016,BaYCuTiO6,634708f4103349a28b1b8013,blind_test,unstable_negative_control_gt_0.20,a-a-a-,6.0,rocksalt,rocksalt,R3,native Glazer generator v1,163.27292765074523,0.03698123125765524,1.9995061426918088,0.001294044625746274,1.9972704176847746,step4/candidates/634708f4103349a28b1b8016_p05.cif
634708f4103349a28b1b8016_p06,634708f4103349a28b1b8016,BaYCuTiO6,634708f4103349a28b1b8013,blind_test,unstable_negative_control_gt_0.20,a-a-a-,12.0,rocksalt,rocksalt,R3,native Glazer generator v1,147.90458638315903,0.2746014830978265,2.058460631322925,0.009966525697283403,2.0413527742519357,step4/candidates/634708f4103349a28b1b8016_p06.cif
634708f4103349a28b1b8016_p07,634708f4103349a28b1b8016,BaYCuTiO6,634708f4103349a28b1b8013,blind_test,unstable_negative_control_gt_0.20,a-a-c+,6.0,rocksalt,rocksalt,Pc,native Glazer generator v1,163.24273266697273,0.02142787492291068,1.9995836020223479,0.0012917364030728348,1.9972704176847746,step4/candidates/634708f4103349a28b1b8016_p07.cif
634708f4103349a28b1b8016_p08,634708f4103349a28b1b8016,BaYCuTiO6,634708f4103349a28b1b8013,blind_test,unstable_negative_control_gt_0.20,a-a-c+,12.0,rocksalt,rocksalt,Pc,native Glazer generator v1,147.6803782193958,0.15996160109567584,2.0596191914914885,0.00990019835295601,2.0413527742519357,step4/candidates/634708f4103349a28b1b8016_p08.cif
634708f4103349a28b1b8016_p09,634708f4103349a28b1b8016,BaYCuTiO6,634708f4103349a28b1b8013,blind_test,unstable_negative_control_gt_0.20,a0a0c+,6.0,rocksalt,rocksalt,P-4n2,native Glazer generator v1,172.04350774306172,5.626089629339297,1.985426813462837,0.005080783874523101,1.9782414999999993,step4/candidates/634708f4103349a28b1b8016_p09.cif
634708f4103349a28b1b8016_p10,634708f4103349a28b1b8016,BaYCuTiO6,634708f4103349a28b1b8013,blind_test,unstable_negative_control_gt_0.20,a0a0c+,12.0,rocksalt,rocksalt,P-4n2,native Glazer generator v1,164.33982190699302,11.073418124154243,2.0064445992782205,0.01994260275010751,1.9782414999999993,step4/candidates/634708f4103349a28b1b8016_p10.cif
634708f4103349a28b1b8016_p11,634708f4103349a28b1b8016,BaYCuTiO6,634708f4103349a28b1b8013,blind_test,unstable_negative_control_gt_0.20,a0a0a0_ordering_control,0.0,layered,rocksalt,P4/nmm,native Glazer generator v1,180.0,0.0,1.9782415,3.8459253727671276e-16,1.9782414999999993,step4/candidates/634708f4103349a28b1b8016_p11.cif
634713d2103349a28b1bd72e_p01,634713d2103349a28b1bd72e,CrEuAlSbO6,634713d2103349a28b1bd72b,development,high_uncertainty,original,original,original,original,Cm,MP parent,176.28470515117098,0.6496020542349424,1.9288980969254144,0.05292462744481672,1.875831966532011,step4/candidates/634713d2103349a28b1bd72e_p01.cif
634713d2103349a28b1bd72e_p02,634713d2103349a28b1bd72e,CrEuAlSbO6,634713d2103349a28b1bd72b,development,high_uncertainty,a0a0a0,0.0,rocksalt,rocksalt,F-43m,native Glazer generator v1,180.0,0.0,1.9278538970813983,0.0,1.9278538970813983,step4/candidates/634713d2103349a28b1bd72e_p02.cif
634713d2103349a28b1bd72e_p03,634713d2103349a28b1bd72e,CrEuAlSbO6,634713d2103349a28b1bd72b,development,high_uncertainty,a0a0c-,6.0,rocksalt,rocksalt,I-4,native Glazer generator v1,172.04350774306178,5.62608962933928,1.9348561941017983,0.004951371707007253,1.9278538970813983,step4/candidates/634713d2103349a28b1bd72e_p03.cif
634713d2103349a28b1bd72e_p04,634713d2103349a28b1bd72e,CrEuAlSbO6,634713d2103349a28b1bd72b,development,high_uncertainty,a0a0c-,12.0,rocksalt,rocksalt,I-4,native Glazer generator v1,164.33982190699302,11.073418124154243,1.9553386378743156,0.0194346465938264,1.9278538970813983,step4/candidates/634713d2103349a28b1bd72e_p04.cif
634713d2103349a28b1bd72e_p05,634713d2103349a28b1bd72e,CrEuAlSbO6,634713d2103349a28b1bd72b,development,high_uncertainty,a-a-a-,6.0,rocksalt,rocksalt,R3,native Glazer generator v1,163.27292765074517,0.03698123125764648,1.9485769100620924,0.001261084136968258,1.9463981309961327,step4/candidates/634713d2103349a28b1bd72e_p05.cif
634713d2103349a28b1bd72e_p06,634713d2103349a28b1bd72e,CrEuAlSbO6,634713d2103349a28b1bd72b,development,high_uncertainty,a-a-a-,12.0,rocksalt,rocksalt,R3,native Glazer generator v1,147.904586383159,0.274601483097825,2.0060297744661284,0.009712669259981413,1.9893576700112294,step4/candidates/634713d2103349a28b1bd72e_p06.cif
634713d2103349a28b1bd72e_p07,634713d2103349a28b1bd72e,CrEuAlSbO6,634713d2103349a28b1bd72b,development,high_uncertainty,a-a-c+,6.0,rocksalt,rocksalt,Pc,native Glazer generator v1,163.24273266697273,0.02142787492286546,1.9486523964333191,0.0012588347068171132,1.9463981309961327,step4/candidates/634713d2103349a28b1bd72e_p07.cif
634713d2103349a28b1bd72e_p08,634713d2103349a28b1bd72e,CrEuAlSbO6,634713d2103349a28b1bd72b,development,high_uncertainty,a-a-c+,12.0,rocksalt,rocksalt,Pc,native Glazer generator v1,147.68037821939578,0.1599616010956725,2.0071588250577617,0.009648031333194109,1.9893576700112294,step4/candidates/634713d2103349a28b1bd72e_p08.cif
634713d2103349a28b1bd72e_p09,634713d2103349a28b1bd72e,CrEuAlSbO6,634713d2103349a28b1bd72b,development,high_uncertainty,a0a0c+,6.0,rocksalt,rocksalt,P-4n2,native Glazer generator v1,172.04350774306178,5.62608962933928,1.9348561941017983,0.004951371707007253,1.9278538970813983,step4/candidates/634713d2103349a28b1bd72e_p09.cif
634713d2103349a28b1bd72e_p10,634713d2103349a28b1bd72e,CrEuAlSbO6,634713d2103349a28b1bd72b,development,high_uncertainty,a0a0c+,12.0,rocksalt,rocksalt,P-4n2,native Glazer generator v1,164.33982190699302,11.073418124154243,1.9553386378743156,0.0194346465938264,1.9278538970813983,step4/candidates/634713d2103349a28b1bd72e_p10.cif
634713d2103349a28b1bd72e_p11,634713d2103349a28b1bd72e,CrEuAlSbO6,634713d2103349a28b1bd72b,development,high_uncertainty,a0a0a0_ordering_control,0.0,layered,rocksalt,P4/nmm,native Glazer generator v1,180.0,0.0,1.9278538970813983,0.0,1.9278538970813983,step4/candidates/634713d2103349a28b1bd72e_p11.cif
634d89f7d6d16c71eb0d3b4f_p01,634d89f7d6d16c71eb0d3b4f,BaSnTbTiO6,634d89f6d6d16c71eb0d3b4e,development,high_uncertainty,original,original,original,original,Cm,MP parent,175.8106707944702,0.7303463051117648,2.055311086603398,0.09099489243167101,1.964010456062434,step4/candidates/634d89f7d6d16c71eb0d3b4f_p01.cif
634d89f7d6d16c71eb0d3b4f_p02,634d89f7d6d16c71eb0d3b4f,BaSnTbTiO6,634d89f6d6d16c71eb0d3b4e,development,high_uncertainty,a0a0a0,0.0,rocksalt,rocksalt,F-43m,native Glazer generator v1,180.0,0.0,2.0538983021597814,9.42055475210265e-16,2.05389830215978,step4/candidates/634d89f7d6d16c71eb0d3b4f_p02.cif
634d89f7d6d16c71eb0d3b4f_p03,634d89f7d6d16c71eb0d3b4f,BaSnTbTiO6,634d89f6d6d16c71eb0d3b4e,development,high_uncertainty,a0a0c-,6.0,rocksalt,rocksalt,I-4,native Glazer generator v1,172.04350774306172,5.626089629339293,2.061358414143989,0.0052750957724443,2.05389830215978,step4/candidates/634d89f7d6d16c71eb0d3b4f_p03.cif
634d89f7d6d16c71eb0d3b4f_p04,634d89f7d6d16c71eb0d3b4f,BaSnTbTiO6,634d89f6d6d16c71eb0d3b4e,development,high_uncertainty,a0a0c-,12.0,rocksalt,rocksalt,I-4,native Glazer generator v1,164.33982190699302,11.07341812415427,2.083180014085844,0.020705297067669957,2.05389830215978,step4/candidates/634d89f7d6d16c71eb0d3b4f_p04.cif
634d89f7d6d16c71eb0d3b4f_p05,634d89f7d6d16c71eb0d3b4f,BaSnTbTiO6,634d89f6d6d16c71eb0d3b4e,development,high_uncertainty,a-a-a-,6.0,rocksalt,rocksalt,R3,native Glazer generator v1,163.27292765074515,0.036981231257652285,2.0759761998890234,0.0013435346795320998,2.0736549707589886,step4/candidates/634d89f7d6d16c71eb0d3b4f_p05.cif
634d89f7d6d16c71eb0d3b4f_p06,634d89f7d6d16c71eb0d3b4f,BaSnTbTiO6,634d89f6d6d16c71eb0d3b4e,development,high_uncertainty,a-a-a-,12.0,rocksalt,rocksalt,R3,native Glazer generator v1,147.904586383159,0.2746014830978395,2.1371853718248794,0.010347690212788571,2.119423233788803,step4/candidates/634d89f7d6d16c71eb0d3b4f_p06.cif
634d89f7d6d16c71eb0d3b4f_p07,634d89f7d6d16c71eb0d3b4f,BaSnTbTiO6,634d89f6d6d16c71eb0d3b4e,development,high_uncertainty,a-a-c+,6.0,rocksalt,rocksalt,Pc,native Glazer generator v1,163.24273266697267,0.021427874922867136,2.0760566216107796,0.0013411381801007212,2.073654970758988,step4/candidates/634d89f7d6d16c71eb0d3b4f_p07.cif
634d89f7d6d16c71eb0d3b4f_p08,634d89f7d6d16c71eb0d3b4f,BaSnTbTiO6,634d89f6d6d16c71eb0d3b4e,development,high_uncertainty,a-a-c+,12.0,rocksalt,rocksalt,Pc,native Glazer generator v1,147.68037821939575,0.15996160109566745,2.138388240515665,0.010278826214181276,2.119423233788803,step4/candidates/634d89f7d6d16c71eb0d3b4f_p08.cif
634d89f7d6d16c71eb0d3b4f_p09,634d89f7d6d16c71eb0d3b4f,BaSnTbTiO6,634d89f6d6d16c71eb0d3b4e,development,high_uncertainty,a0a0c+,6.0,rocksalt,rocksalt,P-4n2,native Glazer generator v1,172.04350774306172,5.626089629339293,2.061358414143989,0.0052750957724443,2.05389830215978,step4/candidates/634d89f7d6d16c71eb0d3b4f_p09.cif
634d89f7d6d16c71eb0d3b4f_p10,634d89f7d6d16c71eb0d3b4f,BaSnTbTiO6,634d89f6d6d16c71eb0d3b4e,development,high_uncertainty,a0a0c+,12.0,rocksalt,rocksalt,P-4n2,native Glazer generator v1,164.33982190699302,11.07341812415427,2.083180014085844,0.020705297067669957,2.05389830215978,step4/candidates/634d89f7d6d16c71eb0d3b4f_p10.cif
634d89f7d6d16c71eb0d3b4f_p11,634d89f7d6d16c71eb0d3b4f,BaSnTbTiO6,634d89f6d6d16c71eb0d3b4e,development,high_uncertainty,a0a0a0_ordering_control,0.0,layered,rocksalt,P4/nmm,native Glazer generator v1,180.0,0.0,2.0538983021597814,9.42055475210265e-16,2.05389830215978,step4/candidates/634d89f7d6d16c71eb0d3b4f_p11.cif
634d927ed6d16c71eb0d5bc7_p01,634d927ed6d16c71eb0d5bc7,BiLaCoMnO6,634d927ed6d16c71eb0d5bc6,development,high_uncertainty,original,original,original,original,Pc,MP parent,134.30148130316226,0.9295049784844676,2.14768925891669,0.049396903997553816,2.0965273839863463,step4/candidates/634d927ed6d16c71eb0d5bc7_p01.cif
634d927ed6d16c71eb0d5bc7_p02,634d927ed6d16c71eb0d5bc7,BiLaCoMnO6,634d927ed6d16c71eb0d5bc6,development,high_uncertainty,a0a0a0,0.0,rocksalt,rocksalt,F-43m,native Glazer generator v1,180.0,0.0,1.9767294735748049,2.7194799110210365e-16,1.9767294735748049,step4/candidates/634d927ed6d16c71eb0d5bc7_p02.cif
634d927ed6d16c71eb0d5bc7_p03,634d927ed6d16c71eb0d5bc7,BiLaCoMnO6,634d927ed6d16c71eb0d5bc6,development,high_uncertainty,a0a0c-,6.0,rocksalt,rocksalt,I-4,native Glazer generator v1,172.04350774306172,5.62608962933929,1.983909295097538,0.0050769004864337055,1.9767294735748049,step4/candidates/634d927ed6d16c71eb0d5bc7_p03.cif
634d927ed6d16c71eb0d5bc7_p04,634d927ed6d16c71eb0d5bc7,BiLaCoMnO6,634d927ed6d16c71eb0d5bc6,development,high_uncertainty,a0a0c-,12.0,rocksalt,rocksalt,I-4,native Glazer generator v1,164.33982190699302,11.073418124154239,2.004911016419506,0.01992736004978742,1.9767294735748049,step4/candidates/634d927ed6d16c71eb0d5bc7_p04.cif
634d927ed6d16c71eb0d5bc7_p05,634d927ed6d16c71eb0d5bc7,BiLaCoMnO6,634d927ed6d16c71eb0d5bc6,development,high_uncertainty,a-a-a-,6.0,rocksalt,rocksalt,R3,native Glazer generator v1,163.27292765074517,0.03698123125764943,1.9979778630934442,0.001293055550514862,1.995743846914826,step4/candidates/634d927ed6d16c71eb0d5bc7_p05.cif
634d927ed6d16c71eb0d5bc7_p06,634d927ed6d16c71eb0d5bc7,BiLaCoMnO6,634d927ed6d16c71eb0d5bc6,development,high_uncertainty,a-a-a-,12.0,rocksalt,rocksalt,R3,native Glazer generator v1,147.904586383159,0.2746014830978294,2.056887291126703,0.009958907997310163,2.039792510079026,step4/candidates/634d927ed6d16c71eb0d5bc7_p06.cif
634d927ed6d16c71eb0d5bc7_p07,634d927ed6d16c71eb0d5bc7,BiLaCoMnO6,634d927ed6d16c71eb0d5bc6,development,high_uncertainty,a-a-c+,6.0,rocksalt,rocksalt,Pc,native Glazer generator v1,163.24273266697273,0.021427874922896446,1.9980552632196062,0.0012907490920818624,1.995743846914826,step4/candidates/634d927ed6d16c71eb0d5bc7_p07.cif
634d927ed6d16c71eb0d5bc7_p08,634d927ed6d16c71eb0d5bc7,BiLaCoMnO6,634d927ed6d16c71eb0d5bc6,development,high_uncertainty,a-a-c+,12.0,rocksalt,rocksalt,Pc,native Glazer generator v1,147.68037821939575,0.1599616010956725,2.058044965774672,0.009892631348864585,2.0397925100790264,step4/candidates/634d927ed6d16c71eb0d5bc7_p08.cif
634d927ed6d16c71eb0d5bc7_p09,634d927ed6d16c71eb0d5bc7,BiLaCoMnO6,634d927ed6d16c71eb0d5bc6,development,high_uncertainty,a0a0c+,6.0,rocksalt,rocksalt,P-4n2,native Glazer generator v1,172.04350774306172,5.62608962933929,1.983909295097538,0.0050769004864337055,1.9767294735748049,step4/candidates/634d927ed6d16c71eb0d5bc7_p09.cif
634d927ed6d16c71eb0d5bc7_p10,634d927ed6d16c71eb0d5bc7,BiLaCoMnO6,634d927ed6d16c71eb0d5bc6,development,high_uncertainty,a0a0c+,12.0,rocksalt,rocksalt,P-4n2,native Glazer generator v1,164.33982190699302,11.073418124154239,2.004911016419506,0.01992736004978742,1.9767294735748049,step4/candidates/634d927ed6d16c71eb0d5bc7_p10.cif
634d927ed6d16c71eb0d5bc7_p11,634d927ed6d16c71eb0d5bc7,BiLaCoMnO6,634d927ed6d16c71eb0d5bc6,development,high_uncertainty,a0a0a0_ordering_control,0.0,layered,rocksalt,P4/nmm,native Glazer generator v1,180.0,0.0,1.9767294735748049,2.7194799110210365e-16,1.9767294735748049,step4/candidates/634d927ed6d16c71eb0d5bc7_p11.cif
634d979cd6d16c71eb0d7795_p01,634d979cd6d16c71eb0d7795,SmKSeYO6,634d979cd6d16c71eb0d7794,development,high_uncertainty,original,original,original,original,F-43m,MP parent,180.0,0.0,2.0317285,0.24380742000000022,1.7879210799999994,step4/candidates/634d979cd6d16c71eb0d7795_p01.cif
634d979cd6d16c71eb0d7795_p02,634d979cd6d16c71eb0d7795,SmKSeYO6,634d979cd6d16c71eb0d7794,development,high_uncertainty,a0a0a0,0.0,rocksalt,rocksalt,F-43m,native Glazer generator v1,180.0,0.0,2.0317285,0.0,2.0317285,step4/candidates/634d979cd6d16c71eb0d7795_p02.cif
634d979cd6d16c71eb0d7795_p03,634d979cd6d16c71eb0d7795,SmKSeYO6,634d979cd6d16c71eb0d7794,development,high_uncertainty,a0a0c-,6.0,rocksalt,rocksalt,I-4,native Glazer generator v1,172.04350774306172,5.626089629339293,2.039108087448691,0.005218156327328627,2.0317285,step4/candidates/634d979cd6d16c71eb0d7795_p03.cif
634d979cd6d16c71eb0d7795_p04,634d979cd6d16c71eb0d7795,SmKSeYO6,634d979cd6d16c71eb0d7794,development,high_uncertainty,a0a0c-,12.0,rocksalt,rocksalt,I-4,native Glazer generator v1,164.33982190699302,11.07341812415425,2.060694144786994,0.020481803850324595,2.0317285,step4/candidates/634d979cd6d16c71eb0d7795_p04.cif
634d979cd6d16c71eb0d7795_p05,634d979cd6d16c71eb0d7795,SmKSeYO6,634d979cd6d16c71eb0d7794,development,high_uncertainty,a-a-a-,6.0,rocksalt,rocksalt,R3,native Glazer generator v1,163.27292765074517,0.036981231257660986,2.053568088644392,0.0013290325505762055,2.051271914888582,step4/candidates/634d979cd6d16c71eb0d7795_p05.cif
634d979cd6d16c71eb0d7795_p06,634d979cd6d16c71eb0d7795,SmKSeYO6,634d979cd6d16c71eb0d7794,development,high_uncertainty,a-a-a-,12.0,rocksalt,rocksalt,R3,native Glazer generator v1,147.904586383159,0.2746014830978279,2.114116568066527,0.010235997124290795,2.096546154754981,step4/candidates/634d979cd6d16c71eb0d7795_p06.cif
634d979cd6d16c71eb0d7795_p07,634d979cd6d16c71eb0d7795,SmKSeYO6,634d979cd6d16c71eb0d7794,development,high_uncertainty,a-a-c+,6.0,rocksalt,rocksalt,Pc,native Glazer generator v1,163.24273266697267,0.02142787492285709,2.0536476422931487,0.0013266619189874747,2.0512719148885825,step4/candidates/634d979cd6d16c71eb0d7795_p07.cif
634d979cd6d16c71eb0d7795_p08,634d979cd6d16c71eb0d7795,SmKSeYO6,634d979cd6d16c71eb0d7794,development,high_uncertainty,a-a-c+,12.0,rocksalt,rocksalt,Pc,native Glazer generator v1,147.68037821939575,0.15996160109566745,2.1153064529786754,0.010167876444485406,2.096546154754981,step4/candidates/634d979cd6d16c71eb0d7795_p08.cif
634d979cd6d16c71eb0d7795_p09,634d979cd6d16c71eb0d7795,SmKSeYO6,634d979cd6d16c71eb0d7794,development,high_uncertainty,a0a0c+,6.0,rocksalt,rocksalt,P-4n2,native Glazer generator v1,172.04350774306172,5.626089629339293,2.039108087448691,0.005218156327328627,2.0317285,step4/candidates/634d979cd6d16c71eb0d7795_p09.cif
634d979cd6d16c71eb0d7795_p10,634d979cd6d16c71eb0d7795,SmKSeYO6,634d979cd6d16c71eb0d7794,development,high_uncertainty,a0a0c+,12.0,rocksalt,rocksalt,P-4n2,native Glazer generator v1,164.33982190699302,11.07341812415425,2.060694144786994,0.020481803850324595,2.0317285,step4/candidates/634d979cd6d16c71eb0d7795_p10.cif
634d979cd6d16c71eb0d7795_p11,634d979cd6d16c71eb0d7795,SmKSeYO6,634d979cd6d16c71eb0d7794,development,high_uncertainty,a0a0a0_ordering_control,0.0,layered,rocksalt,P4/nmm,native Glazer generator v1,180.0,0.0,2.0317285,0.0,2.0317285,step4/candidates/634d979cd6d16c71eb0d7795_p11.cif
634704d5103349a28b1b6118_p01,634704d5103349a28b1b6118,Gd2FeMgO6,634704d5103349a28b1b6115,development,higher_energy_0.10_0.15,original,original,original,original,P2_1/c,MP parent,147.22518482777767,0.3666642306467228,2.0128430799272787,0.08687202038861117,1.9248513541229568,step4/candidates/634704d5103349a28b1b6118_p01.cif
634704d5103349a28b1b6118_p02,634704d5103349a28b1b6118,Gd2FeMgO6,634704d5103349a28b1b6115,development,higher_energy_0.10_0.15,a0a0a0,0.0,rocksalt,rocksalt,Fm-3m,native Glazer generator v1,180.0,0.0,1.930636303685948,1.5700924586837752e-16,1.9306363036859477,step4/candidates/634704d5103349a28b1b6118_p02.cif
634704d5103349a28b1b6118_p03,634704d5103349a28b1b6118,Gd2FeMgO6,634704d5103349a28b1b6115,development,higher_energy_0.10_0.15,a0a0c-,6.0,rocksalt,rocksalt,I4/m,native Glazer generator v1,172.04350774306172,5.626089629339283,1.9376487068858186,0.004958517855042682,1.9306363036859477,step4/candidates/634704d5103349a28b1b6118_p03.cif
634704d5103349a28b1b6118_p04,634704d5103349a28b1b6118,Gd2FeMgO6,634704d5103349a28b1b6115,development,higher_energy_0.10_0.15,a0a0c-,12.0,rocksalt,rocksalt,I4/m,native Glazer generator v1,164.33982190699302,11.073418124154236,1.9581607122796374,0.019462695964746927,1.9306363036859477,step4/candidates/634704d5103349a28b1b6118_p04.cif
634704d5103349a28b1b6118_p05,634704d5103349a28b1b6118,Gd2FeMgO6,634704d5103349a28b1b6115,development,higher_energy_0.10_0.15,a-a-a-,6.0,rocksalt,rocksalt,R-3,native Glazer generator v1,163.27292765074517,0.03698123125764512,1.95138922549338,0.0012629042172329994,1.9492073018689693,step4/candidates/634704d5103349a28b1b6118_p05.cif
634704d5103349a28b1b6118_p06,634704d5103349a28b1b6118,Gd2FeMgO6,634704d5103349a28b1b6115,development,higher_energy_0.10_0.15,a-a-a-,12.0,rocksalt,rocksalt,R-3,native Glazer generator v1,147.904586383159,0.27460148309781773,2.008925009681747,0.009726687228426838,1.9922288429399617,step4/candidates/634704d5103349a28b1b6118_p06.cif
634704d5103349a28b1b6118_p07,634704d5103349a28b1b6118,Gd2FeMgO6,634704d5103349a28b1b6115,development,higher_energy_0.10_0.15,a-a-c+,6.0,rocksalt,rocksalt,P2_1/c,native Glazer generator v1,163.24273266697267,0.021427874922905658,1.951464820811544,0.0012606515405550757,1.9492073018689693,step4/candidates/634704d5103349a28b1b6118_p07.cif
634704d5103349a28b1b6118_p08,634704d5103349a28b1b6118,Gd2FeMgO6,634704d5103349a28b1b6115,development,higher_energy_0.10_0.15,a-a-c+,12.0,rocksalt,rocksalt,P2_1/c,native Glazer generator v1,147.68037821939575,0.15996160109566662,2.010055689794076,0.009661956011896627,1.9922288429399617,step4/candidates/634704d5103349a28b1b6118_p08.cif
634704d5103349a28b1b6118_p09,634704d5103349a28b1b6118,Gd2FeMgO6,634704d5103349a28b1b6115,development,higher_energy_0.10_0.15,a0a0c+,6.0,rocksalt,rocksalt,P4/mnc,native Glazer generator v1,172.04350774306172,5.626089629339283,1.9376487068858186,0.004958517855042682,1.9306363036859477,step4/candidates/634704d5103349a28b1b6118_p09.cif
634704d5103349a28b1b6118_p10,634704d5103349a28b1b6118,Gd2FeMgO6,634704d5103349a28b1b6115,development,higher_energy_0.10_0.15,a0a0c+,12.0,rocksalt,rocksalt,P4/mnc,native Glazer generator v1,164.33982190699302,11.073418124154236,1.9581607122796374,0.019462695964746923,1.9306363036859477,step4/candidates/634704d5103349a28b1b6118_p10.cif
634704d5103349a28b1b6118_p11,634704d5103349a28b1b6118,Gd2FeMgO6,634704d5103349a28b1b6115,development,higher_energy_0.10_0.15,a0a0a0_ordering_control,0.0,rocksalt,layered,P4/mmm,native Glazer generator v1,180.0,0.0,1.930636303685948,1.5700924586837752e-16,1.9306363036859477,step4/candidates/634704d5103349a28b1b6118_p11.cif
63470f75660f1387211bab33_p01,63470f75660f1387211bab33,EuGdSbWO6,63470f75660f1387211bab32,development,higher_energy_0.10_0.15,original,original,original,original,Pc,MP parent,146.3315511399411,0.3423978997355366,2.1205455537806044,0.11968122664436096,1.9998546362049332,step4/candidates/63470f75660f1387211bab33_p01.cif
63470f75660f1387211bab33_p02,63470f75660f1387211bab33,EuGdSbWO6,63470f75660f1387211bab32,development,higher_energy_0.10_0.15,a0a0a0,0.0,rocksalt,rocksalt,F-43m,native Glazer generator v1,180.0,0.0,2.0292730797379175,7.021666937153402e-16,2.0292730797379175,step4/candidates/63470f75660f1387211bab33_p02.cif
63470f75660f1387211bab33_p03,63470f75660f1387211bab33,EuGdSbWO6,63470f75660f1387211bab32,development,higher_energy_0.10_0.15,a0a0c-,6.0,rocksalt,rocksalt,I-4,native Glazer generator v1,172.04350774306178,5.626089629339273,2.0366437486777884,0.005211849989263847,2.0292730797379175,step4/candidates/63470f75660f1387211bab33_p03.cif
63470f75660f1387211bab33_p04,63470f75660f1387211bab33,EuGdSbWO6,63470f75660f1387211bab32,development,higher_energy_0.10_0.15,a0a0c-,12.0,rocksalt,rocksalt,I-4,native Glazer generator v1,164.33982190699302,11.073418124154257,2.058203718454409,0.020457050820489178,2.0292730797379175,step4/candidates/63470f75660f1387211bab33_p04.cif
63470f75660f1387211bab33_p05,63470f75660f1387211bab33,EuGdSbWO6,63470f75660f1387211bab32,development,higher_energy_0.10_0.15,a-a-a-,6.0,rocksalt,rocksalt,R3,native Glazer generator v1,163.27292765074517,0.036981231257620435,2.051086274418514,0.0013274263647825616,2.048792875674997,step4/candidates/63470f75660f1387211bab33_p05.cif
63470f75660f1387211bab33_p06,63470f75660f1387211bab33,EuGdSbWO6,63470f75660f1387211bab32,development,higher_energy_0.10_0.15,a-a-a-,12.0,rocksalt,rocksalt,R3,native Glazer generator v1,147.90458638315906,0.27460148309781635,2.111561578727334,0.01022362653700932,2.0940123999207216,step4/candidates/63470f75660f1387211bab33_p06.cif
63470f75660f1387211bab33_p07,63470f75660f1387211bab33,EuGdSbWO6,63470f75660f1387211bab32,development,higher_energy_0.10_0.15,a-a-c+,6.0,rocksalt,rocksalt,Pc,native Glazer generator v1,163.24273266697273,0.021427874922883883,2.0511657319236956,0.0013250585981912377,2.048792875674997,step4/candidates/63470f75660f1387211bab33_p07.cif
63470f75660f1387211bab33_p08,63470f75660f1387211bab33,EuGdSbWO6,63470f75660f1387211bab32,development,higher_energy_0.10_0.15,a-a-c+,12.0,rocksalt,rocksalt,Pc,native Glazer generator v1,147.6803782193958,0.15996160109568003,2.11275002561884,0.01015558818360605,2.0940123999207216,step4/candidates/63470f75660f1387211bab33_p08.cif
63470f75660f1387211bab33_p09,63470f75660f1387211bab33,EuGdSbWO6,63470f75660f1387211bab32,development,higher_energy_0.10_0.15,a0a0c+,6.0,rocksalt,rocksalt,P-4n2,native Glazer generator v1,172.04350774306172,5.626089629339273,2.0366437486777884,0.005211849989263847,2.0292730797379175,step4/candidates/63470f75660f1387211bab33_p09.cif
63470f75660f1387211bab33_p10,63470f75660f1387211bab33,EuGdSbWO6,63470f75660f1387211bab32,development,higher_energy_0.10_0.15,a0a0c+,12.0,rocksalt,rocksalt,P-4n2,native Glazer generator v1,164.33982190699302,11.073418124154257,2.058203718454409,0.020457050820489178,2.0292730797379175,step4/candidates/63470f75660f1387211bab33_p10.cif
63470f75660f1387211bab33_p11,63470f75660f1387211bab33,EuGdSbWO6,63470f75660f1387211bab32,development,higher_energy_0.10_0.15,a0a0a0_ordering_control,0.0,layered,rocksalt,P4/nmm,native Glazer generator v1,180.0,0.0,2.0292730797379175,7.021666937153402e-16,2.0292730797379175,step4/candidates/63470f75660f1387211bab33_p11.cif
634d94da49b0ce94eb0d8187_p01,634d94da49b0ce94eb0d8187,BaSrNi2O6,634d94d949b0ce94eb0d8184,development,higher_energy_0.10_0.15,original,original,original,original,P4/mmm,MP parent,180.0,0.0,1.921919083333333,2.0034692133802437e-06,1.9219162499999998,step4/candidates/634d94da49b0ce94eb0d8187_p01.cif
634d94da49b0ce94eb0d8187_p02,634d94da49b0ce94eb0d8187,BaSrNi2O6,634d94d949b0ce94eb0d8184,development,higher_energy_0.10_0.15,a0a0a0,0.0,rocksalt,rocksalt,Fm-3m,native Glazer generator v1,180.0,0.0,1.9219190833322888,4.1540741810552243e-16,1.9219190833322886,step4/candidates/634d94da49b0ce94eb0d8187_p02.cif
634d94da49b0ce94eb0d8187_p03,634d94da49b0ce94eb0d8187,BaSrNi2O6,634d94d949b0ce94eb0d8184,development,higher_energy_0.10_0.15,a0a0c-,6.0,rocksalt,rocksalt,I-42m,native Glazer generator v1,172.04350774306172,5.626089629339295,1.9288998240881323,0.004936129126162259,1.9219190833322886,step4/candidates/634d94da49b0ce94eb0d8187_p03.cif
634d94da49b0ce94eb0d8187_p04,634d94da49b0ce94eb0d8187,BaSrNi2O6,634d94d949b0ce94eb0d8184,development,higher_energy_0.10_0.15,a0a0c-,12.0,rocksalt,rocksalt,I-42m,native Glazer generator v1,164.33982190699302,11.073418124154246,1.9493192135549782,0.019374817885858084,1.9219190833322886,step4/candidates/634d94da49b0ce94eb0d8187_p04.cif
634d94da49b0ce94eb0d8187_p05,634d94da49b0ce94eb0d8187,BaSrNi2O6,634d94d949b0ce94eb0d8184,development,higher_energy_0.10_0.15,a-a-a-,6.0,rocksalt,rocksalt,R32,native Glazer generator v1,163.27292765074517,0.03698123125765084,1.942578301425545,0.0012572019447095822,1.9404062296354714,step4/candidates/634d94da49b0ce94eb0d8187_p05.cif
634d94da49b0ce94eb0d8187_p06,634d94da49b0ce94eb0d8187,BaSrNi2O6,634d94d949b0ce94eb0d8184,development,higher_energy_0.10_0.15,a-a-a-,12.0,rocksalt,rocksalt,R32,native Glazer generator v1,147.904586383159,0.2746014830978323,1.999854299703934,0.00968276923324603,1.9832335195920752,step4/candidates/634d94da49b0ce94eb0d8187_p06.cif
634d94da49b0ce94eb0d8187_p07,634d94da49b0ce94eb0d8187,BaSrNi2O6,634d94d949b0ce94eb0d8184,development,higher_energy_0.10_0.15,a-a-c+,6.0,rocksalt,rocksalt,Pmn2_1,native Glazer generator v1,163.24273266697267,0.021427874922880535,1.9426535554152855,0.0012549594393305892,1.9404062296354714,step4/candidates/634d94da49b0ce94eb0d8187_p07.cif
634d94da49b0ce94eb0d8187_p08,634d94da49b0ce94eb0d8187,BaSrNi2O6,634d94d949b0ce94eb0d8184,development,higher_energy_0.10_0.15,a-a-c+,12.0,rocksalt,rocksalt,Pmn2_1,native Glazer generator v1,147.68037821939575,0.15996160109567417,2.000979874562793,0.009618330291484074,1.9832335195920752,step4/candidates/634d94da49b0ce94eb0d8187_p08.cif
634d94da49b0ce94eb0d8187_p09,634d94da49b0ce94eb0d8187,BaSrNi2O6,634d94d949b0ce94eb0d8184,development,higher_energy_0.10_0.15,a0a0c+,6.0,rocksalt,rocksalt,P4_2/mnm,native Glazer generator v1,172.04350774306172,5.626089629339295,1.9288998240881323,0.0049361291261622595,1.9219190833322886,step4/candidates/634d94da49b0ce94eb0d8187_p09.cif
634d94da49b0ce94eb0d8187_p10,634d94da49b0ce94eb0d8187,BaSrNi2O6,634d94d949b0ce94eb0d8184,development,higher_energy_0.10_0.15,a0a0c+,12.0,rocksalt,rocksalt,P4_2/mnm,native Glazer generator v1,164.33982190699302,11.073418124154246,1.949319213554978,0.019374817885858084,1.9219190833322886,step4/candidates/634d94da49b0ce94eb0d8187_p10.cif
634d94da49b0ce94eb0d8187_p11,634d94da49b0ce94eb0d8187,BaSrNi2O6,634d94d949b0ce94eb0d8184,development,higher_energy_0.10_0.15,a0a0a0_ordering_control,0.0,layered,rocksalt,P4/mmm,native Glazer generator v1,180.0,0.0,1.9219190833322888,4.1540741810552243e-16,1.9219190833322886,step4/candidates/634d94da49b0ce94eb0d8187_p11.cif
634d96e049b0ce94eb0d945f_p01,634d96e049b0ce94eb0d945f,EuHfLiNiO6,634d96e049b0ce94eb0d945b,development,higher_energy_0.10_0.15,original,original,original,original,Pc,MP parent,139.20215789915878,0.6069470476256525,2.0250547356780593,0.1037691909046943,1.9191754345338314,step4/candidates/634d96e049b0ce94eb0d945f_p01.cif
634d96e049b0ce94eb0d945f_p02,634d96e049b0ce94eb0d945f,EuHfLiNiO6,634d96e049b0ce94eb0d945b,development,higher_energy_0.10_0.15,a0a0a0,0.0,rocksalt,rocksalt,F-43m,native Glazer generator v1,180.0,0.0,1.8969274007608874,2.7194799110210365e-16,1.896927400760887,step4/candidates/634d96e049b0ce94eb0d945f_p02.cif
634d96e049b0ce94eb0d945f_p03,634d96e049b0ce94eb0d945f,EuHfLiNiO6,634d96e049b0ce94eb0d945b,development,higher_energy_0.10_0.15,a0a0c-,6.0,rocksalt,rocksalt,I-4,native Glazer generator v1,172.04350774306172,5.626089629339293,1.9038173674260854,0.004871942151110949,1.896927400760887,step4/candidates/634d96e049b0ce94eb0d945f_p03.cif
634d96e049b0ce94eb0d945f_p04,634d96e049b0ce94eb0d945f,EuHfLiNiO6,634d96e049b0ce94eb0d945b,development,higher_energy_0.10_0.15,a0a0c-,12.0,rocksalt,rocksalt,I-4,native Glazer generator v1,164.33982190699302,11.073418124154243,1.9239712332794336,0.019122877363137166,1.896927400760887,step4/candidates/634d96e049b0ce94eb0d945f_p04.cif
634d96e049b0ce94eb0d945f_p05,634d96e049b0ce94eb0d945f,EuHfLiNiO6,634d96e049b0ce94eb0d945b,development,higher_energy_0.10_0.15,a-a-a-,6.0,rocksalt,rocksalt,R3,native Glazer generator v1,163.27292765074517,0.036981231257663894,1.9173179766281325,0.001240853914138028,1.9151741493823642,step4/candidates/634d96e049b0ce94eb0d945f_p05.cif
634d96e049b0ce94eb0d945f_p06,634d96e049b0ce94eb0d945f,EuHfLiNiO6,634d96e049b0ce94eb0d945b,development,higher_energy_0.10_0.15,a-a-a-,12.0,rocksalt,rocksalt,R3,native Glazer generator v1,147.904586383159,0.27460148309781773,1.973849186231312,0.009556859304369288,1.957444534500843,step4/candidates/634d96e049b0ce94eb0d945f_p06.cif
634d96e049b0ce94eb0d945f_p07,634d96e049b0ce94eb0d945f,EuHfLiNiO6,634d96e049b0ce94eb0d945b,development,higher_energy_0.10_0.15,a-a-c+,6.0,rocksalt,rocksalt,Pc,native Glazer generator v1,163.24273266697267,0.021427874922876348,1.9173922520523128,0.0012386405691868013,1.9151741493823642,step4/candidates/634d96e049b0ce94eb0d945f_p07.cif
634d96e049b0ce94eb0d945f_p08,634d96e049b0ce94eb0d945f,EuHfLiNiO6,634d96e049b0ce94eb0d945b,development,higher_energy_0.10_0.15,a-a-c+,12.0,rocksalt,rocksalt,Pc,native Glazer generator v1,147.68037821939575,0.15996160109566745,1.9749601246729427,0.009493258294647118,1.957444534500843,step4/candidates/634d96e049b0ce94eb0d945f_p08.cif
634d96e049b0ce94eb0d945f_p09,634d96e049b0ce94eb0d945f,EuHfLiNiO6,634d96e049b0ce94eb0d945b,development,higher_energy_0.10_0.15,a0a0c+,6.0,rocksalt,rocksalt,P-4n2,native Glazer generator v1,172.04350774306172,5.626089629339293,1.9038173674260854,0.004871942151110949,1.896927400760887,step4/candidates/634d96e049b0ce94eb0d945f_p09.cif
634d96e049b0ce94eb0d945f_p10,634d96e049b0ce94eb0d945f,EuHfLiNiO6,634d96e049b0ce94eb0d945b,development,higher_energy_0.10_0.15,a0a0c+,12.0,rocksalt,rocksalt,P-4n2,native Glazer generator v1,164.33982190699302,11.073418124154243,1.923971233279433,0.019122877363137166,1.896927400760887,step4/candidates/634d96e049b0ce94eb0d945f_p10.cif
634d96e049b0ce94eb0d945f_p11,634d96e049b0ce94eb0d945f,EuHfLiNiO6,634d96e049b0ce94eb0d945b,development,higher_energy_0.10_0.15,a0a0a0_ordering_control,0.0,layered,rocksalt,P4/nmm,native Glazer generator v1,180.0,0.0,1.8969274007608874,2.7194799110210365e-16,1.896927400760887,step4/candidates/634d96e049b0ce94eb0d945f_p11.cif
634701f2660f1387211b4aba_p01,634701f2660f1387211b4aba,MgNbCu2O6,634701f1660f1387211b4ab7,development,near_stable_0.05_0.10,original,original,original,original,Pmn2_1,MP parent,132.0398229411044,1.0122708424301101,1.9914742150876574,2.2899070387606756e-05,1.9914497340949735,step4/candidates/634701f2660f1387211b4aba_p01.cif
634701f2660f1387211b4aba_p02,634701f2660f1387211b4aba,MgNbCu2O6,634701f1660f1387211b4ab7,development,near_stable_0.05_0.10,a0a0a0,0.0,rocksalt,rocksalt,Fm-3m,native Glazer generator v1,180.0,0.0,1.8167144247989448,3.8459253727671276e-16,1.8167144247989448,step4/candidates/634701f2660f1387211b4aba_p02.cif
634701f2660f1387211b4aba_p03,634701f2660f1387211b4aba,MgNbCu2O6,634701f1660f1387211b4ab7,development,near_stable_0.05_0.10,a0a0c-,6.0,rocksalt,rocksalt,I-42m,native Glazer generator v1,172.04350774306172,5.626089629339287,1.8233130441356835,0.00466592847947634,1.8167144247989448,step4/candidates/634701f2660f1387211b4aba_p03.cif
634701f2660f1387211b4aba_p04,634701f2660f1387211b4aba,MgNbCu2O6,634701f1660f1387211b4ab7,development,near_stable_0.05_0.10,a0a0c-,12.0,rocksalt,rocksalt,I-42m,native Glazer generator v1,164.33982190699302,11.073418124154243,1.8426146888884312,0.018314252372197963,1.8167144247989448,step4/candidates/634701f2660f1387211b4aba_p04.cif
634701f2660f1387211b4aba_p05,634701f2660f1387211b4aba,MgNbCu2O6,634701f1660f1387211b4ab7,development,near_stable_0.05_0.10,a-a-a-,6.0,rocksalt,rocksalt,R32,native Glazer generator v1,163.27292765074515,0.036981231257649405,1.8362427701078499,0.001188383490047809,1.8341895961803167,step4/candidates/634701f2660f1387211b4aba_p05.cif
634701f2660f1387211b4aba_p06,634701f2660f1387211b4aba,MgNbCu2O6,634701f1660f1387211b4ab7,development,near_stable_0.05_0.10,a-a-a-,12.0,rocksalt,rocksalt,R32,native Glazer generator v1,147.904586383159,0.2746014830978279,1.8903835157664524,0.009152740451246146,1.8746725468487229,step4/candidates/634701f2660f1387211b4aba_p06.cif
634701f2660f1387211b4aba_p07,634701f2660f1387211b4aba,MgNbCu2O6,634701f1660f1387211b4ab7,development,near_stable_0.05_0.10,a-a-c+,6.0,rocksalt,rocksalt,Pmn2_1,native Glazer generator v1,163.24273266697267,0.02142787492288137,1.8363139047408685,0.0011862637380223335,1.834189596180317,step4/candidates/634701f2660f1387211b4aba_p07.cif
634701f2660f1387211b4aba_p08,634701f2660f1387211b4aba,MgNbCu2O6,634701f1660f1387211b4ab7,development,near_stable_0.05_0.10,a-a-c+,12.0,rocksalt,rocksalt,Pmn2_1,native Glazer generator v1,147.68037821939575,0.15996160109566243,1.8914474773556857,0.00909182885718741,1.8746725468487226,step4/candidates/634701f2660f1387211b4aba_p08.cif
634701f2660f1387211b4aba_p09,634701f2660f1387211b4aba,MgNbCu2O6,634701f1660f1387211b4ab7,development,near_stable_0.05_0.10,a0a0c+,6.0,rocksalt,rocksalt,P4_2/mnm,native Glazer generator v1,172.04350774306172,5.626089629339287,1.8233130441356835,0.0046659284794763395,1.8167144247989448,step4/candidates/634701f2660f1387211b4aba_p09.cif
634701f2660f1387211b4aba_p10,634701f2660f1387211b4aba,MgNbCu2O6,634701f1660f1387211b4ab7,development,near_stable_0.05_0.10,a0a0c+,12.0,rocksalt,rocksalt,P4_2/mnm,native Glazer generator v1,164.33982190699302,11.073418124154243,1.8426146888884312,0.018314252372197963,1.8167144247989448,step4/candidates/634701f2660f1387211b4aba_p10.cif
634701f2660f1387211b4aba_p11,634701f2660f1387211b4aba,MgNbCu2O6,634701f1660f1387211b4ab7,development,near_stable_0.05_0.10,a0a0a0_ordering_control,0.0,layered,rocksalt,P4/mmm,native Glazer generator v1,180.0,0.0,1.8167144247989448,3.8459253727671276e-16,1.8167144247989448,step4/candidates/634701f2660f1387211b4aba_p11.cif
63470f25660f1387211ba8ff_p01,63470f25660f1387211ba8ff,GdInCoVO6,63470f25660f1387211ba8fd,development,near_stable_0.05_0.10,original,original,original,original,P-1,MP parent,142.62749759829043,0.45089600539897157,2.016100040900596,0.08235771875894252,1.9318621375542133,step4/candidates/63470f25660f1387211ba8ff_p01.cif
63470f25660f1387211ba8ff_p02,63470f25660f1387211ba8ff,GdInCoVO6,63470f25660f1387211ba8fd,development,near_stable_0.05_0.10,a0a0a0,0.0,rocksalt,rocksalt,F-43m,native Glazer generator v1,180.0,0.0,1.9089889265333746,1.1537776118301384e-15,1.908988926533374,step4/candidates/63470f25660f1387211ba8ff_p02.cif
63470f25660f1387211ba8ff_p03,63470f25660f1387211ba8ff,GdInCoVO6,63470f25660f1387211ba8fd,development,near_stable_0.05_0.10,a0a0c-,6.0,rocksalt,rocksalt,I-4,native Glazer generator v1,172.04350774306172,5.626089629339291,1.915922702735232,0.004902920171563457,1.908988926533374,step4/candidates/63470f25660f1387211ba8ff_p03.cif
63470f25660f1387211ba8ff_p04,63470f25660f1387211ba8ff,GdInCoVO6,63470f25660f1387211ba8fd,development,near_stable_0.05_0.10,a0a0c-,12.0,rocksalt,rocksalt,I-4,native Glazer generator v1,164.33982190699305,11.073418124154239,1.9362047160191604,0.019244469300744804,1.908988926533374,step4/candidates/63470f25660f1387211ba8ff_p04.cif
63470f25660f1387211ba8ff_p05,63470f25660f1387211ba8ff,GdInCoVO6,63470f25660f1387211ba8fd,development,near_stable_0.05_0.10,a-a-a-,6.0,rocksalt,rocksalt,R3,native Glazer generator v1,163.27292765074517,0.0369812312576523,1.929509154940954,0.0012487438267723427,1.927351696268086,step4/candidates/63470f25660f1387211ba8ff_p05.cif
63470f25660f1387211ba8ff_p06,63470f25660f1387211ba8ff,GdInCoVO6,63470f25660f1387211ba8fd,development,near_stable_0.05_0.10,a-a-a-,12.0,rocksalt,rocksalt,R3,native Glazer generator v1,147.90458638315903,0.2746014830978265,1.986399815644532,0.009617626155413356,1.9698908556893227,step4/candidates/63470f25660f1387211ba8ff_p06.cif
63470f25660f1387211ba8ff_p07,63470f25660f1387211ba8ff,GdInCoVO6,63470f25660f1387211ba8fd,development,near_stable_0.05_0.10,a-a-c+,6.0,rocksalt,rocksalt,Pc,native Glazer generator v1,163.24273266697267,0.021427874922895607,1.9295839026420083,0.0012465164083688626,1.927351696268086,step4/candidates/63470f25660f1387211ba8ff_p07.cif
63470f25660f1387211ba8ff_p08,63470f25660f1387211ba8ff,GdInCoVO6,63470f25660f1387211ba8fd,development,near_stable_0.05_0.10,a-a-c+,12.0,rocksalt,rocksalt,Pc,native Glazer generator v1,147.6803782193958,0.15996160109567836,1.9875178179372301,0.009553620741591362,1.9698908556893227,step4/candidates/63470f25660f1387211ba8ff_p08.cif
63470f25660f1387211ba8ff_p09,63470f25660f1387211ba8ff,GdInCoVO6,63470f25660f1387211ba8fd,development,near_stable_0.05_0.10,a0a0c+,6.0,rocksalt,rocksalt,P-4n2,native Glazer generator v1,172.04350774306172,5.626089629339291,1.915922702735232,0.004902920171563457,1.908988926533374,step4/candidates/63470f25660f1387211ba8ff_p09.cif
63470f25660f1387211ba8ff_p10,63470f25660f1387211ba8ff,GdInCoVO6,63470f25660f1387211ba8fd,development,near_stable_0.05_0.10,a0a0c+,12.0,rocksalt,rocksalt,P-4n2,native Glazer generator v1,164.33982190699302,11.073418124154239,1.9362047160191604,0.019244469300744804,1.908988926533374,step4/candidates/63470f25660f1387211ba8ff_p10.cif
63470f25660f1387211ba8ff_p11,63470f25660f1387211ba8ff,GdInCoVO6,63470f25660f1387211ba8fd,development,near_stable_0.05_0.10,a0a0a0_ordering_control,0.0,layered,rocksalt,P4/nmm,native Glazer generator v1,180.0,0.0,1.9089889265333746,1.1537776118301384e-15,1.908988926533374,step4/candidates/63470f25660f1387211ba8ff_p11.cif
634d915949b0ce94eb0d604c_p01,634d915949b0ce94eb0d604c,CeNaMnNbO6,634d915949b0ce94eb0d6049,development,near_stable_0.05_0.10,original,original,original,original,Pc,MP parent,134.99046840658067,0.8031382892634824,2.086921026446421,0.1096934741598671,1.974160250819904,step4/candidates/634d915949b0ce94eb0d604c_p01.cif
634d915949b0ce94eb0d604c_p02,634d915949b0ce94eb0d604c,CeNaMnNbO6,634d915949b0ce94eb0d6049,development,near_stable_0.05_0.10,a0a0a0,0.0,rocksalt,rocksalt,F-43m,native Glazer generator v1,180.0,0.0,1.9261558370802998,3.1401849173675503e-16,1.9261558370802996,step4/candidates/634d915949b0ce94eb0d604c_p02.cif
634d915949b0ce94eb0d604c_p03,634d915949b0ce94eb0d604c,CeNaMnNbO6,634d915949b0ce94eb0d6049,development,near_stable_0.05_0.10,a0a0c-,6.0,rocksalt,rocksalt,I-4,native Glazer generator v1,172.04350774306178,5.62608962933928,1.933151966454643,0.004947010522656654,1.9261558370802996,step4/candidates/634d915949b0ce94eb0d604c_p03.cif
634d915949b0ce94eb0d604c_p04,634d915949b0ce94eb0d604c,CeNaMnNbO6,634d915949b0ce94eb0d6049,development,near_stable_0.05_0.10,a0a0c-,12.0,rocksalt,rocksalt,I-4,native Glazer generator v1,164.33982190699302,11.073418124154239,1.953616369223873,0.019417528493711853,1.9261558370802996,step4/candidates/634d915949b0ce94eb0d604c_p04.cif
634d915949b0ce94eb0d604c_p05,634d915949b0ce94eb0d604c,CeNaMnNbO6,634d915949b0ce94eb0d6049,development,near_stable_0.05_0.10,a-a-a-,6.0,rocksalt,rocksalt,R3,native Glazer generator v1,163.2729276507452,0.03698123125765376,1.9468605971635633,0.0012599733699471187,1.9446837371733112,step4/candidates/634d915949b0ce94eb0d604c_p05.cif
634d915949b0ce94eb0d604c_p06,634d915949b0ce94eb0d604c,CeNaMnNbO6,634d915949b0ce94eb0d6049,development,near_stable_0.05_0.10,a-a-a-,12.0,rocksalt,rocksalt,R3,native Glazer generator v1,147.904586383159,0.274601483097825,2.0042628568972245,0.009704114309214624,1.9876054372863126,step4/candidates/634d915949b0ce94eb0d604c_p06.cif
634d915949b0ce94eb0d604c_p07,634d915949b0ce94eb0d604c,CeNaMnNbO6,634d915949b0ce94eb0d6049,development,near_stable_0.05_0.10,a-a-c+,6.0,rocksalt,rocksalt,Pc,native Glazer generator v1,163.24273266697273,0.021427874922887235,1.9469360170461478,0.0012577259211013915,1.9446837371733112,step4/candidates/634d915949b0ce94eb0d604c_p07.cif
634d915949b0ce94eb0d604c_p08,634d915949b0ce94eb0d604c,CeNaMnNbO6,634d915949b0ce94eb0d6049,development,near_stable_0.05_0.10,a-a-c+,12.0,rocksalt,rocksalt,Pc,native Glazer generator v1,147.68037821939575,0.1599616010956633,2.0053909130174135,0.009639533315724088,1.9876054372863126,step4/candidates/634d915949b0ce94eb0d604c_p08.cif
634d915949b0ce94eb0d604c_p09,634d915949b0ce94eb0d604c,CeNaMnNbO6,634d915949b0ce94eb0d6049,development,near_stable_0.05_0.10,a0a0c+,6.0,rocksalt,rocksalt,P-4n2,native Glazer generator v1,172.04350774306178,5.62608962933928,1.933151966454643,0.004947010522656654,1.9261558370802996,step4/candidates/634d915949b0ce94eb0d604c_p09.cif
634d915949b0ce94eb0d604c_p10,634d915949b0ce94eb0d604c,CeNaMnNbO6,634d915949b0ce94eb0d6049,development,near_stable_0.05_0.10,a0a0c+,12.0,rocksalt,rocksalt,P-4n2,native Glazer generator v1,164.33982190699302,11.073418124154239,1.953616369223873,0.019417528493711853,1.9261558370802996,step4/candidates/634d915949b0ce94eb0d604c_p10.cif
634d915949b0ce94eb0d604c_p11,634d915949b0ce94eb0d604c,CeNaMnNbO6,634d915949b0ce94eb0d6049,development,near_stable_0.05_0.10,a0a0a0_ordering_control,0.0,layered,rocksalt,P4/nmm,native Glazer generator v1,180.0,0.0,1.9261558370802998,3.1401849173675503e-16,1.9261558370802996,step4/candidates/634d915949b0ce94eb0d604c_p11.cif
634da209d6d16c71eb0d898a_p01,634da209d6d16c71eb0d898a,Ba2FeWO6,634da209d6d16c71eb0d8987,development,near_stable_0.05_0.10,original,original,original,original,Fm-3m,MP parent,180.0,0.0,2.0287565,0.1119873588000001,1.9167691411999996,step4/candidates/634da209d6d16c71eb0d898a_p01.cif
634da209d6d16c71eb0d898a_p02,634da209d6d16c71eb0d898a,Ba2FeWO6,634da209d6d16c71eb0d8987,development,near_stable_0.05_0.10,a0a0a0,0.0,rocksalt,rocksalt,Fm-3m,native Glazer generator v1,180.0,0.0,2.0287565,0.0,2.0287565,step4/candidates/634da209d6d16c71eb0d898a_p02.cif
634da209d6d16c71eb0d898a_p03,634da209d6d16c71eb0d898a,Ba2FeWO6,634da209d6d16c71eb0d8987,development,near_stable_0.05_0.10,a0a0c-,6.0,rocksalt,rocksalt,I4/m,native Glazer generator v1,172.0435077430618,5.62608962933927,2.036125292633391,0.005210523240228175,2.0287565,step4/candidates/634da209d6d16c71eb0d898a_p03.cif
634da209d6d16c71eb0d898a_p04,634da209d6d16c71eb0d898a,Ba2FeWO6,634da209d6d16c71eb0d8987,development,near_stable_0.05_0.10,a0a0c-,12.0,rocksalt,rocksalt,I4/m,native Glazer generator v1,164.33982190699305,11.073418124154236,2.057679774019293,0.0204518431931584,2.0287565,step4/candidates/634da209d6d16c71eb0d898a_p04.cif
634da209d6d16c71eb0d898a_p05,634da209d6d16c71eb0d898a,Ba2FeWO6,634da209d6d16c71eb0d8987,development,near_stable_0.05_0.10,a-a-a-,6.0,rocksalt,rocksalt,R-3,native Glazer generator v1,163.27292765074517,0.03698123125765232,2.0505641418279494,0.001327088449905076,2.0482713269010393,step4/candidates/634da209d6d16c71eb0d898a_p05.cif
634da209d6d16c71eb0d898a_p06,634da209d6d16c71eb0d898a,Ba2FeWO6,634da209d6d16c71eb0d8987,development,near_stable_0.05_0.10,a-a-a-,12.0,rocksalt,rocksalt,R-3,native Glazer generator v1,147.904586383159,0.27460148309782206,2.111024051305408,0.010221023970420337,2.093479339886788,step4/candidates/634da209d6d16c71eb0d898a_p06.cif
634da209d6d16c71eb0d898a_p07,634da209d6d16c71eb0d898a,Ba2FeWO6,634da209d6d16c71eb0d8987,development,near_stable_0.05_0.10,a-a-c+,6.0,rocksalt,rocksalt,P2_1/c,native Glazer generator v1,163.24273266697273,0.021427874922888907,2.0506435791061164,0.0013247212860617264,2.0482713269010393,step4/candidates/634da209d6d16c71eb0d898a_p07.cif
634da209d6d16c71eb0d898a_p08,634da209d6d16c71eb0d898a,Ba2FeWO6,634da209d6d16c71eb0d8987,development,near_stable_0.05_0.10,a-a-c+,12.0,rocksalt,rocksalt,P2_1/c,native Glazer generator v1,147.68037821939575,0.15996160109565574,2.1122121956611983,0.01015300293712792,2.093479339886788,step4/candidates/634da209d6d16c71eb0d898a_p08.cif
634da209d6d16c71eb0d898a_p09,634da209d6d16c71eb0d898a,Ba2FeWO6,634da209d6d16c71eb0d8987,development,near_stable_0.05_0.10,a0a0c+,6.0,rocksalt,rocksalt,P4/mnc,native Glazer generator v1,172.0435077430618,5.62608962933927,2.036125292633391,0.005210523240228175,2.0287565,step4/candidates/634da209d6d16c71eb0d898a_p09.cif
634da209d6d16c71eb0d898a_p10,634da209d6d16c71eb0d898a,Ba2FeWO6,634da209d6d16c71eb0d8987,development,near_stable_0.05_0.10,a0a0c+,12.0,rocksalt,rocksalt,P4/mnc,native Glazer generator v1,164.33982190699305,11.073418124154236,2.057679774019293,0.0204518431931584,2.0287565,step4/candidates/634da209d6d16c71eb0d898a_p10.cif
634da209d6d16c71eb0d898a_p11,634da209d6d16c71eb0d898a,Ba2FeWO6,634da209d6d16c71eb0d8987,development,near_stable_0.05_0.10,a0a0a0_ordering_control,0.0,rocksalt,layered,P4/mmm,native Glazer generator v1,180.0,0.0,2.0287565,0.0,2.0287565,step4/candidates/634da209d6d16c71eb0d898a_p11.cif
634710ae103349a28b1bbc25_p01,634710ae103349a28b1bbc25,LaYMgTiO6,634710ae103349a28b1bbc22,development,stable_positive_control_le_0.03,original,original,original,original,P-1,MP parent,149.17067036685964,0.27164114285962077,2.0321896811508364,0.06717572737183487,1.964147023244998,step4/candidates/634710ae103349a28b1bbc25_p01.cif
634710ae103349a28b1bbc25_p02,634710ae103349a28b1bbc25,LaYMgTiO6,634710ae103349a28b1bbc22,development,stable_positive_control_le_0.03,a0a0a0,0.0,rocksalt,rocksalt,F-43m,native Glazer generator v1,180.0,0.0,1.9587020985797157,0.0,1.9587020985797157,step4/candidates/634710ae103349a28b1bbc25_p02.cif
634710ae103349a28b1bbc25_p03,634710ae103349a28b1bbc25,LaYMgTiO6,634710ae103349a28b1bbc22,development,stable_positive_control_le_0.03,a0a0c-,6.0,rocksalt,rocksalt,I-4,native Glazer generator v1,172.04350774306172,5.626089629339297,1.9658164415750534,0.005030600175690575,1.9587020985797157,step4/candidates/634710ae103349a28b1bbc25_p03.cif
634710ae103349a28b1bbc25_p04,634710ae103349a28b1bbc25,LaYMgTiO6,634710ae103349a28b1bbc22,development,stable_positive_control_le_0.03,a0a0c-,12.0,rocksalt,rocksalt,I-4,native Glazer generator v1,164.33982190699302,11.073418124154253,1.9866266314250247,0.019745626536384606,1.9587020985797157,step4/candidates/634710ae103349a28b1bbc25_p04.cif
634710ae103349a28b1bbc25_p05,634710ae103349a28b1bbc25,LaYMgTiO6,634710ae103349a28b1bbc22,development,stable_positive_control_le_0.03,a-a-a-,6.0,rocksalt,rocksalt,R3,native Glazer generator v1,163.27292765074517,0.03698123125765376,1.9797567070620445,0.001281263144113348,1.9775430646613943,step4/candidates/634710ae103349a28b1bbc25_p05.cif
634710ae103349a28b1bbc25_p06,634710ae103349a28b1bbc25,LaYMgTiO6,634710ae103349a28b1bbc22,development,stable_positive_control_le_0.03,a-a-a-,12.0,rocksalt,rocksalt,R3,native Glazer generator v1,147.904586383159,0.274601483097825,2.0381288929667782,0.009868084760539561,2.0211900128820433,step4/candidates/634710ae103349a28b1bbc25_p06.cif
634710ae103349a28b1bbc25_p07,634710ae103349a28b1bbc25,LaYMgTiO6,634710ae103349a28b1bbc22,development,stable_positive_control_le_0.03,a-a-c+,6.0,rocksalt,rocksalt,Pc,native Glazer generator v1,163.24273266697267,0.021427874922887235,1.9798334013146324,0.0012789777201171037,1.9775430646613943,step4/candidates/634710ae103349a28b1bbc25_p07.cif
634710ae103349a28b1bbc25_p08,634710ae103349a28b1bbc25,LaYMgTiO6,634710ae103349a28b1bbc22,development,stable_positive_control_le_0.03,a-a-c+,12.0,rocksalt,rocksalt,Pc,native Glazer generator v1,147.68037821939575,0.15996160109567334,2.039276009854932,0.009802412541790099,2.0211900128820433,step4/candidates/634710ae103349a28b1bbc25_p08.cif
634710ae103349a28b1bbc25_p09,634710ae103349a28b1bbc25,LaYMgTiO6,634710ae103349a28b1bbc22,development,stable_positive_control_le_0.03,a0a0c+,6.0,rocksalt,rocksalt,P-4n2,native Glazer generator v1,172.04350774306172,5.626089629339297,1.9658164415750534,0.005030600175690575,1.9587020985797157,step4/candidates/634710ae103349a28b1bbc25_p09.cif
634710ae103349a28b1bbc25_p10,634710ae103349a28b1bbc25,LaYMgTiO6,634710ae103349a28b1bbc22,development,stable_positive_control_le_0.03,a0a0c+,12.0,rocksalt,rocksalt,P-4n2,native Glazer generator v1,164.33982190699302,11.073418124154253,1.9866266314250247,0.019745626536384606,1.9587020985797157,step4/candidates/634710ae103349a28b1bbc25_p10.cif
634710ae103349a28b1bbc25_p11,634710ae103349a28b1bbc25,LaYMgTiO6,634710ae103349a28b1bbc22,development,stable_positive_control_le_0.03,a0a0a0_ordering_control,0.0,layered,rocksalt,P4/nmm,native Glazer generator v1,180.0,0.0,1.9587020985797157,0.0,1.9587020985797157,step4/candidates/634710ae103349a28b1bbc25_p11.cif
6347130f660f1387211bc0d3_p01,6347130f660f1387211bc0d3,SrTbLiWO6,6347130f660f1387211bc0d2,development,stable_positive_control_le_0.03,original,original,original,original,Pc,MP parent,152.94016267302376,0.1979543155844215,2.022919178738696,0.10602230703391706,1.9164163807017172,step4/candidates/6347130f660f1387211bc0d3_p01.cif
6347130f660f1387211bc0d3_p02,6347130f660f1387211bc0d3,SrTbLiWO6,6347130f660f1387211bc0d2,development,stable_positive_control_le_0.03,a0a0a0,0.0,rocksalt,rocksalt,F-43m,native Glazer generator v1,180.0,0.0,1.9666634311889617,3.8459253727671276e-16,1.9666634311889615,step4/candidates/6347130f660f1387211bc0d3_p02.cif
6347130f660f1387211bc0d3_p03,6347130f660f1387211bc0d3,SrTbLiWO6,6347130f660f1387211bc0d2,development,stable_positive_control_le_0.03,a0a0c-,6.0,rocksalt,rocksalt,I-4,native Glazer generator v1,172.04350774306178,5.62608962933928,1.973806691113997,0.005051047532770427,1.9666634311889615,step4/candidates/6347130f660f1387211bc0d3_p03.cif
6347130f660f1387211bc0d3_p04,6347130f660f1387211bc0d3,SrTbLiWO6,6347130f660f1387211bc0d2,development,stable_positive_control_le_0.03,a0a0c-,12.0,rocksalt,rocksalt,I-4,native Glazer generator v1,164.33982190699302,11.07341812415425,1.9947014659772673,0.019825884529955054,1.9666634311889615,step4/candidates/6347130f660f1387211bc0d3_p04.cif
6347130f660f1387211bc0d3_p05,6347130f660f1387211bc0d3,SrTbLiWO6,6347130f660f1387211bc0d2,development,stable_positive_control_le_0.03,a-a-a-,6.0,rocksalt,rocksalt,R3,native Glazer generator v1,163.27292765074517,0.03698123125764362,1.9878036181475718,0.0012864709610943973,1.9855809781849942,step4/candidates/6347130f660f1387211bc0d3_p05.cif
6347130f660f1387211bc0d3_p06,6347130f660f1387211bc0d3,SrTbLiWO6,6347130f660f1387211bc0d2,development,stable_positive_control_le_0.03,a-a-a-,12.0,rocksalt,rocksalt,R3,native Glazer generator v1,147.904586383159,0.27460148309782645,2.0464130634024915,0.009908194537852225,2.0294053336144344,step4/candidates/6347130f660f1387211bc0d3_p06.cif
6347130f660f1387211bc0d3_p07,6347130f660f1387211bc0d3,SrTbLiWO6,6347130f660f1387211bc0d2,development,stable_positive_control_le_0.03,a-a-c+,6.0,rocksalt,rocksalt,Pc,native Glazer generator v1,163.24273266697273,0.021427874922883883,1.987880624131308,0.0012841762477730388,1.9855809781849942,step4/candidates/6347130f660f1387211bc0d3_p07.cif
6347130f660f1387211bc0d3_p08,6347130f660f1387211bc0d3,SrTbLiWO6,6347130f660f1387211bc0d2,development,stable_positive_control_le_0.03,a-a-c+,12.0,rocksalt,rocksalt,Pc,native Glazer generator v1,147.68037821939575,0.1599616010956633,2.0475648428572986,0.009842255388068679,2.0294053336144344,step4/candidates/6347130f660f1387211bc0d3_p08.cif
6347130f660f1387211bc0d3_p09,6347130f660f1387211bc0d3,SrTbLiWO6,6347130f660f1387211bc0d2,development,stable_positive_control_le_0.03,a0a0c+,6.0,rocksalt,rocksalt,P-4n2,native Glazer generator v1,172.04350774306178,5.62608962933928,1.973806691113997,0.005051047532770427,1.9666634311889615,step4/candidates/6347130f660f1387211bc0d3_p09.cif
6347130f660f1387211bc0d3_p10,6347130f660f1387211bc0d3,SrTbLiWO6,6347130f660f1387211bc0d2,development,stable_positive_control_le_0.03,a0a0c+,12.0,rocksalt,rocksalt,P-4n2,native Glazer generator v1,164.33982190699302,11.07341812415425,1.9947014659772673,0.019825884529955054,1.9666634311889615,step4/candidates/6347130f660f1387211bc0d3_p10.cif
6347130f660f1387211bc0d3_p11,6347130f660f1387211bc0d3,SrTbLiWO6,6347130f660f1387211bc0d2,development,stable_positive_control_le_0.03,a0a0a0_ordering_control,0.0,layered,rocksalt,P4/nmm,native Glazer generator v1,180.0,0.0,1.9666634311889617,3.8459253727671276e-16,1.9666634311889615,step4/candidates/6347130f660f1387211bc0d3_p11.cif
634d8de349b0ce94eb0d4011_p01,634d8de349b0ce94eb0d4011,SmSrInZrO6,634d8de349b0ce94eb0d400d,development,stable_positive_control_le_0.03,original,original,original,original,Pc,MP parent,145.9985157676764,0.3486402161558211,2.118203059105563,0.04011164769742229,2.0778019348215984,step4/candidates/634d8de349b0ce94eb0d4011_p01.cif
634d8de349b0ce94eb0d4011_p02,634d8de349b0ce94eb0d4011,SmSrInZrO6,634d8de349b0ce94eb0d400d,development,stable_positive_control_le_0.03,a0a0a0,0.0,rocksalt,rocksalt,F-43m,native Glazer generator v1,180.0,0.0,2.024948285420711,3.1401849173675503e-16,2.0249482854207104,step4/candidates/634d8de349b0ce94eb0d4011_p02.cif
634d8de349b0ce94eb0d4011_p03,634d8de349b0ce94eb0d4011,SmSrInZrO6,634d8de349b0ce94eb0d400d,development,stable_positive_control_le_0.03,a0a0c-,6.0,rocksalt,rocksalt,I-4,native Glazer generator v1,172.04350774306172,5.626089629339303,2.032303245963588,0.005200742475228044,2.0249482854207104,step4/candidates/634d8de349b0ce94eb0d4011_p03.cif
634d8de349b0ce94eb0d4011_p04,634d8de349b0ce94eb0d4011,SmSrInZrO6,634d8de349b0ce94eb0d400d,development,stable_positive_control_le_0.03,a0a0c-,12.0,rocksalt,rocksalt,I-4,native Glazer generator v1,164.33982190699302,11.073418124154239,2.053817267052622,0.02041345267787409,2.0249482854207104,step4/candidates/634d8de349b0ce94eb0d4011_p04.cif
634d8de349b0ce94eb0d4011_p05,634d8de349b0ce94eb0d4011,SmSrInZrO6,634d8de349b0ce94eb0d400d,development,stable_positive_control_le_0.03,a-a-a-,6.0,rocksalt,rocksalt,R3,native Glazer generator v1,163.2729276507452,0.036981231257643604,2.046714991739865,0.0013245973487887855,2.0444264806962598,step4/candidates/634d8de349b0ce94eb0d4011_p05.cif
634d8de349b0ce94eb0d4011_p06,634d8de349b0ce94eb0d4011,SmSrInZrO6,634d8de349b0ce94eb0d400d,development,stable_positive_control_le_0.03,a-a-a-,12.0,rocksalt,rocksalt,R3,native Glazer generator v1,147.904586383159,0.27460148309782356,2.1070614108557475,0.010201837906198694,2.089549632924125,step4/candidates/634d8de349b0ce94eb0d4011_p06.cif
634d8de349b0ce94eb0d4011_p07,634d8de349b0ce94eb0d4011,SmSrInZrO6,634d8de349b0ce94eb0d400d,development,stable_positive_control_le_0.03,a-a-c+,6.0,rocksalt,rocksalt,Pc,native Glazer generator v1,163.24273266697273,0.021427874922878863,2.0467942799049172,0.0013222346283904046,2.0444264806962598,step4/candidates/634d8de349b0ce94eb0d4011_p07.cif
634d8de349b0ce94eb0d4011_p08,634d8de349b0ce94eb0d4011,SmSrInZrO6,634d8de349b0ce94eb0d400d,development,stable_positive_control_le_0.03,a-a-c+,12.0,rocksalt,rocksalt,Pc,native Glazer generator v1,147.68037821939575,0.15996160109567417,2.1082473249248284,0.010133944556386654,2.089549632924125,step4/candidates/634d8de349b0ce94eb0d4011_p08.cif
634d8de349b0ce94eb0d4011_p09,634d8de349b0ce94eb0d4011,SmSrInZrO6,634d8de349b0ce94eb0d400d,development,stable_positive_control_le_0.03,a0a0c+,6.0,rocksalt,rocksalt,P-4n2,native Glazer generator v1,172.04350774306172,5.626089629339303,2.032303245963588,0.005200742475228044,2.0249482854207104,step4/candidates/634d8de349b0ce94eb0d4011_p09.cif
634d8de349b0ce94eb0d4011_p10,634d8de349b0ce94eb0d4011,SmSrInZrO6,634d8de349b0ce94eb0d400d,development,stable_positive_control_le_0.03,a0a0c+,12.0,rocksalt,rocksalt,P-4n2,native Glazer generator v1,164.33982190699302,11.073418124154239,2.053817267052622,0.02041345267787409,2.0249482854207104,step4/candidates/634d8de349b0ce94eb0d4011_p10.cif
634d8de349b0ce94eb0d4011_p11,634d8de349b0ce94eb0d4011,SmSrInZrO6,634d8de349b0ce94eb0d400d,development,stable_positive_control_le_0.03,a0a0a0_ordering_control,0.0,layered,rocksalt,P4/nmm,native Glazer generator v1,180.0,0.0,2.024948285420711,3.1401849173675503e-16,2.0249482854207104,step4/candidates/634d8de349b0ce94eb0d4011_p11.cif
634d981649b0ce94eb0d9f5f_p01,634d981649b0ce94eb0d9f5f,PrSrHfTbO6,634d981649b0ce94eb0d9f5c,development,stable_positive_control_le_0.03,original,original,original,original,Pc,MP parent,142.29128673474145,0.565781706107997,2.181047612334187,0.10789802816187828,2.070805523339419,step4/candidates/634d981649b0ce94eb0d9f5f_p01.cif
634d981649b0ce94eb0d9f5f_p02,634d981649b0ce94eb0d9f5f,PrSrHfTbO6,634d981649b0ce94eb0d9f5c,development,stable_positive_control_le_0.03,a0a0a0,0.0,rocksalt,rocksalt,F-43m,native Glazer generator v1,180.0,0.0,2.063170945458387,3.1401849173675503e-16,2.0631709454583866,step4/candidates/634d981649b0ce94eb0d9f5f_p02.cif
634d981649b0ce94eb0d9f5f_p03,634d981649b0ce94eb0d9f5f,PrSrHfTbO6,634d981649b0ce94eb0d9f5c,development,stable_positive_control_le_0.03,a0a0c-,6.0,rocksalt,rocksalt,I-4,native Glazer generator v1,172.04350774306178,5.62608962933928,2.070664737278312,0.005298911012669304,2.0631709454583866,step4/candidates/634d981649b0ce94eb0d9f5f_p03.cif
634d981649b0ce94eb0d9f5f_p04,634d981649b0ce94eb0d9f5f,PrSrHfTbO6,634d981649b0ce94eb0d9f5c,development,stable_positive_control_le_0.03,a0a0c-,12.0,rocksalt,rocksalt,I-4,native Glazer generator v1,164.33982190699302,11.073418124154243,2.092584854226707,0.02079877435128141,2.0631709454583866,step4/candidates/634d981649b0ce94eb0d9f5f_p04.cif
634d981649b0ce94eb0d9f5f_p05,634d981649b0ce94eb0d9f5f,PrSrHfTbO6,634d981649b0ce94eb0d9f5c,development,stable_positive_control_le_0.03,a-a-a-,6.0,rocksalt,rocksalt,R3,native Glazer generator v1,163.27292765074517,0.036981231257671165,2.085348517290388,0.0013496002757835952,2.083016808610458,step4/candidates/634d981649b0ce94eb0d9f5f_p05.cif
634d981649b0ce94eb0d9f5f_p06,634d981649b0ce94eb0d9f5f,PrSrHfTbO6,634d981649b0ce94eb0d9f5c,development,stable_positive_control_le_0.03,a-a-a-,12.0,rocksalt,rocksalt,R3,native Glazer generator v1,147.904586383159,0.2746014830978307,2.1468340275519378,0.01039440646948253,2.128991699581406,step4/candidates/634d981649b0ce94eb0d9f5f_p06.cif
634d981649b0ce94eb0d9f5f_p07,634d981649b0ce94eb0d9f5f,PrSrHfTbO6,634d981649b0ce94eb0d9f5c,development,stable_positive_control_le_0.03,a-a-c+,6.0,rocksalt,rocksalt,Pc,native Glazer generator v1,163.24273266697267,0.0214278749228864,2.085429302088514,0.001347192956982807,2.0830168086104575,step4/candidates/634d981649b0ce94eb0d9f5f_p07.cif
634d981649b0ce94eb0d9f5f_p08,634d981649b0ce94eb0d9f5f,PrSrHfTbO6,634d981649b0ce94eb0d9f5c,development,stable_positive_control_le_0.03,a-a-c+,12.0,rocksalt,rocksalt,Pc,native Glazer generator v1,147.68037821939575,0.15996160109565993,2.148042326780493,0.010325231573644138,2.128991699581406,step4/candidates/634d981649b0ce94eb0d9f5f_p08.cif
634d981649b0ce94eb0d9f5f_p09,634d981649b0ce94eb0d9f5f,PrSrHfTbO6,634d981649b0ce94eb0d9f5c,development,stable_positive_control_le_0.03,a0a0c+,6.0,rocksalt,rocksalt,P-4n2,native Glazer generator v1,172.04350774306178,5.62608962933928,2.070664737278312,0.005298911012669304,2.0631709454583866,step4/candidates/634d981649b0ce94eb0d9f5f_p09.cif
634d981649b0ce94eb0d9f5f_p10,634d981649b0ce94eb0d9f5f,PrSrHfTbO6,634d981649b0ce94eb0d9f5c,development,stable_positive_control_le_0.03,a0a0c+,12.0,rocksalt,rocksalt,P-4n2,native Glazer generator v1,164.33982190699302,11.073418124154243,2.092584854226707,0.02079877435128141,2.0631709454583866,step4/candidates/634d981649b0ce94eb0d9f5f_p10.cif
634d981649b0ce94eb0d9f5f_p11,634d981649b0ce94eb0d9f5f,PrSrHfTbO6,634d981649b0ce94eb0d9f5c,development,stable_positive_control_le_0.03,a0a0a0_ordering_control,0.0,layered,rocksalt,P4/nmm,native Glazer generator v1,180.0,0.0,2.063170945458387,3.1401849173675503e-16,2.0631709454583866,step4/candidates/634d981649b0ce94eb0d9f5f_p11.cif
634702b1660f1387211b508d_p01,634702b1660f1387211b508d,NdZnEuSiO6,634702b1660f1387211b508b,development,unstable_negative_control_gt_0.20,original,original,original,original,Pc,MP parent,138.6546648336639,0.8505304163482281,2.0876107524764707,0.31578743163993783,1.7667361472444159,step4/candidates/634702b1660f1387211b508d_p01.cif
634702b1660f1387211b508d_p02,634702b1660f1387211b508d,NdZnEuSiO6,634702b1660f1387211b508b,development,unstable_negative_control_gt_0.20,a0a0a0,0.0,rocksalt,rocksalt,F-43m,native Glazer generator v1,180.0,0.0,1.954775977811165,2.7194799110210365e-16,1.954775977811165,step4/candidates/634702b1660f1387211b508d_p02.cif
634702b1660f1387211b508d_p03,634702b1660f1387211b508d,NdZnEuSiO6,634702b1660f1387211b508b,development,unstable_negative_control_gt_0.20,a0a0c-,6.0,rocksalt,rocksalt,I-4,native Glazer generator v1,172.04350774306172,5.626089629339297,1.9618760604604255,0.005020516588277089,1.954775977811165,step4/candidates/634702b1660f1387211b508d_p03.cif
634702b1660f1387211b508d_p04,634702b1660f1387211b508d,NdZnEuSiO6,634702b1660f1387211b508b,development,unstable_negative_control_gt_0.20,a0a0c-,12.0,rocksalt,rocksalt,I-4,native Glazer generator v1,164.33982190699302,11.073418124154248,1.982644537321665,0.019706047411775163,1.954775977811165,step4/candidates/634702b1660f1387211b508d_p04.cif
634702b1660f1387211b508d_p05,634702b1660f1387211b508d,NdZnEuSiO6,634702b1660f1387211b508b,development,unstable_negative_control_gt_0.20,a-a-a-,6.0,rocksalt,rocksalt,R3,native Glazer generator v1,163.27292765074517,0.036981231257655185,1.975788383379791,0.001278694915976896,1.9735791781150436,step4/candidates/634702b1660f1387211b508d_p05.cif
634702b1660f1387211b508d_p06,634702b1660f1387211b508d,NdZnEuSiO6,634702b1660f1387211b508b,development,unstable_negative_control_gt_0.20,a-a-a-,12.0,rocksalt,rocksalt,R3,native Glazer generator v1,147.904586383159,0.274601483097825,2.0340435651461455,0.009848304676293045,2.0171386382025975,step4/candidates/634702b1660f1387211b508d_p06.cif
634702b1660f1387211b508d_p07,634702b1660f1387211b508d,NdZnEuSiO6,634702b1660f1387211b508b,development,unstable_negative_control_gt_0.20,a-a-c+,6.0,rocksalt,rocksalt,Pc,native Glazer generator v1,163.24273266697267,0.021427874922877184,1.975864923902571,0.0012764140729991814,1.9735791781150436,step4/candidates/634702b1660f1387211b508d_p07.cif
634702b1660f1387211b508d_p08,634702b1660f1387211b508d,NdZnEuSiO6,634702b1660f1387211b508b,development,unstable_negative_control_gt_0.20,a-a-c+,12.0,rocksalt,rocksalt,Pc,native Glazer generator v1,147.68037821939575,0.15996160109566745,2.0351883826956496,0.009782764094234068,2.0171386382025975,step4/candidates/634702b1660f1387211b508d_p08.cif
634702b1660f1387211b508d_p09,634702b1660f1387211b508d,NdZnEuSiO6,634702b1660f1387211b508b,development,unstable_negative_control_gt_0.20,a0a0c+,6.0,rocksalt,rocksalt,P-4n2,native Glazer generator v1,172.04350774306172,5.626089629339297,1.9618760604604255,0.005020516588277089,1.954775977811165,step4/candidates/634702b1660f1387211b508d_p09.cif
634702b1660f1387211b508d_p10,634702b1660f1387211b508d,NdZnEuSiO6,634702b1660f1387211b508b,development,unstable_negative_control_gt_0.20,a0a0c+,12.0,rocksalt,rocksalt,P-4n2,native Glazer generator v1,164.33982190699302,11.073418124154248,1.982644537321665,0.019706047411775167,1.954775977811165,step4/candidates/634702b1660f1387211b508d_p10.cif
634702b1660f1387211b508d_p11,634702b1660f1387211b508d,NdZnEuSiO6,634702b1660f1387211b508b,development,unstable_negative_control_gt_0.20,a0a0a0_ordering_control,0.0,layered,rocksalt,P4/nmm,native Glazer generator v1,180.0,0.0,1.954775977811165,2.7194799110210365e-16,1.954775977811165,step4/candidates/634702b1660f1387211b508d_p11.cif
63470b2f660f1387211b8cd7_p01,63470b2f660f1387211b8cd7,BaBiCoFeO6,63470b2f660f1387211b8cd6,development,unstable_negative_control_gt_0.20,original,original,original,original,F-43m,MP parent,180.0,0.0,1.9097525,0.016041921000000323,1.8937105789999995,step4/candidates/63470b2f660f1387211b8cd7_p01.cif
63470b2f660f1387211b8cd7_p02,63470b2f660f1387211b8cd7,BaBiCoFeO6,63470b2f660f1387211b8cd6,development,unstable_negative_control_gt_0.20,a0a0a0,0.0,rocksalt,rocksalt,F-43m,native Glazer generator v1,180.0,0.0,1.9097524999999997,3.1401849173675503e-16,1.9097524999999989,step4/candidates/63470b2f660f1387211b8cd7_p02.cif
63470b2f660f1387211b8cd7_p03,63470b2f660f1387211b8cd7,BaBiCoFeO6,63470b2f660f1387211b8cd6,development,unstable_negative_control_gt_0.20,a0a0c-,6.0,rocksalt,rocksalt,I-4,native Glazer generator v1,172.04350774306178,5.62608962933928,1.916689049632053,0.004904881282861661,1.9097524999999989,step4/candidates/63470b2f660f1387211b8cd7_p03.cif
63470b2f660f1387211b8cd7_p04,63470b2f660f1387211b8cd7,BaBiCoFeO6,63470b2f660f1387211b8cd6,development,unstable_negative_control_gt_0.20,a0a0c-,12.0,rocksalt,rocksalt,I-4,native Glazer generator v1,164.33982190699305,11.073418124154239,1.9369791754864514,0.01925216686563539,1.9097524999999989,step4/candidates/63470b2f660f1387211b8cd7_p04.cif
63470b2f660f1387211b8cd7_p05,63470b2f660f1387211b8cd7,BaBiCoFeO6,63470b2f660f1387211b8cd6,development,unstable_negative_control_gt_0.20,a-a-a-,6.0,rocksalt,rocksalt,R3,native Glazer generator v1,163.27292765074517,0.03698123125765085,1.930280936261341,0.0012492433098438831,1.9281226146299848,step4/candidates/63470b2f660f1387211b8cd7_p05.cif
63470b2f660f1387211b8cd7_p06,63470b2f660f1387211b8cd7,BaBiCoFeO6,63470b2f660f1387211b8cd6,development,unstable_negative_control_gt_0.20,a-a-a-,12.0,rocksalt,rocksalt,R3,native Glazer generator v1,147.90458638315906,0.2746014830978236,1.9871943525704687,0.009621473094514048,1.9706787892224333,step4/candidates/63470b2f660f1387211b8cd7_p06.cif
63470b2f660f1387211b8cd7_p07,63470b2f660f1387211b8cd7,BaBiCoFeO6,63470b2f660f1387211b8cd6,development,unstable_negative_control_gt_0.20,a-a-c+,6.0,rocksalt,rocksalt,Pc,native Glazer generator v1,163.24273266697267,0.021427874922883883,1.9303557138606102,0.001247015000498863,1.9281226146299848,step4/candidates/63470b2f660f1387211b8cd7_p07.cif
63470b2f660f1387211b8cd7_p08,63470b2f660f1387211b8cd7,BaBiCoFeO6,63470b2f660f1387211b8cd6,development,unstable_negative_control_gt_0.20,a-a-c+,12.0,rocksalt,rocksalt,Pc,native Glazer generator v1,147.6803782193958,0.1599616010956834,1.9883128020511396,0.009557442079267635,1.9706787892224336,step4/candidates/63470b2f660f1387211b8cd7_p08.cif
63470b2f660f1387211b8cd7_p09,63470b2f660f1387211b8cd7,BaBiCoFeO6,63470b2f660f1387211b8cd6,development,unstable_negative_control_gt_0.20,a0a0c+,6.0,rocksalt,rocksalt,P-4n2,native Glazer generator v1,172.04350774306178,5.62608962933928,1.916689049632053,0.004904881282861661,1.9097524999999989,step4/candidates/63470b2f660f1387211b8cd7_p09.cif
63470b2f660f1387211b8cd7_p10,63470b2f660f1387211b8cd7,BaBiCoFeO6,63470b2f660f1387211b8cd6,development,unstable_negative_control_gt_0.20,a0a0c+,12.0,rocksalt,rocksalt,P-4n2,native Glazer generator v1,164.33982190699302,11.073418124154239,1.9369791754864512,0.01925216686563539,1.9097524999999989,step4/candidates/63470b2f660f1387211b8cd7_p10.cif
63470b2f660f1387211b8cd7_p11,63470b2f660f1387211b8cd7,BaBiCoFeO6,63470b2f660f1387211b8cd6,development,unstable_negative_control_gt_0.20,a0a0a0_ordering_control,0.0,layered,rocksalt,P4/nmm,native Glazer generator v1,180.0,0.0,1.9097524999999997,3.1401849173675503e-16,1.9097524999999989,step4/candidates/63470b2f660f1387211b8cd7_p11.cif
63470faf103349a28b1bb3e6_p01,63470faf103349a28b1bb3e6,BaEuCoGaO6,63470faf103349a28b1bb3e3,development,unstable_negative_control_gt_0.20,original,original,original,original,F-43m,MP parent,180.0,0.0,1.9282465000000002,0.058233044299999925,1.8700134556999997,step4/candidates/63470faf103349a28b1bb3e6_p01.cif
63470faf103349a28b1bb3e6_p02,63470faf103349a28b1bb3e6,BaEuCoGaO6,63470faf103349a28b1bb3e3,development,unstable_negative_control_gt_0.20,a0a0a0,0.0,rocksalt,rocksalt,F-43m,native Glazer generator v1,180.0,0.0,1.9282464999999995,3.8459253727671276e-16,1.9282464999999993,step4/candidates/63470faf103349a28b1bb3e6_p02.cif
63470faf103349a28b1bb3e6_p03,63470faf103349a28b1bb3e6,BaEuCoGaO6,63470faf103349a28b1bb3e3,development,unstable_negative_control_gt_0.20,a0a0c-,6.0,rocksalt,rocksalt,I-4,native Glazer generator v1,172.04350774306172,5.626089629339293,1.9352502230217432,0.004952380042227215,1.9282464999999993,step4/candidates/63470faf103349a28b1bb3e6_p03.cif
63470faf103349a28b1bb3e6_p04,63470faf103349a28b1bb3e6,BaEuCoGaO6,63470faf103349a28b1bb3e3,development,unstable_negative_control_gt_0.20,a0a0c-,12.0,rocksalt,rocksalt,I-4,native Glazer generator v1,164.33982190699302,11.07341812415425,1.955736837995832,0.01943860441396328,1.9282464999999993,step4/candidates/63470faf103349a28b1bb3e6_p04.cif
63470faf103349a28b1bb3e6_p05,63470faf103349a28b1bb3e6,BaEuCoGaO6,63470faf103349a28b1bb3e3,development,unstable_negative_control_gt_0.20,a-a-a-,6.0,rocksalt,rocksalt,R3,native Glazer generator v1,163.27292765074517,0.03698123125765374,1.94897373317362,0.001261340953790886,1.94679451040442,step4/candidates/63470faf103349a28b1bb3e6_p05.cif
63470faf103349a28b1bb3e6_p06,63470faf103349a28b1bb3e6,BaEuCoGaO6,63470faf103349a28b1bb3e3,development,unstable_negative_control_gt_0.20,a-a-a-,12.0,rocksalt,rocksalt,R3,native Glazer generator v1,147.904586383159,0.2746014830978337,2.006438297718564,0.009714647222266146,1.9897627980287473,step4/candidates/63470faf103349a28b1bb3e6_p06.cif
63470faf103349a28b1bb3e6_p07,63470faf103349a28b1bb3e6,BaEuCoGaO6,63470faf103349a28b1bb3e3,development,unstable_negative_control_gt_0.20,a-a-c+,6.0,rocksalt,rocksalt,Pc,native Glazer generator v1,163.24273266697267,0.021427874922870484,1.9490492349174684,0.0012590910655485648,1.94679451040442,step4/candidates/63470faf103349a28b1bb3e6_p07.cif
63470faf103349a28b1bb3e6_p08,63470faf103349a28b1bb3e6,BaEuCoGaO6,63470faf103349a28b1bb3e3,development,unstable_negative_control_gt_0.20,a-a-c+,12.0,rocksalt,rocksalt,Pc,native Glazer generator v1,147.68037821939575,0.1599616010956708,2.0075675782386995,0.00964999613211685,1.9897627980287473,step4/candidates/63470faf103349a28b1bb3e6_p08.cif
63470faf103349a28b1bb3e6_p09,63470faf103349a28b1bb3e6,BaEuCoGaO6,63470faf103349a28b1bb3e3,development,unstable_negative_control_gt_0.20,a0a0c+,6.0,rocksalt,rocksalt,P-4n2,native Glazer generator v1,172.04350774306172,5.626089629339293,1.9352502230217432,0.004952380042227215,1.9282464999999993,step4/candidates/63470faf103349a28b1bb3e6_p09.cif
63470faf103349a28b1bb3e6_p10,63470faf103349a28b1bb3e6,BaEuCoGaO6,63470faf103349a28b1bb3e3,development,unstable_negative_control_gt_0.20,a0a0c+,12.0,rocksalt,rocksalt,P-4n2,native Glazer generator v1,164.33982190699302,11.07341812415425,1.955736837995832,0.01943860441396328,1.9282464999999993,step4/candidates/63470faf103349a28b1bb3e6_p10.cif
63470faf103349a28b1bb3e6_p11,63470faf103349a28b1bb3e6,BaEuCoGaO6,63470faf103349a28b1bb3e3,development,unstable_negative_control_gt_0.20,a0a0a0_ordering_control,0.0,layered,rocksalt,P4/nmm,native Glazer generator v1,180.0,0.0,1.9282464999999995,3.8459253727671276e-16,1.9282464999999993,step4/candidates/63470faf103349a28b1bb3e6_p11.cif
634710ef660f1387211bb457_p01,634710ef660f1387211bb457,MgSmCuSiO6,634710ef660f1387211bb456,development,unstable_negative_control_gt_0.20,original,original,original,original,Pc,MP parent,159.01421966241648,0.10380372609673175,1.8827052218377096,0.10860316265031607,1.773953804147914,step4/candidates/634710ef660f1387211bb457_p01.cif
634710ef660f1387211bb457_p02,634710ef660f1387211bb457,MgSmCuSiO6,634710ef660f1387211bb456,development,unstable_negative_control_gt_0.20,a0a0a0,0.0,rocksalt,rocksalt,F-43m,native Glazer generator v1,180.0,0.0,1.8512372324991642,2.7194799110210365e-16,1.8512372324991637,step4/candidates/634710ef660f1387211bb457_p02.cif
634710ef660f1387211bb457_p03,634710ef660f1387211bb457,MgSmCuSiO6,634710ef660f1387211bb456,development,unstable_negative_control_gt_0.20,a0a0c-,6.0,rocksalt,rocksalt,I-4,native Glazer generator v1,172.04350774306172,5.626089629339293,1.8579612446127414,0.004754594562291036,1.8512372324991637,step4/candidates/634710ef660f1387211bb457_p03.cif
634710ef660f1387211bb457_p04,634710ef660f1387211bb457,MgSmCuSiO6,634710ef660f1387211bb456,development,unstable_negative_control_gt_0.20,a0a0c-,12.0,rocksalt,rocksalt,I-4,native Glazer generator v1,164.33982190699305,11.073418124154236,1.8776296762203746,0.018662275927352305,1.8512372324991637,step4/candidates/634710ef660f1387211bb457_p04.cif
634710ef660f1387211bb457_p05,634710ef660f1387211bb457,MgSmCuSiO6,634710ef660f1387211bb456,development,unstable_negative_control_gt_0.20,a-a-a-,6.0,rocksalt,rocksalt,R3,native Glazer generator v1,163.27292765074517,0.03698123125767115,1.871136672626605,0.001210966199878262,1.8690444824796224,step4/candidates/634710ef660f1387211bb457_p05.cif
634710ef660f1387211bb457_p06,634710ef660f1387211bb457,MgSmCuSiO6,634710ef660f1387211bb456,development,unstable_negative_control_gt_0.20,a-a-a-,12.0,rocksalt,rocksalt,R3,native Glazer generator v1,147.904586383159,0.27460148309782934,1.9263062484225173,0.009326668887226329,1.9102967258348613,step4/candidates/634710ef660f1387211bb457_p06.cif
634710ef660f1387211bb457_p07,634710ef660f1387211bb457,MgSmCuSiO6,634710ef660f1387211bb456,development,unstable_negative_control_gt_0.20,a-a-c+,6.0,rocksalt,rocksalt,Pc,native Glazer generator v1,163.24273266697267,0.021427874922883047,1.8712091590225768,0.001208806166457665,1.8690444824796224,step4/candidates/634710ef660f1387211bb457_p07.cif
634710ef660f1387211bb457_p08,634710ef660f1387211bb457,MgSmCuSiO6,634710ef660f1387211bb456,development,unstable_negative_control_gt_0.20,a-a-c+,12.0,rocksalt,rocksalt,Pc,native Glazer generator v1,147.68037821939578,0.15996160109566662,1.9273904283470287,0.009264599797405067,1.910296725834861,step4/candidates/634710ef660f1387211bb457_p08.cif
634710ef660f1387211bb457_p09,634710ef660f1387211bb457,MgSmCuSiO6,634710ef660f1387211bb456,development,unstable_negative_control_gt_0.20,a0a0c+,6.0,rocksalt,rocksalt,P-4n2,native Glazer generator v1,172.04350774306172,5.626089629339293,1.8579612446127414,0.004754594562291036,1.8512372324991637,step4/candidates/634710ef660f1387211bb457_p09.cif
634710ef660f1387211bb457_p10,634710ef660f1387211bb457,MgSmCuSiO6,634710ef660f1387211bb456,development,unstable_negative_control_gt_0.20,a0a0c+,12.0,rocksalt,rocksalt,P-4n2,native Glazer generator v1,164.33982190699305,11.073418124154236,1.8776296762203746,0.018662275927352305,1.8512372324991637,step4/candidates/634710ef660f1387211bb457_p10.cif
634710ef660f1387211bb457_p11,634710ef660f1387211bb457,MgSmCuSiO6,634710ef660f1387211bb456,development,unstable_negative_control_gt_0.20,a0a0a0_ordering_control,0.0,layered,rocksalt,P4/nmm,native Glazer generator v1,180.0,0.0,1.8512372324991642,2.7194799110210365e-16,1.8512372324991637,step4/candidates/634710ef660f1387211bb457_p11.cif
