candidate_id,material_id,composition,parent_structure_id,research_role,selection_category,dft_selection_role,tilt_pattern,nominal_tilt_deg,A_site_ordering,B_site_ordering,space_group,structure_path,ensemble_mean,ensemble_std,parent_decomposition_energy_per_atom,actual_bob_mean_deg,actual_bob_std_deg,bo_length_mean_ang,bo_length_std_ang,minimum_distance_ang,prediction_seed_123,prediction_seed_2026,prediction_seed_3407,prediction_seed_42,prediction_seed_7777
63471574103349a28b1be3a5_p01,63471574103349a28b1be3a5,GdLaDyFeO6,63471574103349a28b1be3a4,blind_test,high_uncertainty,,original,original,original,original,P-1,step4/candidates/63471574103349a28b1be3a5_p01.cif,0.29816147685050964,0.11665986478328705,0.265541,142.41009726175307,0.5165820642275737,2.1158582450786696,0.1908298144684663,1.920824125726354,0.2589433193206787,0.2800385355949402,0.2234613001346588,0.22584551572799683,0.5025187134742737
63471574103349a28b1be3a5_p02,63471574103349a28b1be3a5,GdLaDyFeO6,63471574103349a28b1be3a4,blind_test,high_uncertainty,,a0a0a0,0.0,rocksalt,rocksalt,F-43m,step4/candidates/63471574103349a28b1be3a5_p02.cif,0.3630838990211487,0.05941056087613106,0.265541,180.0,0.0,2.0028859747823806,4.440892098500626e-16,2.002885974782381,0.33792173862457275,0.3609522581100464,0.44946813583374023,0.28731799125671387,0.37975937128067017
63471574103349a28b1be3a5_p03,63471574103349a28b1be3a5,GdLaDyFeO6,63471574103349a28b1be3a4,blind_test,high_uncertainty,,a0a0c-,6.0,rocksalt,rocksalt,I-4,step4/candidates/63471574103349a28b1be3a5_p03.cif,0.2411494731903076,0.05185718834400177,0.265541,172.04350774306172,5.626089629339306,2.0101608012174403,0.005144079104185678,2.002885974782381,0.2218226194381714,0.2751850187778473,0.3131639361381531,0.18599402904510498,0.20958176255226135
63471574103349a28b1be3a5_p04,63471574103349a28b1be3a5,GdLaDyFeO6,63471574103349a28b1be3a4,blind_test,high_uncertainty,,a0a0c-,12.0,rocksalt,rocksalt,I-4,step4/candidates/63471574103349a28b1be3a5_p04.cif,0.2304680049419403,0.048300471156835556,0.265541,164.33982190699302,11.073418124154243,2.0314404217443642,0.020191043079850018,2.002885974782381,0.2210909128189087,0.2325221300125122,0.3086719214916229,0.1775391697883606,0.21251589059829712
63471574103349a28b1be3a5_p05,63471574103349a28b1be3a5,GdLaDyFeO6,63471574103349a28b1be3a4,blind_test,high_uncertainty,,a-a-a-,6.0,rocksalt,rocksalt,R3,step4/candidates/63471574103349a28b1be3a5_p05.cif,0.23899753391742706,0.06250791251659393,0.265541,163.27292765074517,0.0369812312576552,2.0244155274715667,0.0013101655342125723,2.022151950319809,0.23799338936805725,0.2281627357006073,0.3440409004688263,0.18424315750598907,0.2005474865436554
63471574103349a28b1be3a5_p06,63471574103349a28b1be3a5,GdLaDyFeO6,63471574103349a28b1be3a4,blind_test,high_uncertainty,,a-a-a-,12.0,rocksalt,rocksalt,R3,step4/candidates/63471574103349a28b1be3a5_p06.cif,0.22373948097229004,0.060743264853954315,0.265541,147.904586383159,0.2746014830978337,2.0841044574782055,0.010090686367866192,2.0667834746830995,0.2565881609916687,0.21709592640399933,0.30929529666900635,0.1619112342596054,0.1738067865371704
63471574103349a28b1be3a5_p07,63471574103349a28b1be3a5,GdLaDyFeO6,63471574103349a28b1be3a4,blind_test,high_uncertainty,,a-a-c+,6.0,rocksalt,rocksalt,Pc,step4/candidates/63471574103349a28b1be3a5_p07.cif,0.20663199126720427,0.042029447853565216,0.265541,163.24273266697264,0.021427874922889747,2.0244939517725187,0.001307828556235219,2.022151950319809,0.22506606578826904,0.19502276182174683,0.2685132324695587,0.1581057757139206,0.18645212054252625
63471574103349a28b1be3a5_p08,63471574103349a28b1be3a5,GdLaDyFeO6,63471574103349a28b1be3a4,blind_test,high_uncertainty,,a-a-c+,12.0,rocksalt,rocksalt,Pc,step4/candidates/63471574103349a28b1be3a5_p08.cif,0.2089708626270294,0.049884695559740067,0.265541,147.6803782193958,0.15996160109567417,2.0852774507212235,0.010023532732833317,2.0667834746830995,0.2351178526878357,0.19853439927101135,0.28025907278060913,0.15332761406898499,0.17761537432670593
63471574103349a28b1be3a5_p09,63471574103349a28b1be3a5,GdLaDyFeO6,63471574103349a28b1be3a4,blind_test,high_uncertainty,,a0a0c+,6.0,rocksalt,rocksalt,P-4n2,step4/candidates/63471574103349a28b1be3a5_p09.cif,0.24081515669822692,0.05203920602798462,0.265541,172.04350774306172,5.626089629339306,2.0101608012174403,0.005144079104185678,2.002885974782381,0.22165261209011078,0.27640753984451294,0.3118550181388855,0.18431004881858826,0.20985056459903717
63471574103349a28b1be3a5_p10,63471574103349a28b1be3a5,GdLaDyFeO6,63471574103349a28b1be3a4,blind_test,high_uncertainty,,a0a0c+,12.0,rocksalt,rocksalt,P-4n2,step4/candidates/63471574103349a28b1be3a5_p10.cif,0.2291138857603073,0.04968014732003212,0.265541,164.33982190699302,11.073418124154243,2.0314404217443642,0.020191043079850018,2.002885974782381,0.2197900414466858,0.23032702505588531,0.30958449840545654,0.17435215413570404,0.21151570975780487
63471574103349a28b1be3a5_p11,63471574103349a28b1be3a5,GdLaDyFeO6,63471574103349a28b1be3a4,blind_test,high_uncertainty,,a0a0a0_ordering_control,0.0,layered,rocksalt,P4/nmm,step4/candidates/63471574103349a28b1be3a5_p11.cif,0.33740177750587463,0.06066356226801872,0.265541,180.0,0.0,2.0028859747823806,4.440892098500626e-16,2.002885974782381,0.3145882487297058,0.3389923572540283,0.42055654525756836,0.2546440064907074,0.3582277297973633
634d899549b0ce94eb0d36b6_p01,634d899549b0ce94eb0d36b6,NdZrCaSiO6,634d899549b0ce94eb0d36b3,blind_test,high_uncertainty,,original,original,original,original,Pc,step4/candidates/634d899549b0ce94eb0d36b6_p01.cif,0.30201816856861113,0.04192325845360756,0.349903,132.09289577893784,1.2035186957362227,2.0717487247841793,0.3018253319727396,1.7619634761868725,0.24847252666950226,0.27238529920578003,0.33384525775909424,0.3495290279388428,0.3058587312698364
634d899549b0ce94eb0d36b6_p02,634d899549b0ce94eb0d36b6,NdZrCaSiO6,634d899549b0ce94eb0d36b3,blind_test,high_uncertainty,,a0a0a0,0.0,rocksalt,rocksalt,F-43m,step4/candidates/634d899549b0ce94eb0d36b6_p02.cif,0.5680544137954712,0.02799028716981411,0.349903,180.0,0.0,1.8943117430220333,1.4304223057953898e-15,1.894311743022032,0.5853012800216675,0.5351065397262573,0.5538312196731567,0.606476902961731,0.5595561265945435
634d899549b0ce94eb0d36b6_p03,634d899549b0ce94eb0d36b6,NdZrCaSiO6,634d899549b0ce94eb0d36b3,blind_test,high_uncertainty,,a0a0c-,6.0,rocksalt,rocksalt,I-4,step4/candidates/634d899549b0ce94eb0d36b6_p03.cif,0.3289815604686737,0.046595584601163864,0.349903,172.04350774306172,5.626089629339293,1.9011922091683287,0.0048652242697699456,1.894311743022032,0.3070586323738098,0.3290069103240967,0.2863587439060211,0.40764129161834717,0.31484222412109375
634d899549b0ce94eb0d36b6_p04,634d899549b0ce94eb0d36b6,NdZrCaSiO6,634d899549b0ce94eb0d36b3,blind_test,high_uncertainty,,a0a0c-,12.0,rocksalt,rocksalt,I-4,step4/candidates/634d899549b0ce94eb0d36b6_p04.cif,0.3152942359447479,0.04359112307429314,0.349903,164.33982190699302,11.073418124154246,1.9213182850202422,0.019096508983333028,1.894311743022032,0.3029439449310303,0.30855825543403625,0.26135677099227905,0.38203322887420654,0.3215789794921875
634d899549b0ce94eb0d36b6_p05,634d899549b0ce94eb0d36b6,NdZrCaSiO6,634d899549b0ce94eb0d36b3,blind_test,high_uncertainty,,a-a-a-,6.0,rocksalt,rocksalt,R3,step4/candidates/634d899549b0ce94eb0d36b6_p05.cif,0.31685314178466795,0.05098964646458626,0.349903,163.2729276507452,0.036981231257649405,1.9146742024903347,0.0012391429107847481,1.91253333135049,0.3057580292224884,0.3076689839363098,0.2576111853122711,0.3985714912414551,0.31465601921081543
634d899549b0ce94eb0d36b6_p06,634d899549b0ce94eb0d36b6,NdZrCaSiO6,634d899549b0ce94eb0d36b3,blind_test,high_uncertainty,,a-a-a-,12.0,rocksalt,rocksalt,R3,step4/candidates/634d899549b0ce94eb0d36b6_p06.cif,0.3089919090270996,0.048913829028606415,0.349903,147.904586383159,0.2746014830978265,1.9711274616691459,0.009543681428932787,1.9547454301793024,0.2947476804256439,0.31982868909835815,0.2465766966342926,0.38182783126831055,0.3019786477088928
634d899549b0ce94eb0d36b6_p07,634d899549b0ce94eb0d36b6,NdZrCaSiO6,634d899549b0ce94eb0d36b3,blind_test,high_uncertainty,,a-a-c+,6.0,rocksalt,rocksalt,Pc,step4/candidates/634d899549b0ce94eb0d36b6_p07.cif,0.31381289958953856,0.046565983444452286,0.349903,163.24273266697273,0.02142787492288221,1.9147483754967378,0.0012369326177968467,1.91253333135049,0.3047541379928589,0.3115345537662506,0.2531892657279968,0.3838660717010498,0.31572046875953674
634d899549b0ce94eb0d36b6_p08,634d899549b0ce94eb0d36b6,NdZrCaSiO6,634d899549b0ce94eb0d36b3,blind_test,high_uncertainty,,a-a-c+,12.0,rocksalt,rocksalt,Pc,step4/candidates/634d899549b0ce94eb0d36b6_p08.cif,0.31070041060447695,0.04340841993689537,0.349903,147.68037821939575,0.15996160109567417,1.97223686824681,0.00948016811812477,1.9547454301793024,0.29413890838623047,0.3190962076187134,0.2547060549259186,0.3743934631347656,0.3111674189567566
634d899549b0ce94eb0d36b6_p09,634d899549b0ce94eb0d36b6,NdZrCaSiO6,634d899549b0ce94eb0d36b3,blind_test,high_uncertainty,,a0a0c+,6.0,rocksalt,rocksalt,P-4n2,step4/candidates/634d899549b0ce94eb0d36b6_p09.cif,0.32887876629829405,0.04605410620570183,0.349903,172.04350774306172,5.626089629339293,1.9011922091683282,0.004865224269769945,1.894311743022032,0.3074282705783844,0.3284915089607239,0.2864997982978821,0.40662580728530884,0.31534844636917114
634d899549b0ce94eb0d36b6_p10,634d899549b0ce94eb0d36b6,NdZrCaSiO6,634d899549b0ce94eb0d36b3,blind_test,high_uncertainty,,a0a0c+,12.0,rocksalt,rocksalt,P-4n2,step4/candidates/634d899549b0ce94eb0d36b6_p10.cif,0.31488498449325564,0.04255325719714165,0.349903,164.33982190699302,11.073418124154246,1.9213182850202422,0.019096508983333028,1.894311743022032,0.3034340739250183,0.30776968598365784,0.26184502243995667,0.37970882654190063,0.32166731357574463
634d899549b0ce94eb0d36b6_p11,634d899549b0ce94eb0d36b6,NdZrCaSiO6,634d899549b0ce94eb0d36b3,blind_test,high_uncertainty,,a0a0a0_ordering_control,0.0,layered,rocksalt,P4/nmm,step4/candidates/634d899549b0ce94eb0d36b6_p11.cif,0.579490864276886,0.041929539293050766,0.349903,180.0,0.0,1.8943117430220333,1.4304223057953898e-15,1.894311743022032,0.624849796295166,0.5384175777435303,0.5314047932624817,0.5985285043716431,0.6042536497116089
634702a0660f1387211b4fff_p01,634702a0660f1387211b4fff,CeCrGaTiO6,6347029f660f1387211b4ffd,blind_test,higher_energy_0.10_0.15,,original,original,original,original,Pc,step4/candidates/634702a0660f1387211b4fff_p01.cif,0.2218324214220047,0.03848184272646904,0.130969,136.21038049347013,0.7999123209396289,2.0170953189268013,0.030571283646525702,1.985467493441539,0.2544117569923401,0.2603267729282379,0.20333097875118256,0.16677168011665344,0.2243209183216095
634702a0660f1387211b4fff_p02,634702a0660f1387211b4fff,CeCrGaTiO6,6347029f660f1387211b4ffd,blind_test,higher_energy_0.10_0.15,,a0a0a0,0.0,rocksalt,rocksalt,F-43m,step4/candidates/634702a0660f1387211b4fff_p02.cif,0.32484695315361023,0.06387540698051453,0.130969,180.0,0.0,1.869657290977602,1.4475537224895361e-15,1.8696572909776017,0.3314129114151001,0.4198506772518158,0.33810633420944214,0.282969206571579,0.25189563632011414
634702a0660f1387211b4fff_p03,634702a0660f1387211b4fff,CeCrGaTiO6,6347029f660f1387211b4ffd,blind_test,higher_energy_0.10_0.15,,a0a0c-,6.0,rocksalt,rocksalt,I-4,step4/candidates/634702a0660f1387211b4fff_p03.cif,0.23119475245475768,0.05321640893816948,0.130969,172.04350774306178,5.62608962933928,1.8764482079125429,0.004801903415171295,1.8696572909776017,0.22215378284454346,0.32360512018203735,0.21797044575214386,0.20210054516792297,0.1901438683271408
634702a0660f1387211b4fff_p04,634702a0660f1387211b4fff,CeCrGaTiO6,6347029f660f1387211b4ffd,blind_test,higher_energy_0.10_0.15,,a0a0c-,12.0,rocksalt,rocksalt,I-4,step4/candidates/634702a0660f1387211b4fff_p04.cif,0.21923939883708954,0.02870352379977703,0.130969,164.33982190699302,11.073418124154236,1.896312343049703,0.018847968073063187,1.8696572909776017,0.2040223777294159,0.2657177150249481,0.2114194929599762,0.22436918318271637,0.1906682252883911
634702a0660f1387211b4fff_p05,634702a0660f1387211b4fff,CeCrGaTiO6,6347029f660f1387211b4ffd,blind_test,higher_energy_0.10_0.15,,a-a-a-,6.0,rocksalt,rocksalt,R3,step4/candidates/634702a0660f1387211b4fff_p05.cif,0.21826304793357848,0.020491166040301323,0.130969,163.27292765074517,0.03698123125767406,1.8897547332002904,0.0012230154758036127,1.8876417254810496,0.22308188676834106,0.22144386172294617,0.21092098951339722,0.24614852666854858,0.18971997499465942
634702a0660f1387211b4fff_p06,634702a0660f1387211b4fff,CeCrGaTiO6,6347029f660f1387211b4ffd,blind_test,higher_energy_0.10_0.15,,a-a-a-,12.0,rocksalt,rocksalt,R3,step4/candidates/634702a0660f1387211b4fff_p06.cif,0.22906838953495026,0.048910342156887054,0.130969,147.904586383159,0.2746014830978207,1.9454732536665842,0.009419470492172668,1.929304434184344,0.23143036663532257,0.3089770972728729,0.20164762437343597,0.22311143577098846,0.18017542362213135
634702a0660f1387211b4fff_p07,634702a0660f1387211b4fff,CeCrGaTiO6,6347029f660f1387211b4ffd,blind_test,higher_energy_0.10_0.15,,a-a-c+,6.0,rocksalt,rocksalt,Pc,step4/candidates/634702a0660f1387211b4fff_p07.cif,0.18614754378795623,0.013707855716347694,0.130969,163.24273266697267,0.02142787492289226,1.889827940845614,0.0012208339497611065,1.8876417254810496,0.21015582978725433,0.1823272556066513,0.1791752129793167,0.1830531507730484,0.17602626979351044
634702a0660f1387211b4fff_p08,634702a0660f1387211b4fff,CeCrGaTiO6,6347029f660f1387211b4ffd,blind_test,higher_energy_0.10_0.15,,a-a-c+,12.0,rocksalt,rocksalt,Pc,step4/candidates/634702a0660f1387211b4fff_p08.cif,0.18362749516963958,0.016544049605727196,0.130969,147.68037821939575,0.159961601095675,1.9465682213265951,0.00935678380659212,1.929304434184344,0.20959916710853577,0.1871051788330078,0.1746322512626648,0.1657160222530365,0.18108485639095306
634702a0660f1387211b4fff_p09,634702a0660f1387211b4fff,CeCrGaTiO6,6347029f660f1387211b4ffd,blind_test,higher_energy_0.10_0.15,,a0a0c+,6.0,rocksalt,rocksalt,P-4n2,step4/candidates/634702a0660f1387211b4fff_p09.cif,0.2319248139858246,0.05348235368728638,0.130969,172.04350774306178,5.62608962933928,1.8764482079125429,0.004801903415171295,1.8696572909776017,0.2227926403284073,0.3249789774417877,0.21694251894950867,0.20446082949638367,0.19044910371303558
634702a0660f1387211b4fff_p10,634702a0660f1387211b4fff,CeCrGaTiO6,6347029f660f1387211b4ffd,blind_test,higher_energy_0.10_0.15,,a0a0c+,12.0,rocksalt,rocksalt,P-4n2,step4/candidates/634702a0660f1387211b4fff_p10.cif,0.22202836871147155,0.02829846180975437,0.130969,164.33982190699302,11.073418124154236,1.896312343049703,0.018847968073063187,1.8696572909776017,0.21483434736728668,0.2673024833202362,0.21255186200141907,0.22508782148361206,0.19036532938480377
634702a0660f1387211b4fff_p11,634702a0660f1387211b4fff,CeCrGaTiO6,6347029f660f1387211b4ffd,blind_test,higher_energy_0.10_0.15,,a0a0a0_ordering_control,0.0,layered,rocksalt,P4/nmm,step4/candidates/634702a0660f1387211b4fff_p11.cif,0.3288255035877228,0.05453241989016533,0.130969,180.0,0.0,1.869657290977602,1.4475537224895361e-15,1.8696572909776017,0.3416668176651001,0.3870477080345154,0.3604348599910736,0.3096636235713959,0.24531450867652893
63470d9b660f1387211b9e1d_p01,63470d9b660f1387211b9e1d,BiNaGeNiO6,63470d9b660f1387211b9e1c,blind_test,higher_energy_0.10_0.15,,original,original,original,original,Pc,step4/candidates/63470d9b660f1387211b9e1d_p01.cif,0.1459056854248047,0.018651235848665237,0.113112,163.15506190081211,0.03485367957181518,1.9099955920998937,0.012085458194290351,1.897779013883361,0.17667944729328156,0.14313998818397522,0.1274639368057251,0.1360754668712616,0.14616958796977997
63470d9b660f1387211b9e1d_p02,63470d9b660f1387211b9e1d,BiNaGeNiO6,63470d9b660f1387211b9e1c,blind_test,higher_energy_0.10_0.15,,a0a0a0,0.0,rocksalt,rocksalt,F-43m,step4/candidates/63470d9b660f1387211b9e1d_p02.cif,0.2603438526391983,0.03204948082566261,0.113112,180.0,0.0,1.8893594948386383,0.0,1.8893594948386383,0.2755524218082428,0.294142484664917,0.23056769371032715,0.2795683443546295,0.22188831865787506
63470d9b660f1387211b9e1d_p03,63470d9b660f1387211b9e1d,BiNaGeNiO6,63470d9b660f1387211b9e1c,blind_test,higher_energy_0.10_0.15,,a0a0c-,6.0,rocksalt,rocksalt,I-4,step4/candidates/63470d9b660f1387211b9e1d_p03.cif,0.15108927190303803,0.009558014571666718,0.113112,172.04350774306172,5.62608962933929,1.8962219735675514,0.004852505244962867,1.8893594948386383,0.16741417348384857,0.14875155687332153,0.14469516277313232,0.15073825418949127,0.14384721219539642
63470d9b660f1387211b9e1d_p04,63470d9b660f1387211b9e1d,BiNaGeNiO6,63470d9b660f1387211b9e1c,blind_test,higher_energy_0.10_0.15,,a0a0c-,12.0,rocksalt,rocksalt,I-4,step4/candidates/63470d9b660f1387211b9e1d_p04.cif,0.14282875657081603,0.01808953285217285,0.113112,164.33982190699305,11.073418124154221,1.9162954343612817,0.01904658549409196,1.8893594948386383,0.17397820949554443,0.13273963332176208,0.14347586035728455,0.13261568546295166,0.13133439421653748
63470d9b660f1387211b9e1d_p05,63470d9b660f1387211b9e1d,BiNaGeNiO6,63470d9b660f1387211b9e1c,blind_test,higher_energy_0.10_0.15,,a-a-a-,6.0,rocksalt,rocksalt,R3,step4/candidates/63470d9b660f1387211b9e1d_p05.cif,0.16501928865909576,0.019099915400147438,0.113112,163.27292765074517,0.03698123125764358,1.909668721277433,0.001235903452838339,1.9075334469593643,0.1750168651342392,0.1513889729976654,0.19260339438915253,0.1609737128019333,0.1451134979724884
63470d9b660f1387211b9e1d_p06,63470d9b660f1387211b9e1d,BiNaGeNiO6,63470d9b660f1387211b9e1c,blind_test,higher_energy_0.10_0.15,,a-a-a-,12.0,rocksalt,rocksalt,R3,step4/candidates/63470d9b660f1387211b9e1d_p06.cif,0.16706649363040924,0.016534777358174324,0.113112,147.90458638315906,0.2746014830978236,1.9659743962208378,0.009518731639546819,1.9496351918348147,0.18623168766498566,0.15124598145484924,0.18185482919216156,0.16481555998325348,0.15118440985679626
63470d9b660f1387211b9e1d_p07,63470d9b660f1387211b9e1d,BiNaGeNiO6,63470d9b660f1387211b9e1c,blind_test,higher_energy_0.10_0.15,,a-a-c+,6.0,rocksalt,rocksalt,Pc,step4/candidates/63470d9b660f1387211b9e1d_p07.cif,0.14972937107086182,0.008507516235113144,0.113112,163.24273266697273,0.021427874922870484,1.9097427003753424,0.0012336989381598635,1.9075334469593643,0.16433373093605042,0.14458146691322327,0.1500445455312729,0.145813450217247,0.1438736617565155
63470d9b660f1387211b9e1d_p08,63470d9b660f1387211b9e1d,BiNaGeNiO6,63470d9b660f1387211b9e1c,blind_test,higher_energy_0.10_0.15,,a-a-c+,12.0,rocksalt,rocksalt,Pc,step4/candidates/63470d9b660f1387211b9e1d_p08.cif,0.15437757670879365,0.010424718260765076,0.113112,147.6803782193958,0.15996160109568086,1.9670809025067584,0.00945538436987709,1.9496351918348147,0.17017923295497894,0.14571768045425415,0.15898722410202026,0.1516416370868683,0.14536210894584656
63470d9b660f1387211b9e1d_p09,63470d9b660f1387211b9e1d,BiNaGeNiO6,63470d9b660f1387211b9e1c,blind_test,higher_energy_0.10_0.15,,a0a0c+,6.0,rocksalt,rocksalt,P-4n2,step4/candidates/63470d9b660f1387211b9e1d_p09.cif,0.1506484717130661,0.00973474234342575,0.113112,172.04350774306172,5.62608962933929,1.8962219735675514,0.004852505244962867,1.8893594948386383,0.16753451526165009,0.14771679043769836,0.14467622339725494,0.14964093267917633,0.14367389678955078
63470d9b660f1387211b9e1d_p10,63470d9b660f1387211b9e1d,BiNaGeNiO6,63470d9b660f1387211b9e1c,blind_test,higher_energy_0.10_0.15,,a0a0c+,12.0,rocksalt,rocksalt,P-4n2,step4/candidates/63470d9b660f1387211b9e1d_p10.cif,0.14325490295886995,0.017878711223602295,0.113112,164.33982190699308,11.073418124154221,1.9162954343612817,0.019046585494091956,1.8893594948386383,0.17417080700397491,0.1324431598186493,0.14295543730258942,0.135555237531662,0.13114987313747406
63470d9b660f1387211b9e1d_p11,63470d9b660f1387211b9e1d,BiNaGeNiO6,63470d9b660f1387211b9e1c,blind_test,higher_energy_0.10_0.15,,a0a0a0_ordering_control,0.0,layered,rocksalt,P4/nmm,step4/candidates/63470d9b660f1387211b9e1d_p11.cif,0.24683731198310851,0.03561604395508766,0.113112,180.0,0.0,1.8893594948386383,0.0,1.8893594948386383,0.2670363485813141,0.2884712219238281,0.22037041187286377,0.257498174905777,0.20081040263175964
63470d1b660f1387211b9a71_p01,63470d1b660f1387211b9a71,Pr2GaNiO6,63470d1b660f1387211b9a70,blind_test,near_stable_0.05_0.10,,original,original,original,original,P2_1/c,step4/candidates/63470d1b660f1387211b9a71_p01.cif,0.06965933293104172,0.013390380889177322,0.0952833,154.52093857547757,0.147418613840911,1.996451203473313,0.010002281603076509,1.9861940839290833,0.05994861572980881,0.057286038994789124,0.06738951802253723,0.07266819477081299,0.09100429713726044
63470d1b660f1387211b9a71_p02,63470d1b660f1387211b9a71,Pr2GaNiO6,63470d1b660f1387211b9a70,blind_test,near_stable_0.05_0.10,,a0a0a0,0.0,rocksalt,rocksalt,Fm-3m,step4/candidates/63470d1b660f1387211b9a71_p02.cif,0.16608693301677704,0.05063334479928017,0.0952833,180.0,0.0,1.9470949502794597,9.805224261780596e-16,1.9470949502794594,0.177032008767128,0.1577153503894806,0.24486753344535828,0.10883525013923645,0.14198452234268188
63470d1b660f1387211b9a71_p03,63470d1b660f1387211b9a71,Pr2GaNiO6,63470d1b660f1387211b9a70,blind_test,near_stable_0.05_0.10,,a0a0c-,6.0,rocksalt,rocksalt,I4/m,step4/candidates/63470d1b660f1387211b9a71_p03.cif,0.09516654461622238,0.040594857186079025,0.0952833,172.04350774306172,5.626089629339295,1.9541671341152884,0.005000789148112214,1.9470949502794594,0.0813603475689888,0.09775620698928833,0.15890425443649292,0.04708028584718704,0.09073162823915482
63470d1b660f1387211b9a71_p04,63470d1b660f1387211b9a71,Pr2GaNiO6,63470d1b660f1387211b9a70,blind_test,near_stable_0.05_0.10,,a0a0c-,12.0,rocksalt,rocksalt,I4/m,step4/candidates/63470d1b660f1387211b9a71_p04.cif,0.09801976829767227,0.03739965334534645,0.0952833,164.33982190699305,11.073418124154239,1.9748540040587148,0.01962861516663345,1.9470949502794594,0.08054929226636887,0.0967424213886261,0.15974189341068268,0.059873223304748535,0.09319201111793518
63470d1b660f1387211b9a71_p05,63470d1b660f1387211b9a71,Pr2GaNiO6,63470d1b660f1387211b9a70,blind_test,near_stable_0.05_0.10,,a-a-a-,6.0,rocksalt,rocksalt,R-3,step4/candidates/63470d1b660f1387211b9a71_p05.cif,0.08045471012592316,0.025199998170137405,0.0952833,163.27292765074517,0.03698123125765955,1.968024790445445,0.0012736704574375214,1.9658242659536624,0.06276032328605652,0.06323456764221191,0.11897235363721848,0.06381342560052872,0.09349288046360016
63470d1b660f1387211b9a71_p06,63470d1b660f1387211b9a71,Pr2GaNiO6,63470d1b660f1387211b9a70,blind_test,near_stable_0.05_0.10,,a-a-a-,12.0,rocksalt,rocksalt,R-3,step4/candidates/63470d1b660f1387211b9a71_p06.cif,0.07900826930999756,0.003920476883649826,0.0952833,147.904586383159,0.2746014830978221,2.026051066362694,0.009809607096509876,2.0092125650406745,0.07350637763738632,0.07924160361289978,0.08445806056261063,0.0780695229768753,0.07976578176021576
63470d1b660f1387211b9a71_p07,63470d1b660f1387211b9a71,Pr2GaNiO6,63470d1b660f1387211b9a70,blind_test,near_stable_0.05_0.10,,a-a-c+,6.0,rocksalt,rocksalt,P2_1/c,step4/candidates/63470d1b660f1387211b9a71_p07.cif,0.06769976168870925,0.010651972144842148,0.0952833,163.24273266697267,0.02142787492288221,1.9681010302126039,0.0012713985767234643,1.9658242659536624,0.06524796038866043,0.05512932687997818,0.07341368496417999,0.062013231217861176,0.08269460499286652
63470d1b660f1387211b9a71_p08,63470d1b660f1387211b9a71,Pr2GaNiO6,63470d1b660f1387211b9a70,blind_test,near_stable_0.05_0.10,,a-a-c+,12.0,rocksalt,rocksalt,P2_1/c,step4/candidates/63470d1b660f1387211b9a71_p08.cif,0.07574373185634613,0.00586819788441062,0.0952833,147.68037821939575,0.15996160109567167,2.0271913855066437,0.009744324047294077,2.0092125650406745,0.06964144855737686,0.07398303598165512,0.08225229382514954,0.07121870666742325,0.08162317425012589
63470d1b660f1387211b9a71_p09,63470d1b660f1387211b9a71,Pr2GaNiO6,63470d1b660f1387211b9a70,blind_test,near_stable_0.05_0.10,,a0a0c+,6.0,rocksalt,rocksalt,P4/mnc,step4/candidates/63470d1b660f1387211b9a71_p09.cif,0.09507536441087723,0.04075007513165474,0.0952833,172.04350774306172,5.626089629339295,1.9541671341152884,0.005000789148112214,1.9470949502794594,0.08121194690465927,0.09809810668230057,0.15907332301139832,0.04690556973218918,0.0900878757238388
63470d1b660f1387211b9a71_p10,63470d1b660f1387211b9a71,Pr2GaNiO6,63470d1b660f1387211b9a70,blind_test,near_stable_0.05_0.10,,a0a0c+,12.0,rocksalt,rocksalt,P4/mnc,step4/candidates/63470d1b660f1387211b9a71_p10.cif,0.0973503440618515,0.03802590072154999,0.0952833,164.33982190699302,11.073418124154239,1.9748540040587148,0.01962861516663345,1.9470949502794594,0.07967190444469452,0.09668204933404922,0.16004900634288788,0.05849754065275192,0.09185121953487396
63470d1b660f1387211b9a71_p11,63470d1b660f1387211b9a71,Pr2GaNiO6,63470d1b660f1387211b9a70,blind_test,near_stable_0.05_0.10,,a0a0a0_ordering_control,0.0,rocksalt,layered,P4/mmm,step4/candidates/63470d1b660f1387211b9a71_p11.cif,0.12526559382677077,0.03975618630647659,0.0952833,180.0,0.0,1.9470949502794597,9.805224261780596e-16,1.9470949502794594,0.12502820789813995,0.11197391152381897,0.192643940448761,0.08951548486948013,0.10716642439365387
6347162a103349a28b1be8fb_p01,6347162a103349a28b1be8fb,EuZnCrSbO6,63471629103349a28b1be8f9,blind_test,near_stable_0.05_0.10,,original,original,original,original,P-1,step4/candidates/6347162a103349a28b1be8fb_p01.cif,0.1147135153412819,0.025485364720225334,0.0901518,155.64048994183483,0.2228998955043522,2.033953774569545,0.20654912117792562,1.8265924770065924,0.09763767570257187,0.15939690172672272,0.11094270646572113,0.10039597004652023,0.1051943227648735
6347162a103349a28b1be8fb_p02,6347162a103349a28b1be8fb,EuZnCrSbO6,63471629103349a28b1be8f9,blind_test,near_stable_0.05_0.10,,a0a0a0,0.0,rocksalt,rocksalt,F-43m,step4/candidates/6347162a103349a28b1be8fb_p02.cif,0.3934687554836273,0.048539336770772934,0.0901518,180.0,0.0,1.9884709072630835,8.005932084973442e-16,1.9884709072630833,0.3975304365158081,0.41806453466415405,0.4193318486213684,0.42386120557785034,0.3085557520389557
6347162a103349a28b1be8fb_p03,6347162a103349a28b1be8fb,EuZnCrSbO6,63471629103349a28b1be8f9,blind_test,near_stable_0.05_0.10,,a0a0c-,6.0,rocksalt,rocksalt,I-4,step4/candidates/6347162a103349a28b1be8fb_p03.cif,0.19218035340309142,0.07614568620920181,0.0901518,172.04350774306172,5.626089629339306,1.995693375692958,0.0051070564036699686,1.9884709072630833,0.1523820012807846,0.31776511669158936,0.18364427983760834,0.19084155559539795,0.1162688136100769
6347162a103349a28b1be8fb_p04,6347162a103349a28b1be8fb,EuZnCrSbO6,63471629103349a28b1be8f9,blind_test,near_stable_0.05_0.10,,a0a0c-,12.0,rocksalt,rocksalt,I-4,step4/candidates/6347162a103349a28b1be8fb_p04.cif,0.18394242525100707,0.07550013065338135,0.0901518,164.33982190699302,11.073418124154255,2.016819843633792,0.020045725147154088,1.9884709072630833,0.1367681622505188,0.3083171248435974,0.1577245593070984,0.19794553518295288,0.11895674467086792
6347162a103349a28b1be8fb_p05,6347162a103349a28b1be8fb,EuZnCrSbO6,63471629103349a28b1be8f9,blind_test,near_stable_0.05_0.10,,a-a-a-,6.0,rocksalt,rocksalt,R3,step4/candidates/6347162a103349a28b1be8fb_p05.cif,0.15021568834781646,0.03639155253767967,0.0901518,163.27292765074517,0.036981231257662416,2.0098455085673264,0.0013007360784800062,2.0075982227161653,0.12366530299186707,0.1475917100906372,0.15245425701141357,0.20960630476474762,0.11776086688041687
6347162a103349a28b1be8fb_p06,6347162a103349a28b1be8fb,EuZnCrSbO6,63471629103349a28b1be8f9,blind_test,near_stable_0.05_0.10,,a-a-a-,12.0,rocksalt,rocksalt,R3,step4/candidates/6347162a103349a28b1be8fb_p06.cif,0.1612060546875,0.02260281704366207,0.0901518,147.904586383159,0.2746014830978352,2.069104848488941,0.010018062200968837,2.051908527376844,0.14755405485630035,0.15706898272037506,0.16259817779064178,0.19859090447425842,0.14021815359592438
6347162a103349a28b1be8fb_p07,6347162a103349a28b1be8fb,EuZnCrSbO6,63471629103349a28b1be8f9,blind_test,near_stable_0.05_0.10,,a-a-c+,6.0,rocksalt,rocksalt,Pc,step4/candidates/6347162a103349a28b1be8fb_p07.cif,0.1389668270945549,0.01904698833823204,0.0901518,163.2427326669727,0.021427874922864625,2.009923368436949,0.0012984159200799144,2.0075982227161653,0.12400095909833908,0.14063139259815216,0.14272060990333557,0.16787287592887878,0.11960829794406891
6347162a103349a28b1be8fb_p08,6347162a103349a28b1be8fb,EuZnCrSbO6,63471629103349a28b1be8f9,blind_test,near_stable_0.05_0.10,,a-a-c+,12.0,rocksalt,rocksalt,Pc,step4/candidates/6347162a103349a28b1be8fb_p08.cif,0.15369108617305755,0.01748138666152954,0.0901518,147.68037821939575,0.15996160109567584,2.0702693995255577,0.009951391880610554,2.051908527376844,0.14787861704826355,0.15330860018730164,0.15250273048877716,0.1814638078212738,0.13330167531967163
6347162a103349a28b1be8fb_p09,6347162a103349a28b1be8fb,EuZnCrSbO6,63471629103349a28b1be8f9,blind_test,near_stable_0.05_0.10,,a0a0c+,6.0,rocksalt,rocksalt,P-4n2,step4/candidates/6347162a103349a28b1be8fb_p09.cif,0.19179665446281433,0.07668790966272354,0.0901518,172.04350774306172,5.626089629339306,1.995693375692958,0.0051070564036699686,1.9884709072630833,0.15134890377521515,0.31857046484947205,0.18320025503635406,0.18982136249542236,0.11604228615760803
6347162a103349a28b1be8fb_p10,6347162a103349a28b1be8fb,EuZnCrSbO6,63471629103349a28b1be8f9,blind_test,near_stable_0.05_0.10,,a0a0c+,12.0,rocksalt,rocksalt,P-4n2,step4/candidates/6347162a103349a28b1be8fb_p10.cif,0.18451337814331054,0.07546987384557724,0.0901518,164.33982190699302,11.073418124154255,2.016819843633792,0.020045725147154088,1.9884709072630833,0.1351623833179474,0.30648279190063477,0.15707072615623474,0.20492099225521088,0.11892999708652496
6347162a103349a28b1be8fb_p11,6347162a103349a28b1be8fb,EuZnCrSbO6,63471629103349a28b1be8f9,blind_test,near_stable_0.05_0.10,,a0a0a0_ordering_control,0.0,layered,rocksalt,P4/nmm,step4/candidates/6347162a103349a28b1be8fb_p11.cif,0.37695574164390566,0.0612955242395401,0.0901518,180.0,0.0,1.9884709072630835,8.005932084973442e-16,1.9884709072630833,0.3572659492492676,0.43256521224975586,0.4069664478302002,0.40908437967300415,0.2788967192173004
634702f6103349a28b1b525c_p01,634702f6103349a28b1b525c,SmTbAlCrO6,634702f5103349a28b1b525a,blind_test,stable_positive_control_le_0.03,,original,original,original,original,Pc,step4/candidates/634702f6103349a28b1b525c_p01.cif,0.0002788543701171875,0.001326408120803535,-0.00620227,142.6960979090289,0.5920378902889115,2.0066890055096116,0.13023961154129024,1.8739777281466068,-0.0015641897916793823,0.0017118006944656372,0.001389726996421814,-0.00030359625816345215,0.0001605302095413208
634702f6103349a28b1b525c_p02,634702f6103349a28b1b525c,SmTbAlCrO6,634702f5103349a28b1b525a,blind_test,stable_positive_control_le_0.03,,a0a0a0,0.0,rocksalt,rocksalt,F-43m,step4/candidates/634702f6103349a28b1b525c_p02.cif,0.1401084244251251,0.012142280116677284,-0.00620227,180.0,0.0,1.9007436110815743,1.4130832128153975e-15,1.9007436110815732,0.16027526557445526,0.14035774767398834,0.13786907494068146,0.12849383056163788,0.13354620337486267
634702f6103349a28b1b525c_p03,634702f6103349a28b1b525c,SmTbAlCrO6,634702f5103349a28b1b525a,blind_test,stable_positive_control_le_0.03,,a0a0c-,6.0,rocksalt,rocksalt,I-4,step4/candidates/634702f6103349a28b1b525c_p03.cif,0.01989039182662964,0.012247065082192421,-0.00620227,172.04350774306178,5.62608962933928,1.9076474388791944,0.004881743451841472,1.9007436110815732,0.011408090591430664,0.032973483204841614,0.021540746092796326,0.0038306862115859985,0.02969895303249359
634702f6103349a28b1b525c_p04,634702f6103349a28b1b525c,SmTbAlCrO6,634702f5103349a28b1b525a,blind_test,stable_positive_control_le_0.03,,a0a0c-,12.0,rocksalt,rocksalt,I-4,step4/candidates/634702f6103349a28b1b525c_p04.cif,0.005328339338302612,0.007164677605032921,-0.00620227,164.33982190699302,11.073418124154243,1.927841849979999,0.019161348483289195,1.9007436110815732,0.00424899160861969,0.012317702174186707,0.001966997981071472,-0.004335507750511169,0.012443512678146362
634702f6103349a28b1b525c_p05,634702f6103349a28b1b525c,SmTbAlCrO6,634702f5103349a28b1b525a,blind_test,stable_positive_control_le_0.03,,a-a-a-,6.0,rocksalt,rocksalt,R3,step4/candidates/634702f6103349a28b1b525c_p05.cif,0.02517302930355072,0.026526369154453278,-0.00620227,163.27292765074517,0.036981231257662436,1.9211752084059601,0.00124335024557981,1.9190270682404367,0.0038743168115615845,0.012024328112602234,0.07120728492736816,0.020325452089309692,0.018433764576911926
634702f6103349a28b1b525c_p06,634702f6103349a28b1b525c,SmTbAlCrO6,634702f5103349a28b1b525a,blind_test,stable_positive_control_le_0.03,,a-a-a-,12.0,rocksalt,rocksalt,R3,step4/candidates/634702f6103349a28b1b525c_p06.cif,0.02003909945487976,0.0038977726362645626,-0.00620227,147.904586383159,0.27460148309782645,1.9778201466554985,0.009576085651722296,1.961382492290762,0.019409239292144775,0.025959134101867676,0.016371235251426697,0.01693035662174225,0.021525532007217407
634702f6103349a28b1b525c_p07,634702f6103349a28b1b525c,SmTbAlCrO6,634702f5103349a28b1b525a,blind_test,stable_positive_control_le_0.03,,a-a-c+,6.0,rocksalt,rocksalt,Pc,step4/candidates/634702f6103349a28b1b525c_p07.cif,0.00742969810962677,0.0048968615010380745,-0.00620227,163.24273266697267,0.02142787492287551,1.9212496332563338,0.0012411324478541535,1.9190270682404365,0.00416836142539978,0.012101173400878906,0.005715161561965942,0.0020831674337387085,0.013080626726150513
634702f6103349a28b1b525c_p08,634702f6103349a28b1b525c,SmTbAlCrO6,634702f5103349a28b1b525a,blind_test,stable_positive_control_le_0.03,,a-a-c+,12.0,rocksalt,rocksalt,Pc,step4/candidates/634702f6103349a28b1b525c_p08.cif,0.013731414079666137,0.005112596321851015,-0.00620227,147.68037821939578,0.15996160109566832,1.9789333200665562,0.009512356690435075,1.961382492290762,0.01118515431880951,0.019736170768737793,0.009578824043273926,0.009359925985336304,0.018796995282173157
634702f6103349a28b1b525c_p09,634702f6103349a28b1b525c,SmTbAlCrO6,634702f5103349a28b1b525a,blind_test,stable_positive_control_le_0.03,,a0a0c+,6.0,rocksalt,rocksalt,P-4n2,step4/candidates/634702f6103349a28b1b525c_p09.cif,0.01945556402206421,0.01259855180978775,-0.00620227,172.04350774306178,5.62608962933928,1.9076474388791944,0.004881743451841473,1.9007436110815732,0.010608240962028503,0.032033905386924744,0.020331382751464844,0.0032412558794021606,0.031063035130500793
634702f6103349a28b1b525c_p10,634702f6103349a28b1b525c,SmTbAlCrO6,634702f5103349a28b1b525a,blind_test,stable_positive_control_le_0.03,,a0a0c+,12.0,rocksalt,rocksalt,P-4n2,step4/candidates/634702f6103349a28b1b525c_p10.cif,0.005656599998474121,0.006262967828661203,-0.00620227,164.33982190699302,11.073418124154243,1.927841849979999,0.019161348483289195,1.9007436110815732,0.002886265516281128,0.01134827733039856,0.004263639450073242,-0.00264817476272583,0.012432992458343506
634702f6103349a28b1b525c_p11,634702f6103349a28b1b525c,SmTbAlCrO6,634702f5103349a28b1b525a,blind_test,stable_positive_control_le_0.03,,a0a0a0_ordering_control,0.0,layered,rocksalt,P4/nmm,step4/candidates/634702f6103349a28b1b525c_p11.cif,0.13930031061172485,0.011271362192928791,-0.00620227,180.0,0.0,1.9007436110815743,1.4130832128153975e-15,1.9007436110815732,0.15911424160003662,0.13726583123207092,0.13241881132125854,0.13538524508476257,0.1323174238204956
634710d8103349a28b1bbd8b_p01,634710d8103349a28b1bbd8b,DyEuCrWO6,634710d8103349a28b1bbd87,blind_test,stable_positive_control_le_0.03,,original,original,original,original,P-1,step4/candidates/634710d8103349a28b1bbd8b_p01.cif,0.03311778008937836,0.0016480996273458004,0.0244544,157.99322730490374,0.10996869301466744,2.0267351383995247,0.10987130146696396,1.916593114775985,0.03291918337345123,0.035634517669677734,0.03321297466754913,0.03279721736907959,0.031025007367134094
634710d8103349a28b1bbd8b_p02,634710d8103349a28b1bbd8b,DyEuCrWO6,634710d8103349a28b1bbd87,blind_test,stable_positive_control_le_0.03,,a0a0a0,0.0,rocksalt,rocksalt,F-43m,step4/candidates/634710d8103349a28b1bbd8b_p02.cif,0.2936978995800018,0.027870740741491318,0.0244544,180.0,0.0,1.9894686726673718,5.874748045952207e-16,1.9894686726673712,0.26844677329063416,0.3258534073829651,0.28271204233169556,0.32129737734794617,0.2701798975467682
634710d8103349a28b1bbd8b_p03,634710d8103349a28b1bbd8b,DyEuCrWO6,634710d8103349a28b1bbd87,blind_test,stable_positive_control_le_0.03,,a0a0c-,6.0,rocksalt,rocksalt,I-4,step4/candidates/634710d8103349a28b1bbd8b_p03.cif,0.06839586794376373,0.03389064967632294,0.0244544,172.0435077430618,5.626089629339272,1.9966947651528486,0.005109618997962103,1.9894686726673712,0.040943264961242676,0.06404240429401398,0.05615866184234619,0.12717381119728088,0.053661197423934937
634710d8103349a28b1bbd8b_p04,634710d8103349a28b1bbd8b,DyEuCrWO6,634710d8103349a28b1bbd87,blind_test,stable_positive_control_le_0.03,,a0a0c-,12.0,rocksalt,rocksalt,I-4,step4/candidates/634710d8103349a28b1bbd8b_p04.cif,0.06421792656183242,0.03308925777673721,0.0244544,164.33982190699302,11.073418124154255,2.0178318338315413,0.02005578359507133,1.9894686726673712,0.039040565490722656,0.052311502397060394,0.055578090250492096,0.1223214864730835,0.0518379881978035
634710d8103349a28b1bbd8b_p05,634710d8103349a28b1bbd8b,DyEuCrWO6,634710d8103349a28b1bbd87,blind_test,stable_positive_control_le_0.03,,a-a-a-,6.0,rocksalt,rocksalt,R3,step4/candidates/634710d8103349a28b1bbd8b_p05.cif,0.07002695798873901,0.03066215105354786,0.0244544,163.27292765074517,0.03698123125763634,2.0108539992166428,0.001301388755597569,2.008605585733155,0.039109691977500916,0.062130436301231384,0.06412142515182495,0.12160693109035492,0.0631663054227829
634710d8103349a28b1bbd8b_p06,634710d8103349a28b1bbd8b,DyEuCrWO6,634710d8103349a28b1bbd87,blind_test,stable_positive_control_le_0.03,,a-a-a-,12.0,rocksalt,rocksalt,R3,step4/candidates/634710d8103349a28b1bbd8b_p06.cif,0.07469061464071274,0.029445087537169456,0.0244544,147.904586383159,0.27460148309782645,2.0701430740059084,0.01002308901621941,2.0529381242061984,0.04311174154281616,0.08530280739068985,0.05840752273797989,0.11976636946201324,0.06686463207006454
634710d8103349a28b1bbd8b_p07,634710d8103349a28b1bbd8b,DyEuCrWO6,634710d8103349a28b1bbd87,blind_test,stable_positive_control_le_0.03,,a-a-c+,6.0,rocksalt,rocksalt,Pc,step4/candidates/634710d8103349a28b1bbd8b_p07.cif,0.05995618999004364,0.026952415704727173,0.0244544,163.24273266697273,0.021427874922862113,2.0109318981544178,0.001299067432999525,2.0086055857331555,0.03890085220336914,0.052355729043483734,0.04507416486740112,0.10657858103513718,0.056871622800827026
634710d8103349a28b1bbd8b_p08,634710d8103349a28b1bbd8b,DyEuCrWO6,634710d8103349a28b1bbd87,blind_test,stable_positive_control_le_0.03,,a-a-c+,12.0,rocksalt,rocksalt,Pc,step4/candidates/634710d8103349a28b1bbd8b_p08.cif,0.06600686460733414,0.031136730685830116,0.0244544,147.68037821939575,0.15996160109566496,2.0713082093853643,0.009956385242347229,2.0529381242061984,0.03933919966220856,0.06399514526128769,0.04440465569496155,0.11790581792593002,0.06438950449228287
634710d8103349a28b1bbd8b_p09,634710d8103349a28b1bbd8b,DyEuCrWO6,634710d8103349a28b1bbd87,blind_test,stable_positive_control_le_0.03,,a0a0c+,6.0,rocksalt,rocksalt,P-4n2,step4/candidates/634710d8103349a28b1bbd8b_p09.cif,0.06804059892892837,0.03378082066774368,0.0244544,172.0435077430618,5.626089629339272,1.9966947651528486,0.005109618997962104,1.9894686726673712,0.039943352341651917,0.06429657340049744,0.05616382509469986,0.12639901041984558,0.05340023338794708
634710d8103349a28b1bbd8b_p10,634710d8103349a28b1bbd8b,DyEuCrWO6,634710d8103349a28b1bbd87,blind_test,stable_positive_control_le_0.03,,a0a0c+,12.0,rocksalt,rocksalt,P-4n2,step4/candidates/634710d8103349a28b1bbd8b_p10.cif,0.06345135867595672,0.033033933490514755,0.0244544,164.33982190699302,11.073418124154255,2.0178318338315413,0.02005578359507133,1.9894686726673712,0.03756336867809296,0.05141901969909668,0.05567537993192673,0.12126703560352325,0.05133198946714401
634710d8103349a28b1bbd8b_p11,634710d8103349a28b1bbd8b,DyEuCrWO6,634710d8103349a28b1bbd87,blind_test,stable_positive_control_le_0.03,,a0a0a0_ordering_control,0.0,layered,rocksalt,P4/nmm,step4/candidates/634710d8103349a28b1bbd8b_p11.cif,0.27672537565231325,0.03069676086306572,0.0244544,180.0,0.0,1.9894686726673718,5.874748045952207e-16,1.9894686726673712,0.26620975136756897,0.2966197431087494,0.2721260190010071,0.3145241439342499,0.23414722084999084
63470181660f1387211b4738_p01,63470181660f1387211b4738,CeSmGaPrO6,63470180660f1387211b4736,blind_test,unstable_negative_control_gt_0.20,,original,original,original,original,P-1,step4/candidates/63470181660f1387211b4738_p01.cif,0.21739133298397065,0.0010465732775628567,0.220183,136.4596442383349,1.028513711549062,2.191179814454816,0.2046992413623831,1.9787791441994063,0.2167377471923828,0.21608294546604156,0.2172921597957611,0.21865451335906982,0.2181892991065979
63470181660f1387211b4738_p02,63470181660f1387211b4738,CeSmGaPrO6,63470180660f1387211b4736,blind_test,unstable_negative_control_gt_0.20,,a0a0a0,0.0,rocksalt,rocksalt,F-43m,step4/candidates/63470181660f1387211b4738_p02.cif,0.425282484292984,0.04478584975004196,0.220183,180.0,0.0,2.034220756001146,9.930136612989092e-16,2.0342207560011447,0.45733514428138733,0.41823774576187134,0.47356629371643066,0.41969239711761475,0.35758084058761597
63470181660f1387211b4738_p03,63470181660f1387211b4738,CeSmGaPrO6,63470180660f1387211b4736,blind_test,unstable_negative_control_gt_0.20,,a0a0c-,6.0,rocksalt,rocksalt,I-4,step4/candidates/63470181660f1387211b4738_p03.cif,0.22407524585723876,0.027935095131397247,0.220183,172.04350774306178,5.62608962933928,2.0416093957523986,0.005224557271855192,2.0342207560011447,0.22828057408332825,0.1982220560312271,0.25297462940216064,0.2485024631023407,0.19239650666713715
63470181660f1387211b4738_p04,63470181660f1387211b4738,CeSmGaPrO6,63470180660f1387211b4736,blind_test,unstable_negative_control_gt_0.20,,a0a0c-,12.0,rocksalt,rocksalt,I-4,step4/candidates/63470181660f1387211b4738_p04.cif,0.22872427403926848,0.030155418440699577,0.220183,164.33982190699302,11.073418124154243,2.0632219320129317,0.020506928220318132,2.0342207560011447,0.22868712246418,0.2043108344078064,0.2713303864002228,0.24268221855163574,0.19661080837249756
63470181660f1387211b4738_p05,63470181660f1387211b4738,CeSmGaPrO6,63470180660f1387211b4736,blind_test,unstable_negative_control_gt_0.20,,a-a-a-,6.0,rocksalt,rocksalt,R3,step4/candidates/63470181660f1387211b4738_p05.cif,0.23579009771347045,0.05420740321278572,0.220183,163.27292765074517,0.03698123125764648,2.056087134566466,0.0013306628320581349,2.0537881441681654,0.2102414071559906,0.18631625175476074,0.32145053148269653,0.25556179881095886,0.20538049936294556
63470181660f1387211b4738_p06,63470181660f1387211b4738,CeSmGaPrO6,63470180660f1387211b4736,blind_test,unstable_negative_control_gt_0.20,,a-a-a-,12.0,rocksalt,rocksalt,R3,step4/candidates/63470181660f1387211b4738_p06.cif,0.21124022901058198,0.02782244235277176,0.220183,147.904586383159,0.27460148309782506,2.1167098868607885,0.010248553292726073,2.0991179204883785,0.20681628584861755,0.17419712245464325,0.2443258911371231,0.2323838770389557,0.19847796857357025
63470181660f1387211b4738_p07,63470181660f1387211b4738,CeSmGaPrO6,63470180660f1387211b4736,blind_test,unstable_negative_control_gt_0.20,,a-a-c+,6.0,rocksalt,rocksalt,Pc,step4/candidates/63470181660f1387211b4738_p07.cif,0.20646580159664155,0.01667562499642372,0.220183,163.24273266697267,0.021427874922862952,2.0561667858011248,0.00132828929249191,2.0537881441681654,0.21228480339050293,0.1836867332458496,0.22080709040164948,0.22101259231567383,0.19453778862953186
63470181660f1387211b4738_p08,63470181660f1387211b4738,CeSmGaPrO6,63470180660f1387211b4736,blind_test,unstable_negative_control_gt_0.20,,a-a-c+,12.0,rocksalt,rocksalt,Pc,step4/candidates/63470181660f1387211b4738_p08.cif,0.2088155299425125,0.024080924689769745,0.220183,147.68037821939575,0.15996160109567584,2.1179012313664862,0.010180349051473817,2.0991179204883785,0.21574784815311432,0.17286144196987152,0.21877887845039368,0.23702535033226013,0.1996641308069229
63470181660f1387211b4738_p09,63470181660f1387211b4738,CeSmGaPrO6,63470180660f1387211b4736,blind_test,unstable_negative_control_gt_0.20,,a0a0c+,6.0,rocksalt,rocksalt,P-4n2,step4/candidates/63470181660f1387211b4738_p09.cif,0.22349162697792052,0.026663972064852715,0.220183,172.04350774306178,5.62608962933928,2.0416093957523986,0.005224557271855192,2.0342207560011447,0.22730059921741486,0.19954967498779297,0.25030994415283203,0.2476678192615509,0.1926300972700119
63470181660f1387211b4738_p10,63470181660f1387211b4738,CeSmGaPrO6,63470180660f1387211b4736,blind_test,unstable_negative_control_gt_0.20,,a0a0c+,12.0,rocksalt,rocksalt,P-4n2,step4/candidates/63470181660f1387211b4738_p10.cif,0.22807779014110566,0.030803004279732704,0.220183,164.33982190699302,11.073418124154243,2.0632219320129312,0.020506928220318132,2.0342207560011447,0.227672278881073,0.20187556743621826,0.2715500295162201,0.24284616112709045,0.19644491374492645
63470181660f1387211b4738_p11,63470181660f1387211b4738,CeSmGaPrO6,63470180660f1387211b4736,blind_test,unstable_negative_control_gt_0.20,,a0a0a0_ordering_control,0.0,layered,rocksalt,P4/nmm,step4/candidates/63470181660f1387211b4738_p11.cif,0.42042514085769656,0.040753062814474106,0.220183,180.0,0.0,2.034220756001146,9.930136612989092e-16,2.0342207560011447,0.44419148564338684,0.41301190853118896,0.47116294503211975,0.41135960817337036,0.36239975690841675
634708f4103349a28b1b8016_p01,634708f4103349a28b1b8016,BaYCuTiO6,634708f4103349a28b1b8013,blind_test,unstable_negative_control_gt_0.20,,original,original,original,original,F-43m,step4/candidates/634708f4103349a28b1b8016_p01.cif,0.2576084494590759,0.0016467372188344598,0.262218,180.0,0.0,1.9782415,0.013452042199999995,1.9647894577999994,0.25589340925216675,0.2591821551322937,0.25902485847473145,0.2581132650375366,0.2558285593986511
634708f4103349a28b1b8016_p02,634708f4103349a28b1b8016,BaYCuTiO6,634708f4103349a28b1b8013,blind_test,unstable_negative_control_gt_0.20,,a0a0a0,0.0,rocksalt,rocksalt,F-43m,step4/candidates/634708f4103349a28b1b8016_p02.cif,0.2609716057777405,0.011990910395979881,0.262218,180.0,0.0,1.9782415,3.8459253727671276e-16,1.9782414999999993,0.25266075134277344,0.27393418550491333,0.27335885167121887,0.25689181685447693,0.24801242351531982
634708f4103349a28b1b8016_p03,634708f4103349a28b1b8016,BaYCuTiO6,634708f4103349a28b1b8013,blind_test,unstable_negative_control_gt_0.20,,a0a0c-,6.0,rocksalt,rocksalt,I-4,step4/candidates/634708f4103349a28b1b8016_p03.cif,0.16246407628059387,0.013017786666750908,0.262218,172.04350774306172,5.626089629339297,1.985426813462837,0.005080783874523101,1.9782414999999993,0.16256123781204224,0.1590905785560608,0.1845695823431015,0.15253037214279175,0.15356861054897308
634708f4103349a28b1b8016_p04,634708f4103349a28b1b8016,BaYCuTiO6,634708f4103349a28b1b8013,blind_test,unstable_negative_control_gt_0.20,,a0a0c-,12.0,rocksalt,rocksalt,I-4,step4/candidates/634708f4103349a28b1b8016_p04.cif,0.1600761115550995,0.017328470945358276,0.262218,164.33982190699302,11.073418124154243,2.0064445992782205,0.01994260275010751,1.9782414999999993,0.15369021892547607,0.15436986088752747,0.1908191442489624,0.15283642709255219,0.1486649066209793
634708f4103349a28b1b8016_p05,634708f4103349a28b1b8016,BaYCuTiO6,634708f4103349a28b1b8013,blind_test,unstable_negative_control_gt_0.20,,a-a-a-,6.0,rocksalt,rocksalt,R3,step4/candidates/634708f4103349a28b1b8016_p05.cif,0.1689494162797928,0.030118966475129128,0.262218,163.27292765074523,0.03698123125765524,1.9995061426918088,0.001294044625746274,1.9972704176847746,0.16007263958454132,0.15659363567829132,0.22247010469436646,0.1551949381828308,0.15041576325893402
634708f4103349a28b1b8016_p06,634708f4103349a28b1b8016,BaYCuTiO6,634708f4103349a28b1b8013,blind_test,unstable_negative_control_gt_0.20,,a-a-a-,12.0,rocksalt,rocksalt,R3,step4/candidates/634708f4103349a28b1b8016_p06.cif,0.1615319460630417,0.012035506777465343,0.262218,147.90458638315903,0.2746014830978265,2.058460631322925,0.009966525697283403,2.0413527742519357,0.16207768023014069,0.1657068133354187,0.17884737253189087,0.14742612838745117,0.153601735830307
634708f4103349a28b1b8016_p07,634708f4103349a28b1b8016,BaYCuTiO6,634708f4103349a28b1b8013,blind_test,unstable_negative_control_gt_0.20,,a-a-c+,6.0,rocksalt,rocksalt,Pc,step4/candidates/634708f4103349a28b1b8016_p07.cif,0.15246407687664032,0.007959326729178429,0.262218,163.24273266697273,0.02142787492291068,1.9995836020223479,0.0012917364030728348,1.9972704176847746,0.15588629245758057,0.15060143172740936,0.1639859676361084,0.1427684873342514,0.14907820522785187
634708f4103349a28b1b8016_p08,634708f4103349a28b1b8016,BaYCuTiO6,634708f4103349a28b1b8013,blind_test,unstable_negative_control_gt_0.20,,a-a-c+,12.0,rocksalt,rocksalt,Pc,step4/candidates/634708f4103349a28b1b8016_p08.cif,0.15503176748752595,0.004676317796111107,0.262218,147.6803782193958,0.15996160109567584,2.0596191914914885,0.00990019835295601,2.0413527742519357,0.15524080395698547,0.15605540573596954,0.1600213199853897,0.14733117818832397,0.156510129570961
634708f4103349a28b1b8016_p09,634708f4103349a28b1b8016,BaYCuTiO6,634708f4103349a28b1b8013,blind_test,unstable_negative_control_gt_0.20,,a0a0c+,6.0,rocksalt,rocksalt,P-4n2,step4/candidates/634708f4103349a28b1b8016_p09.cif,0.161915385723114,0.012796208262443542,0.262218,172.04350774306172,5.626089629339297,1.985426813462837,0.005080783874523101,1.9782414999999993,0.16216988861560822,0.15822891891002655,0.18364188075065613,0.15178540349006653,0.15375083684921265
634708f4103349a28b1b8016_p10,634708f4103349a28b1b8016,BaYCuTiO6,634708f4103349a28b1b8013,blind_test,unstable_negative_control_gt_0.20,,a0a0c+,12.0,rocksalt,rocksalt,P-4n2,step4/candidates/634708f4103349a28b1b8016_p10.cif,0.1594395875930786,0.01765906997025013,0.262218,164.33982190699302,11.073418124154243,2.0064445992782205,0.01994260275010751,1.9782414999999993,0.15266743302345276,0.15367519855499268,0.19083203375339508,0.15159635245800018,0.14842692017555237
634708f4103349a28b1b8016_p11,634708f4103349a28b1b8016,BaYCuTiO6,634708f4103349a28b1b8013,blind_test,unstable_negative_control_gt_0.20,,a0a0a0_ordering_control,0.0,layered,rocksalt,P4/nmm,step4/candidates/634708f4103349a28b1b8016_p11.cif,0.2434405952692032,0.014796302653849125,0.262218,180.0,0.0,1.9782415,3.8459253727671276e-16,1.9782414999999993,0.23934194445610046,0.2568790912628174,0.2494809329509735,0.25193026661872864,0.21957074105739594
634713d2103349a28b1bd72e_p01,634713d2103349a28b1bd72e,CrEuAlSbO6,634713d2103349a28b1bd72b,development,high_uncertainty,,original,original,original,original,Cm,step4/candidates/634713d2103349a28b1bd72e_p01.cif,0.33434346318244934,0.07038648426532745,0.324645,176.28470515117098,0.6496020542349424,1.9288980969254144,0.05292462744481672,1.875831966532011,0.3374481797218323,0.3927328586578369,0.41425907611846924,0.2610686719417572,0.2662085294723511
634713d2103349a28b1bd72e_p02,634713d2103349a28b1bd72e,CrEuAlSbO6,634713d2103349a28b1bd72b,development,high_uncertainty,,a0a0a0,0.0,rocksalt,rocksalt,F-43m,step4/candidates/634713d2103349a28b1bd72e_p02.cif,0.438771116733551,0.05690569430589676,0.324645,180.0,0.0,1.9278538970813983,0.0,1.9278538970813983,0.48886704444885254,0.47152015566825867,0.46555468440055847,0.3475950360298157,0.4203186631202698
634713d2103349a28b1bd72e_p03,634713d2103349a28b1bd72e,CrEuAlSbO6,634713d2103349a28b1bd72b,development,high_uncertainty,,a0a0c-,6.0,rocksalt,rocksalt,I-4,step4/candidates/634713d2103349a28b1bd72e_p03.cif,0.3212668240070343,0.030755477026104927,0.324645,172.04350774306178,5.62608962933928,1.9348561941017983,0.004951371707007253,1.9278538970813983,0.32142698764801025,0.36508709192276,0.31755250692367554,0.2783425450325012,0.3239249885082245
634713d2103349a28b1bd72e_p04,634713d2103349a28b1bd72e,CrEuAlSbO6,634713d2103349a28b1bd72b,development,high_uncertainty,,a0a0c-,12.0,rocksalt,rocksalt,I-4,step4/candidates/634713d2103349a28b1bd72e_p04.cif,0.3021243870258331,0.028230872005224228,0.324645,164.33982190699302,11.073418124154243,1.9553386378743156,0.0194346465938264,1.9278538970813983,0.29604387283325195,0.32321369647979736,0.29942357540130615,0.33218613266944885,0.25975465774536133
634713d2103349a28b1bd72e_p05,634713d2103349a28b1bd72e,CrEuAlSbO6,634713d2103349a28b1bd72b,development,high_uncertainty,,a-a-a-,6.0,rocksalt,rocksalt,R3,step4/candidates/634713d2103349a28b1bd72e_p05.cif,0.2900920927524567,0.038369666785001755,0.324645,163.27292765074517,0.03698123125764648,1.9485769100620924,0.001261084136968258,1.9463981309961327,0.28707483410835266,0.23114639520645142,0.29095685482025146,0.3370421528816223,0.30424022674560547
634713d2103349a28b1bd72e_p06,634713d2103349a28b1bd72e,CrEuAlSbO6,634713d2103349a28b1bd72b,development,high_uncertainty,,a-a-a-,12.0,rocksalt,rocksalt,R3,step4/candidates/634713d2103349a28b1bd72e_p06.cif,0.3011584639549255,0.022312095388770103,0.324645,147.904586383159,0.274601483097825,2.0060297744661284,0.009712669259981413,1.9893576700112294,0.3102726936340332,0.2907490134239197,0.29020988941192627,0.3356093764305115,0.27895134687423706
634713d2103349a28b1bd72e_p07,634713d2103349a28b1bd72e,CrEuAlSbO6,634713d2103349a28b1bd72b,development,high_uncertainty,,a-a-c+,6.0,rocksalt,rocksalt,Pc,step4/candidates/634713d2103349a28b1bd72e_p07.cif,0.25106506049633026,0.01404562033712864,0.324645,163.24273266697273,0.02142787492286546,1.9486523964333191,0.0012588347068171132,1.9463981309961327,0.2618514597415924,0.22761264443397522,0.24873273074626923,0.2601199746131897,0.25700849294662476
634713d2103349a28b1bd72e_p08,634713d2103349a28b1bd72e,CrEuAlSbO6,634713d2103349a28b1bd72b,development,high_uncertainty,,a-a-c+,12.0,rocksalt,rocksalt,Pc,step4/candidates/634713d2103349a28b1bd72e_p08.cif,0.264014208316803,0.010432438924908638,0.324645,147.68037821939578,0.1599616010956725,2.0071588250577617,0.009648031333194109,1.9893576700112294,0.27968829870224,0.2542797327041626,0.2618406116962433,0.2556856572628021,0.2685767412185669
634713d2103349a28b1bd72e_p09,634713d2103349a28b1bd72e,CrEuAlSbO6,634713d2103349a28b1bd72b,development,high_uncertainty,,a0a0c+,6.0,rocksalt,rocksalt,P-4n2,step4/candidates/634713d2103349a28b1bd72e_p09.cif,0.3225176513195038,0.029942011460661888,0.324645,172.04350774306178,5.62608962933928,1.9348561941017983,0.004951371707007253,1.9278538970813983,0.31998610496520996,0.3666529953479767,0.31835317611694336,0.28242552280426025,0.32517045736312866
634713d2103349a28b1bd72e_p10,634713d2103349a28b1bd72e,CrEuAlSbO6,634713d2103349a28b1bd72b,development,high_uncertainty,,a0a0c+,12.0,rocksalt,rocksalt,P-4n2,step4/candidates/634713d2103349a28b1bd72e_p10.cif,0.30164055824279784,0.027907613664865494,0.324645,164.33982190699302,11.073418124154243,1.9553386378743156,0.0194346465938264,1.9278538970813983,0.2949998378753662,0.32359009981155396,0.300761878490448,0.32967156171798706,0.25917941331863403
634713d2103349a28b1bd72e_p11,634713d2103349a28b1bd72e,CrEuAlSbO6,634713d2103349a28b1bd72b,development,high_uncertainty,,a0a0a0_ordering_control,0.0,layered,rocksalt,P4/nmm,step4/candidates/634713d2103349a28b1bd72e_p11.cif,0.4273770093917847,0.05716678500175476,0.324645,180.0,0.0,1.9278538970813983,0.0,1.9278538970813983,0.4934043884277344,0.4605036675930023,0.43793055415153503,0.3452659249305725,0.3997805118560791
634d89f7d6d16c71eb0d3b4f_p01,634d89f7d6d16c71eb0d3b4f,BaSnTbTiO6,634d89f6d6d16c71eb0d3b4e,development,high_uncertainty,,original,original,original,original,Cm,step4/candidates/634d89f7d6d16c71eb0d3b4f_p01.cif,0.34807186126708983,0.06934802979230881,0.225032,175.8106707944702,0.7303463051117648,2.055311086603398,0.09099489243167101,1.964010456062434,0.3582415282726288,0.3351001441478729,0.32525092363357544,0.45605647563934326,0.2657102346420288
634d89f7d6d16c71eb0d3b4f_p02,634d89f7d6d16c71eb0d3b4f,BaSnTbTiO6,634d89f6d6d16c71eb0d3b4e,development,high_uncertainty,,a0a0a0,0.0,rocksalt,rocksalt,F-43m,step4/candidates/634d89f7d6d16c71eb0d3b4f_p02.cif,0.425778329372406,0.06515586376190186,0.225032,180.0,0.0,2.0538983021597814,9.42055475210265e-16,2.05389830215978,0.47812309861183167,0.36940211057662964,0.42293819785118103,0.5034812688827515,0.35494697093963623
634d89f7d6d16c71eb0d3b4f_p03,634d89f7d6d16c71eb0d3b4f,BaSnTbTiO6,634d89f6d6d16c71eb0d3b4e,development,high_uncertainty,,a0a0c-,6.0,rocksalt,rocksalt,I-4,step4/candidates/634d89f7d6d16c71eb0d3b4f_p03.cif,0.29416462779045105,0.051504746079444885,0.225032,172.04350774306172,5.626089629339293,2.061358414143989,0.0052750957724443,2.05389830215978,0.293152391910553,0.2439384162425995,0.29842516779899597,0.3766690194606781,0.2586381435394287
634d89f7d6d16c71eb0d3b4f_p04,634d89f7d6d16c71eb0d3b4f,BaSnTbTiO6,634d89f6d6d16c71eb0d3b4e,development,high_uncertainty,,a0a0c-,12.0,rocksalt,rocksalt,I-4,step4/candidates/634d89f7d6d16c71eb0d3b4f_p04.cif,0.28432167768478395,0.055402256548404694,0.225032,164.33982190699302,11.07341812415427,2.083180014085844,0.020705297067669957,2.05389830215978,0.32069331407546997,0.2389315366744995,0.30538415908813477,0.343023419380188,0.21357595920562744
634d89f7d6d16c71eb0d3b4f_p05,634d89f7d6d16c71eb0d3b4f,BaSnTbTiO6,634d89f6d6d16c71eb0d3b4e,development,high_uncertainty,,a-a-a-,6.0,rocksalt,rocksalt,R3,step4/candidates/634d89f7d6d16c71eb0d3b4f_p05.cif,0.26841623783111573,0.049173854291439056,0.225032,163.27292765074515,0.036981231257652285,2.0759761998890234,0.0013435346795320998,2.0736549707589886,0.23243486881256104,0.23495864868164062,0.3112487196922302,0.3320664167404175,0.23137253522872925
634d89f7d6d16c71eb0d3b4f_p06,634d89f7d6d16c71eb0d3b4f,BaSnTbTiO6,634d89f6d6d16c71eb0d3b4e,development,high_uncertainty,,a-a-a-,12.0,rocksalt,rocksalt,R3,step4/candidates/634d89f7d6d16c71eb0d3b4f_p06.cif,0.2471521705389023,0.040987174957990646,0.225032,147.904586383159,0.2746014830978395,2.1371853718248794,0.010347690212788571,2.119423233788803,0.21122178435325623,0.2324833869934082,0.3000119924545288,0.2807846963405609,0.21125899255275726
634d89f7d6d16c71eb0d3b4f_p07,634d89f7d6d16c71eb0d3b4f,BaSnTbTiO6,634d89f6d6d16c71eb0d3b4e,development,high_uncertainty,,a-a-c+,6.0,rocksalt,rocksalt,Pc,step4/candidates/634d89f7d6d16c71eb0d3b4f_p07.cif,0.22557404041290283,0.03581748902797699,0.225032,163.24273266697267,0.021427874922867136,2.0760566216107796,0.0013411381801007212,2.073654970758988,0.1886938363313675,0.23138877749443054,0.23275591433048248,0.27875185012817383,0.19627982378005981
634d89f7d6d16c71eb0d3b4f_p08,634d89f7d6d16c71eb0d3b4f,BaSnTbTiO6,634d89f6d6d16c71eb0d3b4e,development,high_uncertainty,,a-a-c+,12.0,rocksalt,rocksalt,Pc,step4/candidates/634d89f7d6d16c71eb0d3b4f_p08.cif,0.23130540549755096,0.026068946346640587,0.225032,147.68037821939575,0.15996160109566745,2.138388240515665,0.010278826214181276,2.119423233788803,0.20007148385047913,0.23317834734916687,0.23963360488414764,0.26873597502708435,0.21490761637687683
634d89f7d6d16c71eb0d3b4f_p09,634d89f7d6d16c71eb0d3b4f,BaSnTbTiO6,634d89f6d6d16c71eb0d3b4e,development,high_uncertainty,,a0a0c+,6.0,rocksalt,rocksalt,P-4n2,step4/candidates/634d89f7d6d16c71eb0d3b4f_p09.cif,0.2951346695423126,0.04852265864610672,0.225032,172.04350774306172,5.626089629339293,2.061358414143989,0.0052750957724443,2.05389830215978,0.2940734624862671,0.24457737803459167,0.29890692234039307,0.37245145440101624,0.26566413044929504
634d89f7d6d16c71eb0d3b4f_p10,634d89f7d6d16c71eb0d3b4f,BaSnTbTiO6,634d89f6d6d16c71eb0d3b4e,development,high_uncertainty,,a0a0c+,12.0,rocksalt,rocksalt,P-4n2,step4/candidates/634d89f7d6d16c71eb0d3b4f_p10.cif,0.2854907810688019,0.05652284249663353,0.225032,164.33982190699302,11.07341812415427,2.083180014085844,0.020705297067669957,2.05389830215978,0.3221495449542999,0.23938050866127014,0.30507004261016846,0.34704023599624634,0.21381357312202454
634d89f7d6d16c71eb0d3b4f_p11,634d89f7d6d16c71eb0d3b4f,BaSnTbTiO6,634d89f6d6d16c71eb0d3b4e,development,high_uncertainty,,a0a0a0_ordering_control,0.0,layered,rocksalt,P4/nmm,step4/candidates/634d89f7d6d16c71eb0d3b4f_p11.cif,0.38941146731376647,0.05456085503101349,0.225032,180.0,0.0,2.0538983021597814,9.42055475210265e-16,2.05389830215978,0.43099281191825867,0.3538937568664551,0.39798325300216675,0.44818633794784546,0.31600117683410645
634d927ed6d16c71eb0d5bc7_p01,634d927ed6d16c71eb0d5bc7,BiLaCoMnO6,634d927ed6d16c71eb0d5bc6,development,high_uncertainty,,original,original,original,original,Pc,step4/candidates/634d927ed6d16c71eb0d5bc7_p01.cif,0.21433864533901215,0.06650329381227493,0.224952,134.30148130316226,0.9295049784844676,2.14768925891669,0.049396903997553816,2.0965273839863463,0.20981450378894806,0.30765655636787415,0.24840322136878967,0.16419154405593872,0.14162740111351013
634d927ed6d16c71eb0d5bc7_p02,634d927ed6d16c71eb0d5bc7,BiLaCoMnO6,634d927ed6d16c71eb0d5bc6,development,high_uncertainty,,a0a0a0,0.0,rocksalt,rocksalt,F-43m,step4/candidates/634d927ed6d16c71eb0d5bc7_p02.cif,0.41026257276535033,0.0782565176486969,0.224952,180.0,0.0,1.9767294735748049,2.7194799110210365e-16,1.9767294735748049,0.3984585702419281,0.4872024953365326,0.4839426279067993,0.38192498683929443,0.29978418350219727
634d927ed6d16c71eb0d5bc7_p03,634d927ed6d16c71eb0d5bc7,BiLaCoMnO6,634d927ed6d16c71eb0d5bc6,development,high_uncertainty,,a0a0c-,6.0,rocksalt,rocksalt,I-4,step4/candidates/634d927ed6d16c71eb0d5bc7_p03.cif,0.2716766566038132,0.07865750789642334,0.224952,172.04350774306172,5.62608962933929,1.983909295097538,0.0050769004864337055,1.9767294735748049,0.21044525504112244,0.3079719543457031,0.39208853244781494,0.20626749098300934,0.24161005020141602
634d927ed6d16c71eb0d5bc7_p04,634d927ed6d16c71eb0d5bc7,BiLaCoMnO6,634d927ed6d16c71eb0d5bc6,development,high_uncertainty,,a0a0c-,12.0,rocksalt,rocksalt,I-4,step4/candidates/634d927ed6d16c71eb0d5bc7_p04.cif,0.2571184515953064,0.06309442967176437,0.224952,164.33982190699302,11.073418124154239,2.004911016419506,0.01992736004978742,1.9767294735748049,0.2109307050704956,0.29133370518684387,0.34874778985977173,0.19436520338058472,0.24021485447883606
634d927ed6d16c71eb0d5bc7_p05,634d927ed6d16c71eb0d5bc7,BiLaCoMnO6,634d927ed6d16c71eb0d5bc6,development,high_uncertainty,,a-a-a-,6.0,rocksalt,rocksalt,R3,step4/candidates/634d927ed6d16c71eb0d5bc7_p05.cif,0.26970367729663847,0.08026903867721558,0.224952,163.27292765074517,0.03698123125764943,1.9979778630934442,0.001293055550514862,1.995743846914826,0.27340251207351685,0.3391241133213043,0.35825616121292114,0.1926870495080948,0.18504855036735535
634d927ed6d16c71eb0d5bc7_p06,634d927ed6d16c71eb0d5bc7,BiLaCoMnO6,634d927ed6d16c71eb0d5bc6,development,high_uncertainty,,a-a-a-,12.0,rocksalt,rocksalt,R3,step4/candidates/634d927ed6d16c71eb0d5bc7_p06.cif,0.265249165892601,0.0681019052863121,0.224952,147.904586383159,0.2746014830978294,2.056887291126703,0.009958907997310163,2.039792510079026,0.2952871322631836,0.3094733953475952,0.33658507466316223,0.19406288862228394,0.1908373385667801
634d927ed6d16c71eb0d5bc7_p07,634d927ed6d16c71eb0d5bc7,BiLaCoMnO6,634d927ed6d16c71eb0d5bc6,development,high_uncertainty,,a-a-c+,6.0,rocksalt,rocksalt,Pc,step4/candidates/634d927ed6d16c71eb0d5bc7_p07.cif,0.23452113270759584,0.05511314421892166,0.224952,163.24273266697273,0.021427874922896446,1.9980552632196062,0.0012907490920818624,1.995743846914826,0.23463113605976105,0.2865285575389862,0.29212337732315063,0.17231866717338562,0.18700392544269562
634d927ed6d16c71eb0d5bc7_p08,634d927ed6d16c71eb0d5bc7,BiLaCoMnO6,634d927ed6d16c71eb0d5bc6,development,high_uncertainty,,a-a-c+,12.0,rocksalt,rocksalt,Pc,step4/candidates/634d927ed6d16c71eb0d5bc7_p08.cif,0.24195095598697663,0.054975055158138275,0.224952,147.68037821939575,0.1599616010956725,2.058044965774672,0.009892631348864585,2.0397925100790264,0.2555910348892212,0.2711063027381897,0.3107345700263977,0.17920389771461487,0.19311897456645966
634d927ed6d16c71eb0d5bc7_p09,634d927ed6d16c71eb0d5bc7,BiLaCoMnO6,634d927ed6d16c71eb0d5bc6,development,high_uncertainty,,a0a0c+,6.0,rocksalt,rocksalt,P-4n2,step4/candidates/634d927ed6d16c71eb0d5bc7_p09.cif,0.2704633682966232,0.07980175316333771,0.224952,172.04350774306172,5.62608962933929,1.983909295097538,0.0050769004864337055,1.9767294735748049,0.2106783539056778,0.3071245849132538,0.392834335565567,0.20273825526237488,0.23894131183624268
634d927ed6d16c71eb0d5bc7_p10,634d927ed6d16c71eb0d5bc7,BiLaCoMnO6,634d927ed6d16c71eb0d5bc6,development,high_uncertainty,,a0a0c+,12.0,rocksalt,rocksalt,P-4n2,step4/candidates/634d927ed6d16c71eb0d5bc7_p10.cif,0.25519966781139375,0.06488829106092453,0.224952,164.33982190699302,11.073418124154239,2.004911016419506,0.01992736004978742,1.9767294735748049,0.20984944701194763,0.2903388738632202,0.34969693422317505,0.18994015455245972,0.23617292940616608
634d927ed6d16c71eb0d5bc7_p11,634d927ed6d16c71eb0d5bc7,BiLaCoMnO6,634d927ed6d16c71eb0d5bc6,development,high_uncertainty,,a0a0a0_ordering_control,0.0,layered,rocksalt,P4/nmm,step4/candidates/634d927ed6d16c71eb0d5bc7_p11.cif,0.35635076761245726,0.05090593174099922,0.224952,180.0,0.0,1.9767294735748049,2.7194799110210365e-16,1.9767294735748049,0.37741759419441223,0.41264763474464417,0.37085282802581787,0.3444952964782715,0.2763404846191406
634d979cd6d16c71eb0d7795_p01,634d979cd6d16c71eb0d7795,SmKSeYO6,634d979cd6d16c71eb0d7794,development,high_uncertainty,,original,original,original,original,F-43m,step4/candidates/634d979cd6d16c71eb0d7795_p01.cif,0.4018570601940155,0.026379482820630074,0.424537,180.0,0.0,2.0317285,0.24380742000000022,1.7879210799999994,0.4044896960258484,0.43638819456100464,0.38105082511901855,0.3711228668689728,0.41623371839523315
634d979cd6d16c71eb0d7795_p02,634d979cd6d16c71eb0d7795,SmKSeYO6,634d979cd6d16c71eb0d7794,development,high_uncertainty,,a0a0a0,0.0,rocksalt,rocksalt,F-43m,step4/candidates/634d979cd6d16c71eb0d7795_p02.cif,0.43393985033035276,0.021143551915884018,0.424537,180.0,0.0,2.0317285,0.0,2.0317285,0.45129474997520447,0.4620310962200165,0.4202292859554291,0.4162922501564026,0.4198518693447113
634d979cd6d16c71eb0d7795_p03,634d979cd6d16c71eb0d7795,SmKSeYO6,634d979cd6d16c71eb0d7794,development,high_uncertainty,,a0a0c-,6.0,rocksalt,rocksalt,I-4,step4/candidates/634d979cd6d16c71eb0d7795_p03.cif,0.26314221024513246,0.0138124143704772,0.424537,172.04350774306172,5.626089629339293,2.039108087448691,0.005218156327328627,2.0317285,0.2756671607494354,0.2753337025642395,0.2677527964115143,0.250257670879364,0.246699720621109
634d979cd6d16c71eb0d7795_p04,634d979cd6d16c71eb0d7795,SmKSeYO6,634d979cd6d16c71eb0d7794,development,high_uncertainty,,a0a0c-,12.0,rocksalt,rocksalt,I-4,step4/candidates/634d979cd6d16c71eb0d7795_p04.cif,0.2649822115898132,0.015503043308854103,0.424537,164.33982190699302,11.07341812415425,2.060694144786994,0.020481803850324595,2.0317285,0.26746487617492676,0.2847069501876831,0.2727808952331543,0.255230188369751,0.24472814798355103
634d979cd6d16c71eb0d7795_p05,634d979cd6d16c71eb0d7795,SmKSeYO6,634d979cd6d16c71eb0d7794,development,high_uncertainty,,a-a-a-,6.0,rocksalt,rocksalt,R3,step4/candidates/634d979cd6d16c71eb0d7795_p05.cif,0.2785970151424408,0.03425191342830658,0.424537,163.27292765074517,0.036981231257660986,2.053568088644392,0.0013290325505762055,2.051271914888582,0.27270251512527466,0.2749871611595154,0.3329964280128479,0.2745603322982788,0.23773863911628723
634d979cd6d16c71eb0d7795_p06,634d979cd6d16c71eb0d7795,SmKSeYO6,634d979cd6d16c71eb0d7794,development,high_uncertainty,,a-a-a-,12.0,rocksalt,rocksalt,R3,step4/candidates/634d979cd6d16c71eb0d7795_p06.cif,0.2680308401584625,0.016710422933101654,0.424537,147.904586383159,0.2746014830978279,2.114116568066527,0.010235997124290795,2.096546154754981,0.2722092568874359,0.28263670206069946,0.27853041887283325,0.26656368374824524,0.24021413922309875
634d979cd6d16c71eb0d7795_p07,634d979cd6d16c71eb0d7795,SmKSeYO6,634d979cd6d16c71eb0d7794,development,high_uncertainty,,a-a-c+,6.0,rocksalt,rocksalt,Pc,step4/candidates/634d979cd6d16c71eb0d7795_p07.cif,0.24947607517242432,0.011971937492489815,0.424537,163.24273266697267,0.02142787492285709,2.0536476422931487,0.0013266619189874747,2.0512719148885825,0.25654706358909607,0.2667860686779022,0.244333416223526,0.24232378602027893,0.23739004135131836
634d979cd6d16c71eb0d7795_p08,634d979cd6d16c71eb0d7795,SmKSeYO6,634d979cd6d16c71eb0d7794,development,high_uncertainty,,a-a-c+,12.0,rocksalt,rocksalt,Pc,step4/candidates/634d979cd6d16c71eb0d7795_p08.cif,0.26053583323955537,0.013576663099229336,0.424537,147.68037821939575,0.15996160109566745,2.1153064529786754,0.010167876444485406,2.096546154754981,0.2700786292552948,0.2715248465538025,0.24939441680908203,0.26920586824417114,0.24247540533542633
634d979cd6d16c71eb0d7795_p09,634d979cd6d16c71eb0d7795,SmKSeYO6,634d979cd6d16c71eb0d7794,development,high_uncertainty,,a0a0c+,6.0,rocksalt,rocksalt,P-4n2,step4/candidates/634d979cd6d16c71eb0d7795_p09.cif,0.2629593014717102,0.014235596172511578,0.424537,172.04350774306172,5.626089629339293,2.039108087448691,0.005218156327328627,2.0317285,0.27670174837112427,0.2759332060813904,0.2659088373184204,0.24965925514698029,0.24659346044063568
634d979cd6d16c71eb0d7795_p10,634d979cd6d16c71eb0d7795,SmKSeYO6,634d979cd6d16c71eb0d7794,development,high_uncertainty,,a0a0c+,12.0,rocksalt,rocksalt,P-4n2,step4/candidates/634d979cd6d16c71eb0d7795_p10.cif,0.2639230668544769,0.01493316050618887,0.424537,164.33982190699302,11.07341812415425,2.060694144786994,0.020481803850324595,2.0317285,0.2676835060119629,0.2818729877471924,0.2722081243991852,0.2532353401184082,0.244615375995636
634d979cd6d16c71eb0d7795_p11,634d979cd6d16c71eb0d7795,SmKSeYO6,634d979cd6d16c71eb0d7794,development,high_uncertainty,,a0a0a0_ordering_control,0.0,layered,rocksalt,P4/nmm,step4/candidates/634d979cd6d16c71eb0d7795_p11.cif,0.44182881712913513,0.02402351051568985,0.424537,180.0,0.0,2.0317285,0.0,2.0317285,0.4654625952243805,0.4642040729522705,0.42308568954467773,0.4444175958633423,0.41197413206100464
634704d5103349a28b1b6118_p01,634704d5103349a28b1b6118,Gd2FeMgO6,634704d5103349a28b1b6115,development,higher_energy_0.10_0.15,,original,original,original,original,P2_1/c,step4/candidates/634704d5103349a28b1b6118_p01.cif,0.07979970127344131,0.04702582582831383,0.130977,147.22518482777767,0.3666642306467228,2.0128430799272787,0.08687202038861117,1.9248513541229568,0.030229151248931885,0.15374711155891418,0.06265269219875336,0.09350670874118805,0.0588628426194191
634704d5103349a28b1b6118_p02,634704d5103349a28b1b6118,Gd2FeMgO6,634704d5103349a28b1b6115,development,higher_energy_0.10_0.15,,a0a0a0,0.0,rocksalt,rocksalt,Fm-3m,step4/candidates/634704d5103349a28b1b6118_p02.cif,0.18790336549282075,0.04675445705652237,0.130977,180.0,0.0,1.930636303685948,1.5700924586837752e-16,1.9306363036859477,0.1559174507856369,0.25409626960754395,0.16666774451732635,0.14397279918193817,0.21886256337165833
634704d5103349a28b1b6118_p03,634704d5103349a28b1b6118,Gd2FeMgO6,634704d5103349a28b1b6115,development,higher_energy_0.10_0.15,,a0a0c-,6.0,rocksalt,rocksalt,I4/m,step4/candidates/634704d5103349a28b1b6118_p03.cif,0.08436260223388672,0.06450387835502625,0.130977,172.04350774306172,5.626089629339283,1.9376487068858186,0.004958517855042682,1.9306363036859477,0.05208607017993927,0.18093588948249817,0.10052536427974701,0.006872117519378662,0.08139356970787048
634704d5103349a28b1b6118_p04,634704d5103349a28b1b6118,Gd2FeMgO6,634704d5103349a28b1b6115,development,higher_energy_0.10_0.15,,a0a0c-,12.0,rocksalt,rocksalt,I4/m,step4/candidates/634704d5103349a28b1b6118_p04.cif,0.06891969293355941,0.032050784677267075,0.130977,164.33982190699302,11.073418124154236,1.9581607122796374,0.019462695964746927,1.9306363036859477,0.04209612309932709,0.11859820038080215,0.08108286559581757,0.04245305061340332,0.06036822497844696
634704d5103349a28b1b6118_p05,634704d5103349a28b1b6118,Gd2FeMgO6,634704d5103349a28b1b6115,development,higher_energy_0.10_0.15,,a-a-a-,6.0,rocksalt,rocksalt,R-3,step4/candidates/634704d5103349a28b1b6118_p05.cif,0.05767429322004318,0.03300996869802475,0.130977,163.27292765074517,0.03698123125764512,1.95138922549338,0.0012629042172329994,1.9492073018689693,0.05007054656744003,0.06568356603384018,0.07655901461839676,0.0050525665283203125,0.09100577235221863
634704d5103349a28b1b6118_p06,634704d5103349a28b1b6118,Gd2FeMgO6,634704d5103349a28b1b6115,development,higher_energy_0.10_0.15,,a-a-a-,12.0,rocksalt,rocksalt,R-3,step4/candidates/634704d5103349a28b1b6118_p06.cif,0.05995938777923584,0.0280570350587368,0.130977,147.904586383159,0.27460148309781773,2.008925009681747,0.009726687228426838,1.9922288429399617,0.05853641778230667,0.0848747044801712,0.05644281208515167,0.015955999493598938,0.08398700505495071
634704d5103349a28b1b6118_p07,634704d5103349a28b1b6118,Gd2FeMgO6,634704d5103349a28b1b6115,development,higher_energy_0.10_0.15,,a-a-c+,6.0,rocksalt,rocksalt,P2_1/c,step4/candidates/634704d5103349a28b1b6118_p07.cif,0.05032272487878799,0.026158321648836136,0.130977,163.24273266697267,0.021427874922905658,1.951464820811544,0.0012606515405550757,1.9492073018689693,0.06753797084093094,0.04230883717536926,0.061283014714717865,0.008202314376831055,0.07228148728609085
634704d5103349a28b1b6118_p08,634704d5103349a28b1b6118,Gd2FeMgO6,634704d5103349a28b1b6115,development,higher_energy_0.10_0.15,,a-a-c+,12.0,rocksalt,rocksalt,P2_1/c,step4/candidates/634704d5103349a28b1b6118_p08.cif,0.05456667840480804,0.024141956120729446,0.130977,147.68037821939575,0.15996160109566662,2.010055689794076,0.009661956011896627,1.9922288429399617,0.07062460482120514,0.04641159623861313,0.06544971466064453,0.015915587544441223,0.0744318887591362
634704d5103349a28b1b6118_p09,634704d5103349a28b1b6118,Gd2FeMgO6,634704d5103349a28b1b6115,development,higher_energy_0.10_0.15,,a0a0c+,6.0,rocksalt,rocksalt,P4/mnc,step4/candidates/634704d5103349a28b1b6118_p09.cif,0.0840841919183731,0.06430981308221817,0.130977,172.04350774306172,5.626089629339283,1.9376487068858186,0.004958517855042682,1.9306363036859477,0.05196962505578995,0.180495023727417,0.10030847787857056,0.007002666592597961,0.08064516633749008
634704d5103349a28b1b6118_p10,634704d5103349a28b1b6118,Gd2FeMgO6,634704d5103349a28b1b6115,development,higher_energy_0.10_0.15,,a0a0c+,12.0,rocksalt,rocksalt,P4/mnc,step4/candidates/634704d5103349a28b1b6118_p10.cif,0.06739594787359238,0.030092090368270874,0.130977,164.33982190699302,11.073418124154236,1.9581607122796374,0.019462695964746923,1.9306363036859477,0.04109311103820801,0.11117832362651825,0.08383090794086456,0.04126821458339691,0.05960918217897415
634704d5103349a28b1b6118_p11,634704d5103349a28b1b6118,Gd2FeMgO6,634704d5103349a28b1b6115,development,higher_energy_0.10_0.15,,a0a0a0_ordering_control,0.0,rocksalt,layered,P4/mmm,step4/candidates/634704d5103349a28b1b6118_p11.cif,0.19023779034614563,0.05316031351685524,0.130977,180.0,0.0,1.930636303685948,1.5700924586837752e-16,1.9306363036859477,0.14652204513549805,0.2502495050430298,0.164413183927536,0.14460718631744385,0.24539703130722046
63470f75660f1387211bab33_p01,63470f75660f1387211bab33,EuGdSbWO6,63470f75660f1387211bab32,development,higher_energy_0.10_0.15,,original,original,original,original,Pc,step4/candidates/63470f75660f1387211bab33_p01.cif,0.2146001398563385,0.04530319944024086,0.123133,146.3315511399411,0.3423978997355366,2.1205455537806044,0.11968122664436096,1.9998546362049332,0.14567510783672333,0.23975814878940582,0.19200322031974792,0.25530630350112915,0.24025791883468628
63470f75660f1387211bab33_p02,63470f75660f1387211bab33,EuGdSbWO6,63470f75660f1387211bab32,development,higher_energy_0.10_0.15,,a0a0a0,0.0,rocksalt,rocksalt,F-43m,step4/candidates/63470f75660f1387211bab33_p02.cif,0.38886926174163816,0.06096046045422554,0.123133,180.0,0.0,2.0292730797379175,7.021666937153402e-16,2.0292730797379175,0.2896959185600281,0.39215707778930664,0.3848525881767273,0.4412892758846283,0.4363514482975006
63470f75660f1387211bab33_p03,63470f75660f1387211bab33,EuGdSbWO6,63470f75660f1387211bab32,development,higher_energy_0.10_0.15,,a0a0c-,6.0,rocksalt,rocksalt,I-4,step4/candidates/63470f75660f1387211bab33_p03.cif,0.3089806377887726,0.06972850114107132,0.123133,172.04350774306178,5.626089629339273,2.0366437486777884,0.005211849989263847,2.0292730797379175,0.20788750052452087,0.36097583174705505,0.2658556401729584,0.36945581436157227,0.34072840213775635
63470f75660f1387211bab33_p04,63470f75660f1387211bab33,EuGdSbWO6,63470f75660f1387211bab32,development,higher_energy_0.10_0.15,,a0a0c-,12.0,rocksalt,rocksalt,I-4,step4/candidates/63470f75660f1387211bab33_p04.cif,0.275939604640007,0.05505345016717911,0.123133,164.33982190699302,11.073418124154257,2.058203718454409,0.020457050820489178,2.0292730797379175,0.20159432291984558,0.29165154695510864,0.2413293570280075,0.3426162004470825,0.30250659584999084
63470f75660f1387211bab33_p05,63470f75660f1387211bab33,EuGdSbWO6,63470f75660f1387211bab32,development,higher_energy_0.10_0.15,,a-a-a-,6.0,rocksalt,rocksalt,R3,step4/candidates/63470f75660f1387211bab33_p05.cif,0.28433350920677186,0.0592605285346508,0.123133,163.27292765074517,0.036981231257620435,2.051086274418514,0.0013274263647825616,2.048792875674997,0.2026941478252411,0.2833309471607208,0.2535536289215088,0.3419381082057953,0.34015071392059326
63470f75660f1387211bab33_p06,63470f75660f1387211bab33,EuGdSbWO6,63470f75660f1387211bab32,development,higher_energy_0.10_0.15,,a-a-a-,12.0,rocksalt,rocksalt,R3,step4/candidates/63470f75660f1387211bab33_p06.cif,0.26798943877220155,0.061064135283231735,0.123133,147.90458638315906,0.27460148309781635,2.111561578727334,0.01022362653700932,2.0940123999207216,0.2025505155324936,0.2796262204647064,0.20792345702648163,0.3391844630241394,0.31066253781318665
63470f75660f1387211bab33_p07,63470f75660f1387211bab33,EuGdSbWO6,63470f75660f1387211bab32,development,higher_energy_0.10_0.15,,a-a-c+,6.0,rocksalt,rocksalt,Pc,step4/candidates/63470f75660f1387211bab33_p07.cif,0.24493065476417542,0.05102704465389252,0.123133,163.24273266697273,0.021427874922883883,2.0511657319236956,0.0013250585981912377,2.048792875674997,0.1907198131084442,0.2449643313884735,0.19960224628448486,0.31002745032310486,0.27933943271636963
63470f75660f1387211bab33_p08,63470f75660f1387211bab33,EuGdSbWO6,63470f75660f1387211bab32,development,higher_energy_0.10_0.15,,a-a-c+,12.0,rocksalt,rocksalt,Pc,step4/candidates/63470f75660f1387211bab33_p08.cif,0.24379814863204957,0.05648523196578026,0.123133,147.6803782193958,0.15996160109568003,2.11275002561884,0.01015558818360605,2.0940123999207216,0.1903194785118103,0.25050342082977295,0.18328934907913208,0.3122943341732025,0.28258416056632996
63470f75660f1387211bab33_p09,63470f75660f1387211bab33,EuGdSbWO6,63470f75660f1387211bab32,development,higher_energy_0.10_0.15,,a0a0c+,6.0,rocksalt,rocksalt,P-4n2,step4/candidates/63470f75660f1387211bab33_p09.cif,0.3090206503868103,0.07042726874351501,0.123133,172.04350774306172,5.626089629339273,2.0366437486777884,0.005211849989263847,2.0292730797379175,0.20740291476249695,0.36167073249816895,0.2640252113342285,0.3683043122291565,0.3437000811100006
63470f75660f1387211bab33_p10,63470f75660f1387211bab33,EuGdSbWO6,63470f75660f1387211bab32,development,higher_energy_0.10_0.15,,a0a0c+,12.0,rocksalt,rocksalt,P-4n2,step4/candidates/63470f75660f1387211bab33_p10.cif,0.27504773437976837,0.05491797626018524,0.123133,164.33982190699302,11.073418124154257,2.058203718454409,0.020457050820489178,2.0292730797379175,0.20142632722854614,0.2883940637111664,0.23969100415706635,0.34079238772392273,0.30493488907814026
63470f75660f1387211bab33_p11,63470f75660f1387211bab33,EuGdSbWO6,63470f75660f1387211bab32,development,higher_energy_0.10_0.15,,a0a0a0_ordering_control,0.0,layered,rocksalt,P4/nmm,step4/candidates/63470f75660f1387211bab33_p11.cif,0.38146936893463135,0.061245113611221313,0.123133,180.0,0.0,2.0292730797379175,7.021666937153402e-16,2.0292730797379175,0.2813963294029236,0.38613200187683105,0.3845101594924927,0.44625771045684814,0.4090506434440613
634d94da49b0ce94eb0d8187_p01,634d94da49b0ce94eb0d8187,BaSrNi2O6,634d94d949b0ce94eb0d8184,development,higher_energy_0.10_0.15,,original,original,original,original,P4/mmm,step4/candidates/634d94da49b0ce94eb0d8187_p01.cif,0.1185699686408043,0.026095323264598846,0.114152,180.0,0.0,1.921919083333333,2.0034692133802437e-06,1.9219162499999998,0.1602976769208908,0.10155132412910461,0.11655273288488388,0.09253564476966858,0.12191246449947357
634d94da49b0ce94eb0d8187_p02,634d94da49b0ce94eb0d8187,BaSrNi2O6,634d94d949b0ce94eb0d8184,development,higher_energy_0.10_0.15,,a0a0a0,0.0,rocksalt,rocksalt,Fm-3m,step4/candidates/634d94da49b0ce94eb0d8187_p02.cif,0.13570900410413742,0.019744431599974632,0.114152,180.0,0.0,1.9219190833322888,4.1540741810552243e-16,1.9219190833322886,0.1672811657190323,0.1133652850985527,0.13716770708560944,0.1289350986480713,0.1317957639694214
634d94da49b0ce94eb0d8187_p03,634d94da49b0ce94eb0d8187,BaSrNi2O6,634d94d949b0ce94eb0d8184,development,higher_energy_0.10_0.15,,a0a0c-,6.0,rocksalt,rocksalt,I-42m,step4/candidates/634d94da49b0ce94eb0d8187_p03.cif,0.14957753717899322,0.02331124246120453,0.114152,172.04350774306172,5.626089629339295,1.9288998240881323,0.004936129126162259,1.9219190833322886,0.18680430948734283,0.1351676881313324,0.1558522880077362,0.12736213207244873,0.14270126819610596
634d94da49b0ce94eb0d8187_p04,634d94da49b0ce94eb0d8187,BaSrNi2O6,634d94d949b0ce94eb0d8184,development,higher_energy_0.10_0.15,,a0a0c-,12.0,rocksalt,rocksalt,I-42m,step4/candidates/634d94da49b0ce94eb0d8187_p04.cif,0.15017027854919435,0.01993492618203163,0.114152,164.33982190699302,11.073418124154246,1.9493192135549782,0.019374817885858084,1.9219190833322886,0.18119803071022034,0.13127748668193817,0.15785914659500122,0.13758111000061035,0.1429356187582016
634d94da49b0ce94eb0d8187_p05,634d94da49b0ce94eb0d8187,BaSrNi2O6,634d94d949b0ce94eb0d8184,development,higher_energy_0.10_0.15,,a-a-a-,6.0,rocksalt,rocksalt,R32,step4/candidates/634d94da49b0ce94eb0d8187_p05.cif,0.1456758052110672,0.020179446786642075,0.114152,163.27292765074517,0.03698123125765084,1.942578301425545,0.0012572019447095822,1.9404062296354714,0.16895964741706848,0.1165718138217926,0.15849058330059052,0.1472272425889969,0.1371297389268875
634d94da49b0ce94eb0d8187_p06,634d94da49b0ce94eb0d8187,BaSrNi2O6,634d94d949b0ce94eb0d8184,development,higher_energy_0.10_0.15,,a-a-a-,12.0,rocksalt,rocksalt,R32,step4/candidates/634d94da49b0ce94eb0d8187_p06.cif,0.1426689624786377,0.017548073083162308,0.114152,147.904586383159,0.2746014830978323,1.999854299703934,0.00968276923324603,1.9832335195920752,0.15733619034290314,0.11354097723960876,0.14271707832813263,0.15554572641849518,0.14420484006404877
634d94da49b0ce94eb0d8187_p07,634d94da49b0ce94eb0d8187,BaSrNi2O6,634d94d949b0ce94eb0d8184,development,higher_energy_0.10_0.15,,a-a-c+,6.0,rocksalt,rocksalt,Pmn2_1,step4/candidates/634d94da49b0ce94eb0d8187_p07.cif,0.14610992968082429,0.016005633398890495,0.114152,163.24273266697267,0.021427874922880535,1.9426535554152855,0.0012549594393305892,1.9404062296354714,0.1679854691028595,0.1280866116285324,0.1568315029144287,0.13913294672966003,0.13851311802864075
634d94da49b0ce94eb0d8187_p08,634d94da49b0ce94eb0d8187,BaSrNi2O6,634d94d949b0ce94eb0d8184,development,higher_energy_0.10_0.15,,a-a-c+,12.0,rocksalt,rocksalt,Pmn2_1,step4/candidates/634d94da49b0ce94eb0d8187_p08.cif,0.14371929913759232,0.01374631654471159,0.114152,147.68037821939575,0.15996160109567417,2.000979874562793,0.009618330291484074,1.9832335195920752,0.15980246663093567,0.12204667180776596,0.14248767495155334,0.14829030632972717,0.14596937596797943
634d94da49b0ce94eb0d8187_p09,634d94da49b0ce94eb0d8187,BaSrNi2O6,634d94d949b0ce94eb0d8184,development,higher_energy_0.10_0.15,,a0a0c+,6.0,rocksalt,rocksalt,P4_2/mnm,step4/candidates/634d94da49b0ce94eb0d8187_p09.cif,0.1494346886873245,0.023349612951278687,0.114152,172.04350774306172,5.626089629339295,1.9288998240881323,0.0049361291261622595,1.9219190833322886,0.18678240478038788,0.1349535435438156,0.1555153876543045,0.12720492482185364,0.142717182636261
634d94da49b0ce94eb0d8187_p10,634d94da49b0ce94eb0d8187,BaSrNi2O6,634d94d949b0ce94eb0d8184,development,higher_energy_0.10_0.15,,a0a0c+,12.0,rocksalt,rocksalt,P4_2/mnm,step4/candidates/634d94da49b0ce94eb0d8187_p10.cif,0.1497944176197052,0.019935470074415207,0.114152,164.33982190699302,11.073418124154246,1.949319213554978,0.019374817885858084,1.9219190833322886,0.1805071383714676,0.13098029792308807,0.158108651638031,0.1366022527217865,0.14277374744415283
634d94da49b0ce94eb0d8187_p11,634d94da49b0ce94eb0d8187,BaSrNi2O6,634d94d949b0ce94eb0d8184,development,higher_energy_0.10_0.15,,a0a0a0_ordering_control,0.0,layered,rocksalt,P4/mmm,step4/candidates/634d94da49b0ce94eb0d8187_p11.cif,0.13103184401988982,0.020236801356077194,0.114152,180.0,0.0,1.9219190833322888,4.1540741810552243e-16,1.9219190833322886,0.16333994269371033,0.10739998519420624,0.12940044701099396,0.12955372035503387,0.12546512484550476
634d96e049b0ce94eb0d945f_p01,634d96e049b0ce94eb0d945f,EuHfLiNiO6,634d96e049b0ce94eb0d945b,development,higher_energy_0.10_0.15,,original,original,original,original,Pc,step4/candidates/634d96e049b0ce94eb0d945f_p01.cif,0.12838397026062012,0.015180534683167934,0.124296,139.20215789915878,0.6069470476256525,2.0250547356780593,0.1037691909046943,1.9191754345338314,0.12525373697280884,0.12173588573932648,0.14334063231945038,0.10803684592247009,0.1435527503490448
634d96e049b0ce94eb0d945f_p02,634d96e049b0ce94eb0d945f,EuHfLiNiO6,634d96e049b0ce94eb0d945b,development,higher_energy_0.10_0.15,,a0a0a0,0.0,rocksalt,rocksalt,F-43m,step4/candidates/634d96e049b0ce94eb0d945f_p02.cif,0.4636815905570984,0.09113560616970062,0.124296,180.0,0.0,1.8969274007608874,2.7194799110210365e-16,1.896927400760887,0.5486377477645874,0.4194411039352417,0.5742014050483704,0.40215831995010376,0.3739693760871887
634d96e049b0ce94eb0d945f_p03,634d96e049b0ce94eb0d945f,EuHfLiNiO6,634d96e049b0ce94eb0d945b,development,higher_energy_0.10_0.15,,a0a0c-,6.0,rocksalt,rocksalt,I-4,step4/candidates/634d96e049b0ce94eb0d945f_p03.cif,0.1418075069785118,0.037102632224559784,0.124296,172.04350774306172,5.626089629339293,1.9038173674260854,0.004871942151110949,1.896927400760887,0.15682704746723175,0.12221622467041016,0.20008069276809692,0.10951022058725357,0.12040334939956665
634d96e049b0ce94eb0d945f_p04,634d96e049b0ce94eb0d945f,EuHfLiNiO6,634d96e049b0ce94eb0d945b,development,higher_energy_0.10_0.15,,a0a0c-,12.0,rocksalt,rocksalt,I-4,step4/candidates/634d96e049b0ce94eb0d945f_p04.cif,0.12760514318943023,0.02513909712433815,0.124296,164.33982190699302,11.073418124154243,1.9239712332794336,0.019122877363137166,1.896927400760887,0.14281363785266876,0.10688704997301102,0.16241276264190674,0.10231184214353561,0.12360042333602905
634d96e049b0ce94eb0d945f_p05,634d96e049b0ce94eb0d945f,EuHfLiNiO6,634d96e049b0ce94eb0d945b,development,higher_energy_0.10_0.15,,a-a-a-,6.0,rocksalt,rocksalt,R3,step4/candidates/634d96e049b0ce94eb0d945f_p05.cif,0.14754103422164916,0.04469749704003334,0.124296,163.27292765074517,0.036981231257663894,1.9173179766281325,0.001240853914138028,1.9151741493823642,0.1780027449131012,0.11716844886541367,0.21128427982330322,0.11112109571695328,0.12012860178947449
634d96e049b0ce94eb0d945f_p06,634d96e049b0ce94eb0d945f,EuHfLiNiO6,634d96e049b0ce94eb0d945b,development,higher_energy_0.10_0.15,,a-a-a-,12.0,rocksalt,rocksalt,R3,step4/candidates/634d96e049b0ce94eb0d945f_p06.cif,0.1491016447544098,0.0286391768604517,0.124296,147.904586383159,0.27460148309781773,1.973849186231312,0.009556859304369288,1.957444534500843,0.1854289472103119,0.12575875222682953,0.17456093430519104,0.12606458365917206,0.13369500637054443
634d96e049b0ce94eb0d945f_p07,634d96e049b0ce94eb0d945f,EuHfLiNiO6,634d96e049b0ce94eb0d945b,development,higher_energy_0.10_0.15,,a-a-c+,6.0,rocksalt,rocksalt,Pc,step4/candidates/634d96e049b0ce94eb0d945f_p07.cif,0.13690751194953918,0.03654087334871292,0.124296,163.24273266697267,0.021427874922876348,1.9173922520523128,0.0012386405691868013,1.9151741493823642,0.16455185413360596,0.10963517427444458,0.18437501788139343,0.09823177754878998,0.12774373590946198
634d96e049b0ce94eb0d945f_p08,634d96e049b0ce94eb0d945f,EuHfLiNiO6,634d96e049b0ce94eb0d945b,development,higher_energy_0.10_0.15,,a-a-c+,12.0,rocksalt,rocksalt,Pc,step4/candidates/634d96e049b0ce94eb0d945f_p08.cif,0.13899668008089067,0.021784747019410133,0.124296,147.68037821939575,0.15996160109566745,1.9749601246729427,0.009493258294647118,1.957444534500843,0.16553641855716705,0.11651522666215897,0.15628154575824738,0.11932522058486938,0.1373249888420105
634d96e049b0ce94eb0d945f_p09,634d96e049b0ce94eb0d945f,EuHfLiNiO6,634d96e049b0ce94eb0d945b,development,higher_energy_0.10_0.15,,a0a0c+,6.0,rocksalt,rocksalt,P-4n2,step4/candidates/634d96e049b0ce94eb0d945f_p09.cif,0.14021081626415252,0.03695845231413841,0.124296,172.04350774306172,5.626089629339293,1.9038173674260854,0.004871942151110949,1.896927400760887,0.15661147236824036,0.12223577499389648,0.1969989687204361,0.10477925837039948,0.12042860686779022
634d96e049b0ce94eb0d945f_p10,634d96e049b0ce94eb0d945f,EuHfLiNiO6,634d96e049b0ce94eb0d945b,development,higher_energy_0.10_0.15,,a0a0c+,12.0,rocksalt,rocksalt,P-4n2,step4/candidates/634d96e049b0ce94eb0d945f_p10.cif,0.12617397159337998,0.02546576038002968,0.124296,164.33982190699302,11.073418124154243,1.923971233279433,0.019122877363137166,1.896927400760887,0.14195525646209717,0.106101855635643,0.160508930683136,0.09866458177566528,0.12363923341035843
634d96e049b0ce94eb0d945f_p11,634d96e049b0ce94eb0d945f,EuHfLiNiO6,634d96e049b0ce94eb0d945b,development,higher_energy_0.10_0.15,,a0a0a0_ordering_control,0.0,layered,rocksalt,P4/nmm,step4/candidates/634d96e049b0ce94eb0d945f_p11.cif,0.4667322039604187,0.06288758665323257,0.124296,180.0,0.0,1.8969274007608874,2.7194799110210365e-16,1.896927400760887,0.5435301065444946,0.43296948075294495,0.5256393551826477,0.4081655740737915,0.4233565032482147
634701f2660f1387211b4aba_p01,634701f2660f1387211b4aba,MgNbCu2O6,634701f1660f1387211b4ab7,development,near_stable_0.05_0.10,,original,original,original,original,Pmn2_1,step4/candidates/634701f2660f1387211b4aba_p01.cif,0.0992128685116768,0.015312308445572853,0.087852,132.0398229411044,1.0122708424301101,1.9914742150876574,2.2899070387606756e-05,1.9914497340949735,0.10290664434432983,0.0886836051940918,0.0928233191370964,0.08731754124164581,0.12433323264122009
634701f2660f1387211b4aba_p02,634701f2660f1387211b4aba,MgNbCu2O6,634701f1660f1387211b4ab7,development,near_stable_0.05_0.10,,a0a0a0,0.0,rocksalt,rocksalt,Fm-3m,step4/candidates/634701f2660f1387211b4aba_p02.cif,0.43126870393753053,0.062078509479761124,0.087852,180.0,0.0,1.8167144247989448,3.8459253727671276e-16,1.8167144247989448,0.33576130867004395,0.44406625628471375,0.5086421370506287,0.42591699957847595,0.4419568181037903
634701f2660f1387211b4aba_p03,634701f2660f1387211b4aba,MgNbCu2O6,634701f1660f1387211b4ab7,development,near_stable_0.05_0.10,,a0a0c-,6.0,rocksalt,rocksalt,I-42m,step4/candidates/634701f2660f1387211b4aba_p03.cif,0.1603872537612915,0.036708585917949677,0.087852,172.04350774306172,5.626089629339287,1.8233130441356835,0.00466592847947634,1.8167144247989448,0.1600666493177414,0.2074960172176361,0.18040050566196442,0.11057011783123016,0.14340297877788544
634701f2660f1387211b4aba_p04,634701f2660f1387211b4aba,MgNbCu2O6,634701f1660f1387211b4ab7,development,near_stable_0.05_0.10,,a0a0c-,12.0,rocksalt,rocksalt,I-42m,step4/candidates/634701f2660f1387211b4aba_p04.cif,0.142004331946373,0.019194604828953743,0.087852,164.33982190699302,11.073418124154243,1.8426146888884312,0.018314252372197963,1.8167144247989448,0.16371005773544312,0.14173361659049988,0.148263081908226,0.11112989485263824,0.14518500864505768
634701f2660f1387211b4aba_p05,634701f2660f1387211b4aba,MgNbCu2O6,634701f1660f1387211b4ab7,development,near_stable_0.05_0.10,,a-a-a-,6.0,rocksalt,rocksalt,R32,step4/candidates/634701f2660f1387211b4aba_p05.cif,0.17568320631980897,0.014705033972859383,0.087852,163.27292765074515,0.036981231257649405,1.8362427701078499,0.001188383490047809,1.8341895961803167,0.18385016918182373,0.16912062466144562,0.17143040895462036,0.19615933299064636,0.15785549581050873
634701f2660f1387211b4aba_p06,634701f2660f1387211b4aba,MgNbCu2O6,634701f1660f1387211b4ab7,development,near_stable_0.05_0.10,,a-a-a-,12.0,rocksalt,rocksalt,R32,step4/candidates/634701f2660f1387211b4aba_p06.cif,0.15848371088504792,0.016152752563357353,0.087852,147.904586383159,0.2746014830978279,1.8903835157664524,0.009152740451246146,1.8746725468487229,0.18663464486598969,0.1490633636713028,0.1519353687763214,0.14763110876083374,0.15715406835079193
634701f2660f1387211b4aba_p07,634701f2660f1387211b4aba,MgNbCu2O6,634701f1660f1387211b4ab7,development,near_stable_0.05_0.10,,a-a-c+,6.0,rocksalt,rocksalt,Pmn2_1,step4/candidates/634701f2660f1387211b4aba_p07.cif,0.15739671587944032,0.01883026771247387,0.087852,163.24273266697267,0.02142787492288137,1.8363139047408685,0.0011862637380223335,1.834189596180317,0.17837463319301605,0.16167940199375153,0.16225366294384003,0.1268012374639511,0.15787464380264282
634701f2660f1387211b4aba_p08,634701f2660f1387211b4aba,MgNbCu2O6,634701f1660f1387211b4ab7,development,near_stable_0.05_0.10,,a-a-c+,12.0,rocksalt,rocksalt,Pmn2_1,step4/candidates/634701f2660f1387211b4aba_p08.cif,0.14866798520088195,0.019046304747462273,0.087852,147.68037821939575,0.15996160109566243,1.8914474773556857,0.00909182885718741,1.8746725468487226,0.17509940266609192,0.1419348567724228,0.14475339651107788,0.12393562495708466,0.15761664509773254
634701f2660f1387211b4aba_p09,634701f2660f1387211b4aba,MgNbCu2O6,634701f1660f1387211b4ab7,development,near_stable_0.05_0.10,,a0a0c+,6.0,rocksalt,rocksalt,P4_2/mnm,step4/candidates/634701f2660f1387211b4aba_p09.cif,0.16121227741241456,0.037187498062849045,0.087852,172.04350774306172,5.626089629339287,1.8233130441356835,0.0046659284794763395,1.8167144247989448,0.16054867208003998,0.2102588713169098,0.17999891936779022,0.1115524172782898,0.14370250701904297
634701f2660f1387211b4aba_p10,634701f2660f1387211b4aba,MgNbCu2O6,634701f1660f1387211b4ab7,development,near_stable_0.05_0.10,,a0a0c+,12.0,rocksalt,rocksalt,P4_2/mnm,step4/candidates/634701f2660f1387211b4aba_p10.cif,0.1426434963941574,0.018094168975949287,0.087852,164.33982190699302,11.073418124154243,1.8426146888884312,0.018314252372197963,1.8167144247989448,0.1637452393770218,0.1417309045791626,0.14924532175064087,0.1140654981136322,0.1444305181503296
634701f2660f1387211b4aba_p11,634701f2660f1387211b4aba,MgNbCu2O6,634701f1660f1387211b4ab7,development,near_stable_0.05_0.10,,a0a0a0_ordering_control,0.0,layered,rocksalt,P4/mmm,step4/candidates/634701f2660f1387211b4aba_p11.cif,0.4413967251777649,0.06069185584783554,0.087852,180.0,0.0,1.8167144247989448,3.8459253727671276e-16,1.8167144247989448,0.3482462167739868,0.4290488064289093,0.5121549963951111,0.44663533568382263,0.47089827060699463
63470f25660f1387211ba8ff_p01,63470f25660f1387211ba8ff,GdInCoVO6,63470f25660f1387211ba8fd,development,near_stable_0.05_0.10,,original,original,original,original,P-1,step4/candidates/63470f25660f1387211ba8ff_p01.cif,0.11144162565469742,0.02821926958858967,0.0892338,142.62749759829043,0.45089600539897157,2.016100040900596,0.08235771875894252,1.9318621375542133,0.09999915212392807,0.0938587486743927,0.08591847121715546,0.12130869925022125,0.1561230570077896
63470f25660f1387211ba8ff_p02,63470f25660f1387211ba8ff,GdInCoVO6,63470f25660f1387211ba8fd,development,near_stable_0.05_0.10,,a0a0a0,0.0,rocksalt,rocksalt,F-43m,step4/candidates/63470f25660f1387211ba8ff_p02.cif,0.4181315302848816,0.03376075252890587,0.0892338,180.0,0.0,1.9089889265333746,1.1537776118301384e-15,1.908988926533374,0.4411167800426483,0.42244577407836914,0.36324962973594666,0.4143187403678894,0.44952672719955444
63470f25660f1387211ba8ff_p03,63470f25660f1387211ba8ff,GdInCoVO6,63470f25660f1387211ba8fd,development,near_stable_0.05_0.10,,a0a0c-,6.0,rocksalt,rocksalt,I-4,step4/candidates/63470f25660f1387211ba8ff_p03.cif,0.1609353393316269,0.02254512906074524,0.0892338,172.04350774306172,5.626089629339291,1.915922702735232,0.004902920171563457,1.908988926533374,0.19206032156944275,0.1459830105304718,0.1346493661403656,0.17301705479621887,0.15896694362163544
63470f25660f1387211ba8ff_p04,63470f25660f1387211ba8ff,GdInCoVO6,63470f25660f1387211ba8fd,development,near_stable_0.05_0.10,,a0a0c-,12.0,rocksalt,rocksalt,I-4,step4/candidates/63470f25660f1387211ba8ff_p04.cif,0.14642509818077087,0.026768306270241737,0.0892338,164.33982190699305,11.073418124154239,1.9362047160191604,0.019244469300744804,1.908988926533374,0.1754840463399887,0.11593262851238251,0.119972825050354,0.1590595543384552,0.16167643666267395
63470f25660f1387211ba8ff_p05,63470f25660f1387211ba8ff,GdInCoVO6,63470f25660f1387211ba8fd,development,near_stable_0.05_0.10,,a-a-a-,6.0,rocksalt,rocksalt,R3,step4/candidates/63470f25660f1387211ba8ff_p05.cif,0.1705007016658783,0.04446284472942352,0.0892338,163.27292765074517,0.0369812312576523,1.929509154940954,0.0012487438267723427,1.927351696268086,0.1520126909017563,0.12608690559864044,0.1551600694656372,0.24351227283477783,0.1757315695285797
63470f25660f1387211ba8ff_p06,63470f25660f1387211ba8ff,GdInCoVO6,63470f25660f1387211ba8fd,development,near_stable_0.05_0.10,,a-a-a-,12.0,rocksalt,rocksalt,R3,step4/candidates/63470f25660f1387211ba8ff_p06.cif,0.15329014360904694,0.03484305739402771,0.0892338,147.90458638315903,0.2746014830978265,1.986399815644532,0.009617626155413356,1.9698908556893227,0.1771939992904663,0.13183298707008362,0.10235592722892761,0.17231200635433197,0.18275579810142517
63470f25660f1387211ba8ff_p07,63470f25660f1387211ba8ff,GdInCoVO6,63470f25660f1387211ba8fd,development,near_stable_0.05_0.10,,a-a-c+,6.0,rocksalt,rocksalt,Pc,step4/candidates/63470f25660f1387211ba8ff_p07.cif,0.14038827270269394,0.02994522824883461,0.0892338,163.24273266697267,0.021427874922895607,1.9295839026420083,0.0012465164083688626,1.927351696268086,0.1546512097120285,0.11623955518007278,0.10303449630737305,0.15198343992233276,0.1760326623916626
63470f25660f1387211ba8ff_p08,63470f25660f1387211ba8ff,GdInCoVO6,63470f25660f1387211ba8fd,development,near_stable_0.05_0.10,,a-a-c+,12.0,rocksalt,rocksalt,Pc,step4/candidates/63470f25660f1387211ba8ff_p08.cif,0.14379467070102692,0.03983753174543381,0.0892338,147.6803782193958,0.15996160109567836,1.9875178179372301,0.009553620741591362,1.9698908556893227,0.16936777532100677,0.10762473195791245,0.09680157154798508,0.15647728741168976,0.18870198726654053
63470f25660f1387211ba8ff_p09,63470f25660f1387211ba8ff,GdInCoVO6,63470f25660f1387211ba8fd,development,near_stable_0.05_0.10,,a0a0c+,6.0,rocksalt,rocksalt,P-4n2,step4/candidates/63470f25660f1387211ba8ff_p09.cif,0.16106904149055482,0.02167673595249653,0.0892338,172.04350774306172,5.626089629339291,1.915922702735232,0.004902920171563457,1.908988926533374,0.19151215255260468,0.1459728628396988,0.13663803040981293,0.17219558358192444,0.15902657806873322
63470f25660f1387211ba8ff_p10,63470f25660f1387211ba8ff,GdInCoVO6,63470f25660f1387211ba8fd,development,near_stable_0.05_0.10,,a0a0c+,12.0,rocksalt,rocksalt,P-4n2,step4/candidates/63470f25660f1387211ba8ff_p10.cif,0.1465043157339096,0.02657807245850563,0.0892338,164.33982190699302,11.073418124154239,1.9362047160191604,0.019244469300744804,1.908988926533374,0.17378561198711395,0.11461114883422852,0.12155292928218842,0.16279718279838562,0.15977470576763153
63470f25660f1387211ba8ff_p11,63470f25660f1387211ba8ff,GdInCoVO6,63470f25660f1387211ba8fd,development,near_stable_0.05_0.10,,a0a0a0_ordering_control,0.0,layered,rocksalt,P4/nmm,step4/candidates/63470f25660f1387211ba8ff_p11.cif,0.4171843111515045,0.032794173806905746,0.0892338,180.0,0.0,1.9089889265333746,1.1537776118301384e-15,1.908988926533374,0.43997639417648315,0.43559741973876953,0.36403369903564453,0.4066195487976074,0.43969449400901794
634d915949b0ce94eb0d604c_p01,634d915949b0ce94eb0d604c,CeNaMnNbO6,634d915949b0ce94eb0d6049,development,near_stable_0.05_0.10,,original,original,original,original,Pc,step4/candidates/634d915949b0ce94eb0d604c_p01.cif,0.07736594825983048,0.015768926590681076,0.0597353,134.99046840658067,0.8031382892634824,2.086921026446421,0.1096934741598671,1.974160250819904,0.0632287934422493,0.07087023556232452,0.07027911394834518,0.07861293852329254,0.10383865982294083
634d915949b0ce94eb0d604c_p02,634d915949b0ce94eb0d604c,CeNaMnNbO6,634d915949b0ce94eb0d6049,development,near_stable_0.05_0.10,,a0a0a0,0.0,rocksalt,rocksalt,F-43m,step4/candidates/634d915949b0ce94eb0d604c_p02.cif,0.17651404142379762,0.016948115080595016,0.0597353,180.0,0.0,1.9261558370802998,3.1401849173675503e-16,1.9261558370802996,0.20000261068344116,0.18852849304676056,0.16201597452163696,0.16933545470237732,0.16268767416477203
634d915949b0ce94eb0d604c_p03,634d915949b0ce94eb0d604c,CeNaMnNbO6,634d915949b0ce94eb0d6049,development,near_stable_0.05_0.10,,a0a0c-,6.0,rocksalt,rocksalt,I-4,step4/candidates/634d915949b0ce94eb0d604c_p03.cif,0.10141984969377518,0.011745953932404518,0.0597353,172.04350774306178,5.62608962933928,1.933151966454643,0.004947010522656654,1.9261558370802996,0.09584524482488632,0.09506483376026154,0.1167512983083725,0.08877435326576233,0.1106635183095932
634d915949b0ce94eb0d604c_p04,634d915949b0ce94eb0d604c,CeNaMnNbO6,634d915949b0ce94eb0d6049,development,near_stable_0.05_0.10,,a0a0c-,12.0,rocksalt,rocksalt,I-4,step4/candidates/634d915949b0ce94eb0d604c_p04.cif,0.08969049453735352,0.008524169214069843,0.0597353,164.33982190699302,11.073418124154239,1.953616369223873,0.019417528493711853,1.9261558370802996,0.0801505297422409,0.09063509106636047,0.09404455125331879,0.08257019519805908,0.10105210542678833
634d915949b0ce94eb0d604c_p05,634d915949b0ce94eb0d604c,CeNaMnNbO6,634d915949b0ce94eb0d6049,development,near_stable_0.05_0.10,,a-a-a-,6.0,rocksalt,rocksalt,R3,step4/candidates/634d915949b0ce94eb0d604c_p05.cif,0.09787281155586243,0.022409183904528618,0.0597353,163.2729276507452,0.03698123125765376,1.9468605971635633,0.0012599733699471187,1.9446837371733112,0.07913032174110413,0.09774000942707062,0.1341354250907898,0.07940032333135605,0.09895797818899155
634d915949b0ce94eb0d604c_p06,634d915949b0ce94eb0d604c,CeNaMnNbO6,634d915949b0ce94eb0d6049,development,near_stable_0.05_0.10,,a-a-a-,12.0,rocksalt,rocksalt,R3,step4/candidates/634d915949b0ce94eb0d604c_p06.cif,0.09177478104829788,0.006595062557607889,0.0597353,147.904586383159,0.274601483097825,2.0042628568972245,0.009704114309214624,1.9876054372863126,0.08214131742715836,0.09699290245771408,0.09666569530963898,0.08766964077949524,0.09540434926748276
634d915949b0ce94eb0d604c_p07,634d915949b0ce94eb0d604c,CeNaMnNbO6,634d915949b0ce94eb0d6049,development,near_stable_0.05_0.10,,a-a-c+,6.0,rocksalt,rocksalt,Pc,step4/candidates/634d915949b0ce94eb0d604c_p07.cif,0.08944216221570969,0.008539215661585331,0.0597353,163.24273266697273,0.021427874922887235,1.9469360170461478,0.0012577259211013915,1.9446837371733112,0.08038479089736938,0.09891558438539505,0.08344928175210953,0.08638139069080353,0.09807976335287094
634d915949b0ce94eb0d604c_p08,634d915949b0ce94eb0d604c,CeNaMnNbO6,634d915949b0ce94eb0d6049,development,near_stable_0.05_0.10,,a-a-c+,12.0,rocksalt,rocksalt,Pc,step4/candidates/634d915949b0ce94eb0d604c_p08.cif,0.08937373459339142,0.005970996804535389,0.0597353,147.68037821939575,0.1599616010956633,2.0053909130174135,0.009639533315724088,1.9876054372863126,0.08142510801553726,0.0934256911277771,0.08503790944814682,0.0912177786231041,0.09576218575239182
634d915949b0ce94eb0d604c_p09,634d915949b0ce94eb0d604c,CeNaMnNbO6,634d915949b0ce94eb0d6049,development,near_stable_0.05_0.10,,a0a0c+,6.0,rocksalt,rocksalt,P-4n2,step4/candidates/634d915949b0ce94eb0d604c_p09.cif,0.10124992728233337,0.011573106050491333,0.0597353,172.04350774306178,5.62608962933928,1.933151966454643,0.004947010522656654,1.9261558370802996,0.09574280679225922,0.0949537456035614,0.11625044792890549,0.08879659324884415,0.11050604283809662
634d915949b0ce94eb0d604c_p10,634d915949b0ce94eb0d604c,CeNaMnNbO6,634d915949b0ce94eb0d6049,development,near_stable_0.05_0.10,,a0a0c+,12.0,rocksalt,rocksalt,P-4n2,step4/candidates/634d915949b0ce94eb0d604c_p10.cif,0.0892837956547737,0.008601859211921692,0.0597353,164.33982190699302,11.073418124154239,1.953616369223873,0.019417528493711853,1.9261558370802996,0.07930219173431396,0.09046920388936996,0.0939505323767662,0.0822758823633194,0.10042116791009903
634d915949b0ce94eb0d604c_p11,634d915949b0ce94eb0d604c,CeNaMnNbO6,634d915949b0ce94eb0d6049,development,near_stable_0.05_0.10,,a0a0a0_ordering_control,0.0,layered,rocksalt,P4/nmm,step4/candidates/634d915949b0ce94eb0d604c_p11.cif,0.16450718641281128,0.0189626757055521,0.0597353,180.0,0.0,1.9261558370802998,3.1401849173675503e-16,1.9261558370802996,0.1941218078136444,0.16581624746322632,0.1626855581998825,0.15810507535934448,0.14180724322795868
634da209d6d16c71eb0d898a_p01,634da209d6d16c71eb0d898a,Ba2FeWO6,634da209d6d16c71eb0d8987,development,near_stable_0.05_0.10,,original,original,original,original,Fm-3m,step4/candidates/634da209d6d16c71eb0d898a_p01.cif,0.03219908028841019,0.03701159358024597,0.0959905,180.0,0.0,2.0287565,0.1119873588000001,1.9167691411999996,-0.01094067096710205,0.01812414824962616,0.04917476326227188,0.01824125647544861,0.08639590442180634
634da209d6d16c71eb0d898a_p02,634da209d6d16c71eb0d898a,Ba2FeWO6,634da209d6d16c71eb0d8987,development,near_stable_0.05_0.10,,a0a0a0,0.0,rocksalt,rocksalt,Fm-3m,step4/candidates/634da209d6d16c71eb0d898a_p02.cif,0.01940082311630249,0.030551649630069733,0.0959905,180.0,0.0,2.0287565,0.0,2.0287565,-0.0021981745958328247,-0.017842143774032593,0.057287558913230896,0.019269660115242004,0.04048721492290497
634da209d6d16c71eb0d898a_p03,634da209d6d16c71eb0d898a,Ba2FeWO6,634da209d6d16c71eb0d8987,development,near_stable_0.05_0.10,,a0a0c-,6.0,rocksalt,rocksalt,I4/m,step4/candidates/634da209d6d16c71eb0d898a_p03.cif,0.038679884374141695,0.027649546042084694,0.0959905,172.0435077430618,5.62608962933927,2.036125292633391,0.005210523240228175,2.0287565,0.021365121006965637,0.003805026412010193,0.05711714178323746,0.03777420520782471,0.07333792746067047
634da209d6d16c71eb0d898a_p04,634da209d6d16c71eb0d898a,Ba2FeWO6,634da209d6d16c71eb0d8987,development,near_stable_0.05_0.10,,a0a0c-,12.0,rocksalt,rocksalt,I4/m,step4/candidates/634da209d6d16c71eb0d898a_p04.cif,0.03763653486967087,0.03253046050667763,0.0959905,164.33982190699305,11.073418124154236,2.057679774019293,0.0204518431931584,2.0287565,0.01641520857810974,-0.005235254764556885,0.06059660762548447,0.04129950702190399,0.07510660588741302
634da209d6d16c71eb0d898a_p05,634da209d6d16c71eb0d898a,Ba2FeWO6,634da209d6d16c71eb0d8987,development,near_stable_0.05_0.10,,a-a-a-,6.0,rocksalt,rocksalt,R-3,step4/candidates/634da209d6d16c71eb0d898a_p05.cif,0.016752982139587404,0.025014176964759827,0.0959905,163.27292765074517,0.03698123125765232,2.0505641418279494,0.001327088449905076,2.0482713269010393,-0.002799674868583679,-0.014655455946922302,0.03742621839046478,0.02076183259487152,0.04303199052810669
634da209d6d16c71eb0d898a_p06,634da209d6d16c71eb0d898a,Ba2FeWO6,634da209d6d16c71eb0d8987,development,near_stable_0.05_0.10,,a-a-a-,12.0,rocksalt,rocksalt,R-3,step4/candidates/634da209d6d16c71eb0d898a_p06.cif,0.014364781975746154,0.02653903141617775,0.0959905,147.904586383159,0.27460148309782206,2.111024051305408,0.010221023970420337,2.093479339886788,-0.009064733982086182,-0.013982772827148438,0.041008830070495605,0.012115508317947388,0.0417470782995224
634da209d6d16c71eb0d898a_p07,634da209d6d16c71eb0d898a,Ba2FeWO6,634da209d6d16c71eb0d8987,development,near_stable_0.05_0.10,,a-a-c+,6.0,rocksalt,rocksalt,P2_1/c,step4/candidates/634da209d6d16c71eb0d898a_p07.cif,0.03006267249584198,0.022365497425198555,0.0959905,163.24273266697273,0.021427874922888907,2.0506435791061164,0.0013247212860617264,2.0482713269010393,0.02207784354686737,0.0019647181034088135,0.03271631896495819,0.029721245169639587,0.06383323669433594
634da209d6d16c71eb0d898a_p08,634da209d6d16c71eb0d898a,Ba2FeWO6,634da209d6d16c71eb0d8987,development,near_stable_0.05_0.10,,a-a-c+,12.0,rocksalt,rocksalt,P2_1/c,step4/candidates/634da209d6d16c71eb0d898a_p08.cif,0.026446986198425292,0.02310040406882763,0.0959905,147.68037821939575,0.15996160109565574,2.1122121956611983,0.01015300293712792,2.093479339886788,0.012204855680465698,-0.0001706928014755249,0.03510823845863342,0.024801060557365417,0.06029146909713745
634da209d6d16c71eb0d898a_p09,634da209d6d16c71eb0d898a,Ba2FeWO6,634da209d6d16c71eb0d8987,development,near_stable_0.05_0.10,,a0a0c+,6.0,rocksalt,rocksalt,P4/mnc,step4/candidates/634da209d6d16c71eb0d898a_p09.cif,0.03818725794553757,0.027489686384797096,0.0959905,172.0435077430618,5.62608962933927,2.036125292633391,0.005210523240228175,2.0287565,0.021082982420921326,0.003467649221420288,0.05669325590133667,0.03713728487491608,0.07255511730909348
634da209d6d16c71eb0d898a_p10,634da209d6d16c71eb0d898a,Ba2FeWO6,634da209d6d16c71eb0d8987,development,near_stable_0.05_0.10,,a0a0c+,12.0,rocksalt,rocksalt,P4/mnc,step4/candidates/634da209d6d16c71eb0d898a_p10.cif,0.03677721619606018,0.03250005841255188,0.0959905,164.33982190699305,11.073418124154236,2.057679774019293,0.0204518431931584,2.0287565,0.015596643090248108,-0.0055516064167022705,0.05997864902019501,0.03912675380706787,0.07473564147949219
634da209d6d16c71eb0d898a_p11,634da209d6d16c71eb0d898a,Ba2FeWO6,634da209d6d16c71eb0d8987,development,near_stable_0.05_0.10,,a0a0a0_ordering_control,0.0,rocksalt,layered,P4/mmm,step4/candidates/634da209d6d16c71eb0d898a_p11.cif,0.016413083672523497,0.03623905032873154,0.0959905,180.0,0.0,2.0287565,0.0,2.0287565,0.030624642968177795,-0.04704342782497406,0.042012229561805725,0.03492550551891327,0.021546468138694763
634710ae103349a28b1bbc25_p01,634710ae103349a28b1bbc25,LaYMgTiO6,634710ae103349a28b1bbc22,development,stable_positive_control_le_0.03,,original,original,original,original,P-1,step4/candidates/634710ae103349a28b1bbc25_p01.cif,0.028373107314109802,0.0010764050530269742,0.027701,149.17067036685964,0.27164114285962077,2.0321896811508364,0.06717572737183487,1.964147023244998,0.030139192938804626,0.02836872637271881,0.02752891182899475,0.028351351618766785,0.027477353811264038
634710ae103349a28b1bbc25_p02,634710ae103349a28b1bbc25,LaYMgTiO6,634710ae103349a28b1bbc22,development,stable_positive_control_le_0.03,,a0a0a0,0.0,rocksalt,rocksalt,F-43m,step4/candidates/634710ae103349a28b1bbc25_p02.cif,0.14389012455940248,0.025897178798913956,0.027701,180.0,0.0,1.9587020985797157,0.0,1.9587020985797157,0.17902526259422302,0.1097632497549057,0.13149671256542206,0.15528912842273712,0.14387626945972443
634710ae103349a28b1bbc25_p03,634710ae103349a28b1bbc25,LaYMgTiO6,634710ae103349a28b1bbc22,development,stable_positive_control_le_0.03,,a0a0c-,6.0,rocksalt,rocksalt,I-4,step4/candidates/634710ae103349a28b1bbc25_p03.cif,0.039542336761951444,0.0051957955583930016,0.027701,172.04350774306172,5.626089629339297,1.9658164415750534,0.005030600175690575,1.9587020985797157,0.04412536323070526,0.03529968857765198,0.043791644275188446,0.04174147546291351,0.032753512263298035
634710ae103349a28b1bbc25_p04,634710ae103349a28b1bbc25,LaYMgTiO6,634710ae103349a28b1bbc22,development,stable_positive_control_le_0.03,,a0a0c-,12.0,rocksalt,rocksalt,I-4,step4/candidates/634710ae103349a28b1bbc25_p04.cif,0.03464677631855011,0.00330085726454854,0.027701,164.33982190699302,11.073418124154253,1.9866266314250247,0.019745626536384606,1.9587020985797157,0.03395362198352814,0.03159315884113312,0.03617319464683533,0.039563700556755066,0.0319502055644989
634710ae103349a28b1bbc25_p05,634710ae103349a28b1bbc25,LaYMgTiO6,634710ae103349a28b1bbc22,development,stable_positive_control_le_0.03,,a-a-a-,6.0,rocksalt,rocksalt,R3,step4/candidates/634710ae103349a28b1bbc25_p05.cif,0.04139714688062668,0.01919918693602085,0.027701,163.27292765074517,0.03698123125765376,1.9797567070620445,0.001281263144113348,1.9775430646613943,0.034695953130722046,0.026002168655395508,0.07476440817117691,0.03296598792076111,0.03855721652507782
634710ae103349a28b1bbc25_p06,634710ae103349a28b1bbc25,LaYMgTiO6,634710ae103349a28b1bbc22,development,stable_positive_control_le_0.03,,a-a-a-,12.0,rocksalt,rocksalt,R3,step4/candidates/634710ae103349a28b1bbc25_p06.cif,0.039031976461410524,0.0040126461535692215,0.027701,147.904586383159,0.274601483097825,2.0381288929667782,0.009868084760539561,2.0211900128820433,0.04328599572181702,0.04311811923980713,0.03608447313308716,0.0345490425825119,0.03812225162982941
634710ae103349a28b1bbc25_p07,634710ae103349a28b1bbc25,LaYMgTiO6,634710ae103349a28b1bbc22,development,stable_positive_control_le_0.03,,a-a-c+,6.0,rocksalt,rocksalt,Pc,step4/candidates/634710ae103349a28b1bbc25_p07.cif,0.03096257746219635,0.004578642547130585,0.027701,163.24273266697267,0.021427874922887235,1.9798334013146324,0.0012789777201171037,1.9775430646613943,0.03517967462539673,0.02563987672328949,0.026347294449806213,0.03401757776737213,0.03362846374511719
634710ae103349a28b1bbc25_p08,634710ae103349a28b1bbc25,LaYMgTiO6,634710ae103349a28b1bbc22,development,stable_positive_control_le_0.03,,a-a-c+,12.0,rocksalt,rocksalt,Pc,step4/candidates/634710ae103349a28b1bbc25_p08.cif,0.03484500348567963,0.004250992555171251,0.027701,147.68037821939575,0.15996160109567334,2.039276009854932,0.009802412541790099,2.0211900128820433,0.04031594097614288,0.03358863294124603,0.029107943177223206,0.033775776624679565,0.037436723709106445
634710ae103349a28b1bbc25_p09,634710ae103349a28b1bbc25,LaYMgTiO6,634710ae103349a28b1bbc22,development,stable_positive_control_le_0.03,,a0a0c+,6.0,rocksalt,rocksalt,P-4n2,step4/candidates/634710ae103349a28b1bbc25_p09.cif,0.039258672297000884,0.0052767484448850155,0.027701,172.04350774306172,5.626089629339297,1.9658164415750534,0.005030600175690575,1.9587020985797157,0.04474388808012009,0.03447297215461731,0.0428735613822937,0.0413447767496109,0.03285816311836243
634710ae103349a28b1bbc25_p10,634710ae103349a28b1bbc25,LaYMgTiO6,634710ae103349a28b1bbc22,development,stable_positive_control_le_0.03,,a0a0c+,12.0,rocksalt,rocksalt,P-4n2,step4/candidates/634710ae103349a28b1bbc25_p10.cif,0.0339776337146759,0.0031798933632671833,0.027701,164.33982190699302,11.073418124154253,1.9866266314250247,0.019745626536384606,1.9587020985797157,0.032875820994377136,0.030736833810806274,0.03604857623577118,0.03841960430145264,0.03180733323097229
634710ae103349a28b1bbc25_p11,634710ae103349a28b1bbc25,LaYMgTiO6,634710ae103349a28b1bbc22,development,stable_positive_control_le_0.03,,a0a0a0_ordering_control,0.0,layered,rocksalt,P4/nmm,step4/candidates/634710ae103349a28b1bbc25_p11.cif,0.13610385954380036,0.027541063725948334,0.027701,180.0,0.0,1.9587020985797157,0.0,1.9587020985797157,0.1771436631679535,0.1110391765832901,0.11311997473239899,0.14879292249679565,0.13042356073856354
6347130f660f1387211bc0d3_p01,6347130f660f1387211bc0d3,SrTbLiWO6,6347130f660f1387211bc0d2,development,stable_positive_control_le_0.03,,original,original,original,original,Pc,step4/candidates/6347130f660f1387211bc0d3_p01.cif,0.012556841969490052,0.0014211657689884305,0.00940281,152.94016267302376,0.1979543155844215,2.022919178738696,0.10602230703391706,1.9164163807017172,0.013291493058204651,0.011000752449035645,0.011152565479278564,0.013091415166854858,0.014247983694076538
6347130f660f1387211bc0d3_p02,6347130f660f1387211bc0d3,SrTbLiWO6,6347130f660f1387211bc0d2,development,stable_positive_control_le_0.03,,a0a0a0,0.0,rocksalt,rocksalt,F-43m,step4/candidates/6347130f660f1387211bc0d3_p02.cif,0.1455097332596779,0.02298627234995365,0.00940281,180.0,0.0,1.9666634311889617,3.8459253727671276e-16,1.9666634311889615,0.15449942648410797,0.11264681071043015,0.16830135881900787,0.16075845062732697,0.13134261965751648
6347130f660f1387211bc0d3_p03,6347130f660f1387211bc0d3,SrTbLiWO6,6347130f660f1387211bc0d2,development,stable_positive_control_le_0.03,,a0a0c-,6.0,rocksalt,rocksalt,I-4,step4/candidates/6347130f660f1387211bc0d3_p03.cif,0.04295873045921326,0.008857661858201027,0.00940281,172.04350774306178,5.62608962933928,1.973806691113997,0.005051047532770427,1.9666634311889615,0.04316578805446625,0.038129448890686035,0.03396318852901459,0.05741046369075775,0.04212476313114166
6347130f660f1387211bc0d3_p04,6347130f660f1387211bc0d3,SrTbLiWO6,6347130f660f1387211bc0d2,development,stable_positive_control_le_0.03,,a0a0c-,12.0,rocksalt,rocksalt,I-4,step4/candidates/6347130f660f1387211bc0d3_p04.cif,0.04177646636962891,0.007428144570440054,0.00940281,164.33982190699302,11.07341812415425,1.9947014659772673,0.019825884529955054,1.9666634311889615,0.03999461233615875,0.03317244350910187,0.04311293363571167,0.05339951813220978,0.03920282423496246
6347130f660f1387211bc0d3_p05,6347130f660f1387211bc0d3,SrTbLiWO6,6347130f660f1387211bc0d2,development,stable_positive_control_le_0.03,,a-a-a-,6.0,rocksalt,rocksalt,R3,step4/candidates/6347130f660f1387211bc0d3_p05.cif,0.05643628835678101,0.025430548936128616,0.00940281,163.27292765074517,0.03698123125764362,1.9878036181475718,0.0012864709610943973,1.9855809781849942,0.03186972439289093,0.0446527898311615,0.09502159804105759,0.06860700994729996,0.042030319571495056
6347130f660f1387211bc0d3_p06,6347130f660f1387211bc0d3,SrTbLiWO6,6347130f660f1387211bc0d2,development,stable_positive_control_le_0.03,,a-a-a-,12.0,rocksalt,rocksalt,R3,step4/candidates/6347130f660f1387211bc0d3_p06.cif,0.0618325486779213,0.00931366253644228,0.00940281,147.904586383159,0.27460148309782645,2.0464130634024915,0.009908194537852225,2.0294053336144344,0.0566057488322258,0.05616737902164459,0.06768952310085297,0.07531781494617462,0.053382277488708496
6347130f660f1387211bc0d3_p07,6347130f660f1387211bc0d3,SrTbLiWO6,6347130f660f1387211bc0d2,development,stable_positive_control_le_0.03,,a-a-c+,6.0,rocksalt,rocksalt,Pc,step4/candidates/6347130f660f1387211bc0d3_p07.cif,0.0404686227440834,0.010685594752430916,0.00940281,163.24273266697273,0.021427874922883883,1.987880624131308,0.0012841762477730388,1.9855809781849942,0.02822422981262207,0.03880643844604492,0.04236902296543121,0.05715707689523697,0.03578634560108185
6347130f660f1387211bc0d3_p08,6347130f660f1387211bc0d3,SrTbLiWO6,6347130f660f1387211bc0d2,development,stable_positive_control_le_0.03,,a-a-c+,12.0,rocksalt,rocksalt,Pc,step4/candidates/6347130f660f1387211bc0d3_p08.cif,0.05083669126033783,0.005690576508641243,0.00940281,147.68037821939575,0.1599616010956633,2.0475648428572986,0.009842255388068679,2.0294053336144344,0.04919251799583435,0.047990426421165466,0.047611527144908905,0.06096183508634567,0.04842714965343475
6347130f660f1387211bc0d3_p09,6347130f660f1387211bc0d3,SrTbLiWO6,6347130f660f1387211bc0d2,development,stable_positive_control_le_0.03,,a0a0c+,6.0,rocksalt,rocksalt,P-4n2,step4/candidates/6347130f660f1387211bc0d3_p09.cif,0.04258600026369095,0.00883171521127224,0.00940281,172.04350774306178,5.62608962933928,1.973806691113997,0.005051047532770427,1.9666634311889615,0.04281480610370636,0.037086933851242065,0.033707261085510254,0.05682902783155441,0.04249197244644165
6347130f660f1387211bc0d3_p10,6347130f660f1387211bc0d3,SrTbLiWO6,6347130f660f1387211bc0d2,development,stable_positive_control_le_0.03,,a0a0c+,12.0,rocksalt,rocksalt,P-4n2,step4/candidates/6347130f660f1387211bc0d3_p10.cif,0.041481582820415495,0.007342610042542219,0.00940281,164.33982190699302,11.07341812415425,1.9947014659772673,0.019825884529955054,1.9666634311889615,0.03864853084087372,0.032387226819992065,0.044772617518901825,0.05199645459651947,0.039603084325790405
6347130f660f1387211bc0d3_p11,6347130f660f1387211bc0d3,SrTbLiWO6,6347130f660f1387211bc0d2,development,stable_positive_control_le_0.03,,a0a0a0_ordering_control,0.0,layered,rocksalt,P4/nmm,step4/candidates/6347130f660f1387211bc0d3_p11.cif,0.14012110382318496,0.019196875393390656,0.00940281,180.0,0.0,1.9666634311889617,3.8459253727671276e-16,1.9666634311889615,0.15158408880233765,0.12026768177747726,0.14491502940654755,0.16335615515708923,0.12048256397247314
634d8de349b0ce94eb0d4011_p01,634d8de349b0ce94eb0d4011,SmSrInZrO6,634d8de349b0ce94eb0d400d,development,stable_positive_control_le_0.03,,original,original,original,original,Pc,step4/candidates/634d8de349b0ce94eb0d4011_p01.cif,0.02142428457736969,0.0017856175545603037,0.0234591,145.9985157676764,0.3486402161558211,2.118203059105563,0.04011164769742229,2.0778019348215984,0.024371087551116943,0.020602449774742126,0.021449729800224304,0.019613593816757202,0.021084561944007874
634d8de349b0ce94eb0d4011_p02,634d8de349b0ce94eb0d4011,SmSrInZrO6,634d8de349b0ce94eb0d400d,development,stable_positive_control_le_0.03,,a0a0a0,0.0,rocksalt,rocksalt,F-43m,step4/candidates/634d8de349b0ce94eb0d4011_p02.cif,0.18278505504131318,0.022636016830801964,0.0234591,180.0,0.0,2.024948285420711,3.1401849173675503e-16,2.0249482854207104,0.21663783490657806,0.17023606598377228,0.1933879554271698,0.17472566664218903,0.1589377522468567
634d8de349b0ce94eb0d4011_p03,634d8de349b0ce94eb0d4011,SmSrInZrO6,634d8de349b0ce94eb0d400d,development,stable_positive_control_le_0.03,,a0a0c-,6.0,rocksalt,rocksalt,I-4,step4/candidates/634d8de349b0ce94eb0d4011_p03.cif,0.044679108262062076,0.017090894281864166,0.0234591,172.04350774306172,5.626089629339303,2.032303245963588,0.005200742475228044,2.0249482854207104,0.06106965243816376,0.02029179036617279,0.05992220342159271,0.03623947501182556,0.04587242007255554
634d8de349b0ce94eb0d4011_p04,634d8de349b0ce94eb0d4011,SmSrInZrO6,634d8de349b0ce94eb0d400d,development,stable_positive_control_le_0.03,,a0a0c-,12.0,rocksalt,rocksalt,I-4,step4/candidates/634d8de349b0ce94eb0d4011_p04.cif,0.04329343736171722,0.009844275191426277,0.0234591,164.33982190699302,11.073418124154239,2.053817267052622,0.02041345267787409,2.0249482854207104,0.0495898574590683,0.030961990356445312,0.056176215410232544,0.03806433081626892,0.041674792766571045
634d8de349b0ce94eb0d4011_p05,634d8de349b0ce94eb0d4011,SmSrInZrO6,634d8de349b0ce94eb0d400d,development,stable_positive_control_le_0.03,,a-a-a-,6.0,rocksalt,rocksalt,R3,step4/candidates/634d8de349b0ce94eb0d4011_p05.cif,0.05723390281200409,0.029829904437065125,0.0234591,163.2729276507452,0.036981231257643604,2.046714991739865,0.0013245973487887855,2.0444264806962598,0.04093010723590851,0.03387194871902466,0.1088004857301712,0.05426432937383652,0.04830264300107956
634d8de349b0ce94eb0d4011_p06,634d8de349b0ce94eb0d4011,SmSrInZrO6,634d8de349b0ce94eb0d400d,development,stable_positive_control_le_0.03,,a-a-a-,12.0,rocksalt,rocksalt,R3,step4/candidates/634d8de349b0ce94eb0d4011_p06.cif,0.055351220071315765,0.02283344976603985,0.0234591,147.904586383159,0.27460148309782356,2.1070614108557475,0.010201837906198694,2.089549632924125,0.04794736206531525,0.03175315260887146,0.0929519534111023,0.04768189787864685,0.056421734392642975
634d8de349b0ce94eb0d4011_p07,634d8de349b0ce94eb0d4011,SmSrInZrO6,634d8de349b0ce94eb0d400d,development,stable_positive_control_le_0.03,,a-a-c+,6.0,rocksalt,rocksalt,Pc,step4/candidates/634d8de349b0ce94eb0d4011_p07.cif,0.03431912213563919,0.011019621044397354,0.0234591,163.24273266697273,0.021427874922878863,2.0467942799049172,0.0013222346283904046,2.0444264806962598,0.038737326860427856,0.022788912057876587,0.03970056772232056,0.022879838943481445,0.04748896509408951
634d8de349b0ce94eb0d4011_p08,634d8de349b0ce94eb0d4011,SmSrInZrO6,634d8de349b0ce94eb0d400d,development,stable_positive_control_le_0.03,,a-a-c+,12.0,rocksalt,rocksalt,Pc,step4/candidates/634d8de349b0ce94eb0d4011_p08.cif,0.04234640002250671,0.012771072797477245,0.0234591,147.68037821939575,0.15996160109567417,2.1082473249248284,0.010133944556386654,2.089549632924125,0.043952636420726776,0.022243782877922058,0.039143308997154236,0.05311662703752518,0.05327564477920532
634d8de349b0ce94eb0d4011_p09,634d8de349b0ce94eb0d4011,SmSrInZrO6,634d8de349b0ce94eb0d400d,development,stable_positive_control_le_0.03,,a0a0c+,6.0,rocksalt,rocksalt,P-4n2,step4/candidates/634d8de349b0ce94eb0d4011_p09.cif,0.04433896988630295,0.016938015818595886,0.0234591,172.04350774306172,5.626089629339303,2.032303245963588,0.005200742475228044,2.0249482854207104,0.06095677614212036,0.02028140425682068,0.05890941619873047,0.035532146692276,0.04601510614156723
634d8de349b0ce94eb0d4011_p10,634d8de349b0ce94eb0d4011,SmSrInZrO6,634d8de349b0ce94eb0d400d,development,stable_positive_control_le_0.03,,a0a0c+,12.0,rocksalt,rocksalt,P-4n2,step4/candidates/634d8de349b0ce94eb0d4011_p10.cif,0.04255957305431366,0.010675285942852497,0.0234591,164.33982190699302,11.073418124154239,2.053817267052622,0.02041345267787409,2.0249482854207104,0.04907397925853729,0.02825075387954712,0.05614258348941803,0.03773978352546692,0.04159076511859894
634d8de349b0ce94eb0d4011_p11,634d8de349b0ce94eb0d4011,SmSrInZrO6,634d8de349b0ce94eb0d400d,development,stable_positive_control_le_0.03,,a0a0a0_ordering_control,0.0,layered,rocksalt,P4/nmm,step4/candidates/634d8de349b0ce94eb0d4011_p11.cif,0.19644618034362793,0.022138506174087524,0.0234591,180.0,0.0,2.024948285420711,3.1401849173675503e-16,2.0249482854207104,0.22237850725650787,0.1799936294555664,0.20541758835315704,0.20679828524589539,0.16764289140701294
634d981649b0ce94eb0d9f5f_p01,634d981649b0ce94eb0d9f5f,PrSrHfTbO6,634d981649b0ce94eb0d9f5c,development,stable_positive_control_le_0.03,,original,original,original,original,Pc,step4/candidates/634d981649b0ce94eb0d9f5f_p01.cif,0.022538894414901735,0.0017154953675344586,0.0269888,142.29128673474145,0.565781706107997,2.181047612334187,0.10789802816187828,2.070805523339419,0.020377159118652344,0.024644121527671814,0.023677319288253784,0.021371304988861084,0.02262456715106964
634d981649b0ce94eb0d9f5f_p02,634d981649b0ce94eb0d9f5f,PrSrHfTbO6,634d981649b0ce94eb0d9f5c,development,stable_positive_control_le_0.03,,a0a0a0,0.0,rocksalt,rocksalt,F-43m,step4/candidates/634d981649b0ce94eb0d9f5f_p02.cif,0.09614951312541961,0.032557372003793716,0.0269888,180.0,0.0,2.063170945458387,3.1401849173675503e-16,2.0631709454583866,0.15209181606769562,0.0968223586678505,0.08250325173139572,0.07519073039293289,0.07413940876722336
634d981649b0ce94eb0d9f5f_p03,634d981649b0ce94eb0d9f5f,PrSrHfTbO6,634d981649b0ce94eb0d9f5c,development,stable_positive_control_le_0.03,,a0a0c-,6.0,rocksalt,rocksalt,I-4,step4/candidates/634d981649b0ce94eb0d9f5f_p03.cif,0.043483388423919675,0.014477712102234364,0.0269888,172.04350774306178,5.62608962933928,2.070664737278312,0.005298911012669304,2.0631709454583866,0.05857609212398529,0.04108206927776337,0.054656028747558594,0.021669909358024597,0.04143284261226654
634d981649b0ce94eb0d9f5f_p04,634d981649b0ce94eb0d9f5f,PrSrHfTbO6,634d981649b0ce94eb0d9f5c,development,stable_positive_control_le_0.03,,a0a0c-,12.0,rocksalt,rocksalt,I-4,step4/candidates/634d981649b0ce94eb0d9f5f_p04.cif,0.037572255730628966,0.012892032973468304,0.0269888,164.33982190699302,11.073418124154243,2.092584854226707,0.02079877435128141,2.0631709454583866,0.04668173938989639,0.047126851975917816,0.038511261343955994,0.015573933720588684,0.03996749222278595
634d981649b0ce94eb0d9f5f_p05,634d981649b0ce94eb0d9f5f,PrSrHfTbO6,634d981649b0ce94eb0d9f5c,development,stable_positive_control_le_0.03,,a-a-a-,6.0,rocksalt,rocksalt,R3,step4/candidates/634d981649b0ce94eb0d9f5f_p05.cif,0.031323951482772824,0.014801979064941406,0.0269888,163.27292765074517,0.036981231257671165,2.085348517290388,0.0013496002757835952,2.083016808610458,0.04412639141082764,0.031798213720321655,0.035204917192459106,0.006161808967590332,0.039328426122665405
634d981649b0ce94eb0d9f5f_p06,634d981649b0ce94eb0d9f5f,PrSrHfTbO6,634d981649b0ce94eb0d9f5c,development,stable_positive_control_le_0.03,,a-a-a-,12.0,rocksalt,rocksalt,R3,step4/candidates/634d981649b0ce94eb0d9f5f_p06.cif,0.03373592346906662,0.017639923840761185,0.0269888,147.904586383159,0.2746014830978307,2.1468340275519378,0.01039440646948253,2.128991699581406,0.048110976815223694,0.05006200820207596,0.02851785719394684,0.006510555744171143,0.035478219389915466
634d981649b0ce94eb0d9f5f_p07,634d981649b0ce94eb0d9f5f,PrSrHfTbO6,634d981649b0ce94eb0d9f5c,development,stable_positive_control_le_0.03,,a-a-c+,6.0,rocksalt,rocksalt,Pc,step4/candidates/634d981649b0ce94eb0d9f5f_p07.cif,0.028484529256820677,0.012023815885186195,0.0269888,163.24273266697267,0.0214278749228864,2.085429302088514,0.001347192956982807,2.0830168086104575,0.0414590984582901,0.027039319276809692,0.027567118406295776,0.009936347603797913,0.03642076253890991
634d981649b0ce94eb0d9f5f_p08,634d981649b0ce94eb0d9f5f,PrSrHfTbO6,634d981649b0ce94eb0d9f5c,development,stable_positive_control_le_0.03,,a-a-c+,12.0,rocksalt,rocksalt,Pc,step4/candidates/634d981649b0ce94eb0d9f5f_p08.cif,0.03163910210132599,0.011369654908776283,0.0269888,147.68037821939575,0.15996160109565993,2.148042326780493,0.010325231573644138,2.128991699581406,0.04344646632671356,0.037823185324668884,0.02614443004131317,0.014640286564826965,0.03614114224910736
634d981649b0ce94eb0d9f5f_p09,634d981649b0ce94eb0d9f5f,PrSrHfTbO6,634d981649b0ce94eb0d9f5c,development,stable_positive_control_le_0.03,,a0a0c+,6.0,rocksalt,rocksalt,P-4n2,step4/candidates/634d981649b0ce94eb0d9f5f_p09.cif,0.04344591647386551,0.014530500397086143,0.0269888,172.04350774306178,5.62608962933928,2.070664737278312,0.005298911012669304,2.0631709454583866,0.05819518119096756,0.0415431410074234,0.054950907826423645,0.021408170461654663,0.041132181882858276
634d981649b0ce94eb0d9f5f_p10,634d981649b0ce94eb0d9f5f,PrSrHfTbO6,634d981649b0ce94eb0d9f5c,development,stable_positive_control_le_0.03,,a0a0c+,12.0,rocksalt,rocksalt,P-4n2,step4/candidates/634d981649b0ce94eb0d9f5f_p10.cif,0.03767637014389038,0.013020667247474194,0.0269888,164.33982190699302,11.073418124154243,2.092584854226707,0.02079877435128141,2.0631709454583866,0.04669865220785141,0.04687171429395676,0.039984330534935,0.015243560075759888,0.03958359360694885
634d981649b0ce94eb0d9f5f_p11,634d981649b0ce94eb0d9f5f,PrSrHfTbO6,634d981649b0ce94eb0d9f5c,development,stable_positive_control_le_0.03,,a0a0a0_ordering_control,0.0,layered,rocksalt,P4/nmm,step4/candidates/634d981649b0ce94eb0d9f5f_p11.cif,0.10479539185762406,0.03261883929371834,0.0269888,180.0,0.0,2.063170945458387,3.1401849173675503e-16,2.0631709454583866,0.16130106151103973,0.10347459465265274,0.08798636496067047,0.09021308273077011,0.08100185543298721
634702b1660f1387211b508d_p01,634702b1660f1387211b508d,NdZnEuSiO6,634702b1660f1387211b508b,development,unstable_negative_control_gt_0.20,,original,original,original,original,Pc,step4/candidates/634702b1660f1387211b508d_p01.cif,0.29556519389152525,0.001665261690504849,0.321056,138.6546648336639,0.8505304163482281,2.0876107524764707,0.31578743163993783,1.7667361472444159,0.2942887842655182,0.2933838963508606,0.296073853969574,0.29681843519210815,0.29726099967956543
634702b1660f1387211b508d_p02,634702b1660f1387211b508d,NdZnEuSiO6,634702b1660f1387211b508b,development,unstable_negative_control_gt_0.20,,a0a0a0,0.0,rocksalt,rocksalt,F-43m,step4/candidates/634702b1660f1387211b508d_p02.cif,0.48627474904060364,0.040516678243875504,0.321056,180.0,0.0,1.954775977811165,2.7194799110210365e-16,1.954775977811165,0.4730091392993927,0.4265935719013214,0.5306073427200317,0.48551830649375916,0.5156453847885132
634702b1660f1387211b508d_p03,634702b1660f1387211b508d,NdZnEuSiO6,634702b1660f1387211b508b,development,unstable_negative_control_gt_0.20,,a0a0c-,6.0,rocksalt,rocksalt,I-4,step4/candidates/634702b1660f1387211b508d_p03.cif,0.27771190702915194,0.05891606584191322,0.321056,172.04350774306172,5.626089629339297,1.9618760604604255,0.005020516588277089,1.954775977811165,0.21298342943191528,0.3179345726966858,0.325113445520401,0.31902652978897095,0.21350155770778656
634702b1660f1387211b508d_p04,634702b1660f1387211b508d,NdZnEuSiO6,634702b1660f1387211b508b,development,unstable_negative_control_gt_0.20,,a0a0c-,12.0,rocksalt,rocksalt,I-4,step4/candidates/634702b1660f1387211b508d_p04.cif,0.2720268160104752,0.045792803168296814,0.321056,164.33982190699302,11.073418124154248,1.982644537321665,0.019706047411775163,1.954775977811165,0.21890230476856232,0.3009883761405945,0.3078937530517578,0.30723580718040466,0.22511383891105652
634702b1660f1387211b508d_p05,634702b1660f1387211b508d,NdZnEuSiO6,634702b1660f1387211b508b,development,unstable_negative_control_gt_0.20,,a-a-a-,6.0,rocksalt,rocksalt,R3,step4/candidates/634702b1660f1387211b508d_p05.cif,0.27123004794120786,0.057983916252851486,0.321056,163.27292765074517,0.036981231257655185,1.975788383379791,0.001278694915976896,1.9735791781150436,0.20885154604911804,0.27280277013778687,0.3004010021686554,0.35109299421310425,0.22300192713737488
634702b1660f1387211b508d_p06,634702b1660f1387211b508d,NdZnEuSiO6,634702b1660f1387211b508b,development,unstable_negative_control_gt_0.20,,a-a-a-,12.0,rocksalt,rocksalt,R3,step4/candidates/634702b1660f1387211b508d_p06.cif,0.2613992393016815,0.029360273852944374,0.321056,147.904586383159,0.274601483097825,2.0340435651461455,0.009848304676293045,2.0171386382025975,0.21823818981647491,0.29123950004577637,0.28147566318511963,0.2696167528629303,0.24642609059810638
634702b1660f1387211b508d_p07,634702b1660f1387211b508d,NdZnEuSiO6,634702b1660f1387211b508b,development,unstable_negative_control_gt_0.20,,a-a-c+,6.0,rocksalt,rocksalt,Pc,step4/candidates/634702b1660f1387211b508d_p07.cif,0.25306546986103057,0.03043578565120697,0.321056,163.24273266697267,0.021427874922877184,1.975864923902571,0.0012764140729991814,1.9735791781150436,0.20956817269325256,0.27336442470550537,0.28389084339141846,0.2637777328491211,0.2347261756658554
634702b1660f1387211b508d_p08,634702b1660f1387211b508d,NdZnEuSiO6,634702b1660f1387211b508b,development,unstable_negative_control_gt_0.20,,a-a-c+,12.0,rocksalt,rocksalt,Pc,step4/candidates/634702b1660f1387211b508d_p08.cif,0.2614023834466934,0.027632495388388634,0.321056,147.68037821939575,0.15996160109566745,2.0351883826956496,0.009782764094234068,2.0171386382025975,0.21845123171806335,0.28184521198272705,0.2846222519874573,0.2722736597061157,0.2498195618391037
634702b1660f1387211b508d_p09,634702b1660f1387211b508d,NdZnEuSiO6,634702b1660f1387211b508b,development,unstable_negative_control_gt_0.20,,a0a0c+,6.0,rocksalt,rocksalt,P-4n2,step4/candidates/634702b1660f1387211b508d_p09.cif,0.27777976393699644,0.0576653927564621,0.321056,172.04350774306172,5.626089629339297,1.9618760604604255,0.005020516588277089,1.954775977811165,0.21312350034713745,0.3176533579826355,0.32492610812187195,0.31688714027404785,0.21630871295928955
634702b1660f1387211b508d_p10,634702b1660f1387211b508d,NdZnEuSiO6,634702b1660f1387211b508b,development,unstable_negative_control_gt_0.20,,a0a0c+,12.0,rocksalt,rocksalt,P-4n2,step4/candidates/634702b1660f1387211b508d_p10.cif,0.2738818645477295,0.04841352254152298,0.321056,164.33982190699302,11.073418124154248,1.982644537321665,0.019706047411775167,1.954775977811165,0.21809962391853333,0.29986268281936646,0.30945029854774475,0.317404568195343,0.2245921492576599
634702b1660f1387211b508d_p11,634702b1660f1387211b508d,NdZnEuSiO6,634702b1660f1387211b508b,development,unstable_negative_control_gt_0.20,,a0a0a0_ordering_control,0.0,layered,rocksalt,P4/nmm,step4/candidates/634702b1660f1387211b508d_p11.cif,0.4889181613922119,0.03548884764313698,0.321056,180.0,0.0,1.954775977811165,2.7194799110210365e-16,1.954775977811165,0.4565832018852234,0.45074427127838135,0.5267090201377869,0.48837071657180786,0.5221835970878601
63470b2f660f1387211b8cd7_p01,63470b2f660f1387211b8cd7,BaBiCoFeO6,63470b2f660f1387211b8cd6,development,unstable_negative_control_gt_0.20,,original,original,original,original,F-43m,step4/candidates/63470b2f660f1387211b8cd7_p01.cif,0.2360094368457794,0.0011943659046664834,0.209532,180.0,0.0,1.9097525,0.016041921000000323,1.8937105789999995,0.23546980321407318,0.23684364557266235,0.23731783032417297,0.23613592982292175,0.23427997529506683
63470b2f660f1387211b8cd7_p02,63470b2f660f1387211b8cd7,BaBiCoFeO6,63470b2f660f1387211b8cd6,development,unstable_negative_control_gt_0.20,,a0a0a0,0.0,rocksalt,rocksalt,F-43m,step4/candidates/63470b2f660f1387211b8cd7_p02.cif,0.23475378453731538,0.010940076783299446,0.209532,180.0,0.0,1.9097524999999997,3.1401849173675503e-16,1.9097524999999989,0.24768012762069702,0.224746972322464,0.22287258505821228,0.2431202232837677,0.23534901440143585
63470b2f660f1387211b8cd7_p03,63470b2f660f1387211b8cd7,BaBiCoFeO6,63470b2f660f1387211b8cd6,development,unstable_negative_control_gt_0.20,,a0a0c-,6.0,rocksalt,rocksalt,I-4,step4/candidates/63470b2f660f1387211b8cd7_p03.cif,0.146026149392128,0.01584082841873169,0.209532,172.04350774306178,5.62608962933928,1.916689049632053,0.004904881282861661,1.9097524999999989,0.15679816901683807,0.1618850976228714,0.15341435372829437,0.12780267000198364,0.13023045659065247
63470b2f660f1387211b8cd7_p04,63470b2f660f1387211b8cd7,BaBiCoFeO6,63470b2f660f1387211b8cd6,development,unstable_negative_control_gt_0.20,,a0a0c-,12.0,rocksalt,rocksalt,I-4,step4/candidates/63470b2f660f1387211b8cd7_p04.cif,0.14099044501781463,0.019190162420272827,0.209532,164.33982190699305,11.073418124154239,1.9369791754864514,0.01925216686563539,1.9097524999999989,0.14113661646842957,0.16800236701965332,0.14929789304733276,0.11848965287208557,0.12802569568157196
63470b2f660f1387211b8cd7_p05,63470b2f660f1387211b8cd7,BaBiCoFeO6,63470b2f660f1387211b8cd6,development,unstable_negative_control_gt_0.20,,a-a-a-,6.0,rocksalt,rocksalt,R3,step4/candidates/63470b2f660f1387211b8cd7_p05.cif,0.15467364490032195,0.017815276980400085,0.209532,163.27292765074517,0.03698123125765085,1.930280936261341,0.0012492433098438831,1.9281226146299848,0.1443115621805191,0.15539103746414185,0.1819034367799759,0.1574043184518814,0.13435786962509155
63470b2f660f1387211b8cd7_p06,63470b2f660f1387211b8cd7,BaBiCoFeO6,63470b2f660f1387211b8cd6,development,unstable_negative_control_gt_0.20,,a-a-a-,12.0,rocksalt,rocksalt,R3,step4/candidates/63470b2f660f1387211b8cd7_p06.cif,0.15078651607036592,0.013212954625487328,0.209532,147.90458638315906,0.2746014830978236,1.9871943525704687,0.009621473094514048,1.9706787892224333,0.14433124661445618,0.15013059973716736,0.16535617411136627,0.16148188710212708,0.13263267278671265
63470b2f660f1387211b8cd7_p07,63470b2f660f1387211b8cd7,BaBiCoFeO6,63470b2f660f1387211b8cd6,development,unstable_negative_control_gt_0.20,,a-a-c+,6.0,rocksalt,rocksalt,Pc,step4/candidates/63470b2f660f1387211b8cd7_p07.cif,0.1408601313829422,0.01132327038794756,0.209532,163.24273266697267,0.021427874922883883,1.9303557138606102,0.001247015000498863,1.9281226146299848,0.13446123898029327,0.15874457359313965,0.14549313485622406,0.13339167833328247,0.13221003115177155
63470b2f660f1387211b8cd7_p08,63470b2f660f1387211b8cd7,BaBiCoFeO6,63470b2f660f1387211b8cd6,development,unstable_negative_control_gt_0.20,,a-a-c+,12.0,rocksalt,rocksalt,Pc,step4/candidates/63470b2f660f1387211b8cd7_p08.cif,0.141305610537529,0.007759714964777231,0.209532,147.6803782193958,0.1599616010956834,1.9883128020511396,0.009557442079267635,1.9706787892224336,0.137948676943779,0.14974598586559296,0.14627353847026825,0.14272773265838623,0.12983211874961853
63470b2f660f1387211b8cd7_p09,63470b2f660f1387211b8cd7,BaBiCoFeO6,63470b2f660f1387211b8cd6,development,unstable_negative_control_gt_0.20,,a0a0c+,6.0,rocksalt,rocksalt,P-4n2,step4/candidates/63470b2f660f1387211b8cd7_p09.cif,0.1455046057701111,0.016319701448082924,0.209532,172.04350774306178,5.62608962933928,1.916689049632053,0.004904881282861661,1.9097524999999989,0.15668724477291107,0.1616227775812149,0.15320360660552979,0.12591713666915894,0.13009226322174072
63470b2f660f1387211b8cd7_p10,63470b2f660f1387211b8cd7,BaBiCoFeO6,63470b2f660f1387211b8cd6,development,unstable_negative_control_gt_0.20,,a0a0c+,12.0,rocksalt,rocksalt,P-4n2,step4/candidates/63470b2f660f1387211b8cd7_p10.cif,0.14035918116569518,0.01986907422542572,0.209532,164.33982190699302,11.073418124154239,1.9369791754864512,0.01925216686563539,1.9097524999999989,0.140253484249115,0.16805115342140198,0.1493680775165558,0.11651630699634552,0.12760688364505768
63470b2f660f1387211b8cd7_p11,63470b2f660f1387211b8cd7,BaBiCoFeO6,63470b2f660f1387211b8cd6,development,unstable_negative_control_gt_0.20,,a0a0a0_ordering_control,0.0,layered,rocksalt,P4/nmm,step4/candidates/63470b2f660f1387211b8cd7_p11.cif,0.20921204388141632,0.011794399470090866,0.209532,180.0,0.0,1.9097524999999997,3.1401849173675503e-16,1.9097524999999989,0.21148143708705902,0.21054698526859283,0.1981198936700821,0.22707030177116394,0.19884160161018372
63470faf103349a28b1bb3e6_p01,63470faf103349a28b1bb3e6,BaEuCoGaO6,63470faf103349a28b1bb3e3,development,unstable_negative_control_gt_0.20,,original,original,original,original,F-43m,step4/candidates/63470faf103349a28b1bb3e6_p01.cif,0.2465916633605957,0.0014122307766228914,0.2301,180.0,0.0,1.9282465000000002,0.058233044299999925,1.8700134556999997,0.2489253729581833,0.24578939378261566,0.24620282649993896,0.24528422951698303,0.24675649404525757
63470faf103349a28b1bb3e6_p02,63470faf103349a28b1bb3e6,BaEuCoGaO6,63470faf103349a28b1bb3e3,development,unstable_negative_control_gt_0.20,,a0a0a0,0.0,rocksalt,rocksalt,F-43m,step4/candidates/63470faf103349a28b1bb3e6_p02.cif,0.261973163485527,0.02664446085691452,0.2301,180.0,0.0,1.9282464999999995,3.8459253727671276e-16,1.9282464999999993,0.25126078724861145,0.25138458609580994,0.30957967042922974,0.2483377903699875,0.24930298328399658
63470faf103349a28b1bb3e6_p03,63470faf103349a28b1bb3e6,BaEuCoGaO6,63470faf103349a28b1bb3e3,development,unstable_negative_control_gt_0.20,,a0a0c-,6.0,rocksalt,rocksalt,I-4,step4/candidates/63470faf103349a28b1bb3e6_p03.cif,0.23497416079044342,0.03913630545139313,0.2301,172.04350774306172,5.626089629339293,1.9352502230217432,0.004952380042227215,1.9282464999999993,0.24121081829071045,0.22024276852607727,0.29607897996902466,0.22807249426841736,0.18926574289798737
63470faf103349a28b1bb3e6_p04,63470faf103349a28b1bb3e6,BaEuCoGaO6,63470faf103349a28b1bb3e3,development,unstable_negative_control_gt_0.20,,a0a0c-,12.0,rocksalt,rocksalt,I-4,step4/candidates/63470faf103349a28b1bb3e6_p04.cif,0.2225172132253647,0.03660482168197632,0.2301,164.33982190699302,11.07341812415425,1.955736837995832,0.01943860441396328,1.9282464999999993,0.21452251076698303,0.21451668441295624,0.2810651957988739,0.22243627905845642,0.18004539608955383
63470faf103349a28b1bb3e6_p05,63470faf103349a28b1bb3e6,BaEuCoGaO6,63470faf103349a28b1bb3e3,development,unstable_negative_control_gt_0.20,,a-a-a-,6.0,rocksalt,rocksalt,R3,step4/candidates/63470faf103349a28b1bb3e6_p05.cif,0.2310206651687622,0.02455121837556362,0.2301,163.27292765074517,0.03698123125765374,1.94897373317362,0.001261340953790886,1.94679451040442,0.21953216195106506,0.21170178055763245,0.2724325358867645,0.23392432928085327,0.21751251816749573
63470faf103349a28b1bb3e6_p06,63470faf103349a28b1bb3e6,BaEuCoGaO6,63470faf103349a28b1bb3e3,development,unstable_negative_control_gt_0.20,,a-a-a-,12.0,rocksalt,rocksalt,R3,step4/candidates/63470faf103349a28b1bb3e6_p06.cif,0.22596984207630158,0.026268452405929565,0.2301,147.904586383159,0.2746014830978337,2.006438297718564,0.009714647222266146,1.9897627980287473,0.2093416154384613,0.1950082778930664,0.2627847194671631,0.23882809281349182,0.22388650476932526
63470faf103349a28b1bb3e6_p07,63470faf103349a28b1bb3e6,BaEuCoGaO6,63470faf103349a28b1bb3e3,development,unstable_negative_control_gt_0.20,,a-a-c+,6.0,rocksalt,rocksalt,Pc,step4/candidates/63470faf103349a28b1bb3e6_p07.cif,0.22094448208808898,0.02207089401781559,0.2301,163.24273266697267,0.021427874922870484,1.9490492349174684,0.0012590910655485648,1.94679451040442,0.2288622111082077,0.1983945518732071,0.25171008706092834,0.225138321518898,0.2006172388792038
63470faf103349a28b1bb3e6_p08,63470faf103349a28b1bb3e6,BaEuCoGaO6,63470faf103349a28b1bb3e3,development,unstable_negative_control_gt_0.20,,a-a-c+,12.0,rocksalt,rocksalt,Pc,step4/candidates/63470faf103349a28b1bb3e6_p08.cif,0.21659748256206512,0.021605707705020905,0.2301,147.68037821939575,0.1599616010956708,2.0075675782386995,0.00964999613211685,1.9897627980287473,0.21142300963401794,0.18568089604377747,0.24404872953891754,0.22776289284229279,0.21407188475131989
63470faf103349a28b1bb3e6_p09,63470faf103349a28b1bb3e6,BaEuCoGaO6,63470faf103349a28b1bb3e3,development,unstable_negative_control_gt_0.20,,a0a0c+,6.0,rocksalt,rocksalt,P-4n2,step4/candidates/63470faf103349a28b1bb3e6_p09.cif,0.23468762934207915,0.03902438282966614,0.2301,172.04350774306172,5.626089629339293,1.9352502230217432,0.004952380042227215,1.9282464999999993,0.24089458584785461,0.22126060724258423,0.2956322431564331,0.22673816978931427,0.1889125406742096
63470faf103349a28b1bb3e6_p10,63470faf103349a28b1bb3e6,BaEuCoGaO6,63470faf103349a28b1bb3e3,development,unstable_negative_control_gt_0.20,,a0a0c+,12.0,rocksalt,rocksalt,P-4n2,step4/candidates/63470faf103349a28b1bb3e6_p10.cif,0.22134726643562316,0.036981187760829926,0.2301,164.33982190699302,11.07341812415425,1.955736837995832,0.01943860441396328,1.9282464999999993,0.21345040202140808,0.2151123285293579,0.2808626890182495,0.2186213731765747,0.17868953943252563
63470faf103349a28b1bb3e6_p11,63470faf103349a28b1bb3e6,BaEuCoGaO6,63470faf103349a28b1bb3e3,development,unstable_negative_control_gt_0.20,,a0a0a0_ordering_control,0.0,layered,rocksalt,P4/nmm,step4/candidates/63470faf103349a28b1bb3e6_p11.cif,0.24089108407497406,0.0158982053399086,0.2301,180.0,0.0,1.9282464999999995,3.8459253727671276e-16,1.9282464999999993,0.22545669972896576,0.25492966175079346,0.2596951425075531,0.23812806606292725,0.22624585032463074
634710ef660f1387211bb457_p01,634710ef660f1387211bb457,MgSmCuSiO6,634710ef660f1387211bb456,development,unstable_negative_control_gt_0.20,,original,original,original,original,Pc,step4/candidates/634710ef660f1387211bb457_p01.cif,0.2117518812417984,0.0012167643290013075,0.211729,159.01421966241648,0.10380372609673175,1.8827052218377096,0.10860316265031607,1.773953804147914,0.2122255265712738,0.2121441513299942,0.21286097168922424,0.21185144782066345,0.2096773087978363
634710ef660f1387211bb457_p02,634710ef660f1387211bb457,MgSmCuSiO6,634710ef660f1387211bb456,development,unstable_negative_control_gt_0.20,,a0a0a0,0.0,rocksalt,rocksalt,F-43m,step4/candidates/634710ef660f1387211bb457_p02.cif,0.41050730347633363,0.025395488366484642,0.211729,180.0,0.0,1.8512372324991642,2.7194799110210365e-16,1.8512372324991637,0.4145730137825012,0.373381108045578,0.39852145314216614,0.4293840825557709,0.43667685985565186
634710ef660f1387211bb457_p03,634710ef660f1387211bb457,MgSmCuSiO6,634710ef660f1387211bb456,development,unstable_negative_control_gt_0.20,,a0a0c-,6.0,rocksalt,rocksalt,I-4,step4/candidates/634710ef660f1387211bb457_p03.cif,0.2186328262090683,0.020213890820741653,0.211729,172.04350774306172,5.626089629339293,1.8579612446127414,0.004754594562291036,1.8512372324991637,0.19418556988239288,0.24429857730865479,0.2303232103586197,0.22106719017028809,0.20328958332538605
634710ef660f1387211bb457_p04,634710ef660f1387211bb457,MgSmCuSiO6,634710ef660f1387211bb456,development,unstable_negative_control_gt_0.20,,a0a0c-,12.0,rocksalt,rocksalt,I-4,step4/candidates/634710ef660f1387211bb457_p04.cif,0.20814085900783538,0.014687806367874146,0.211729,164.33982190699305,11.073418124154236,1.8776296762203746,0.018662275927352305,1.8512372324991637,0.18792615830898285,0.20752716064453125,0.22220410406589508,0.22232291102409363,0.20072396099567413
634710ef660f1387211bb457_p05,634710ef660f1387211bb457,MgSmCuSiO6,634710ef660f1387211bb456,development,unstable_negative_control_gt_0.20,,a-a-a-,6.0,rocksalt,rocksalt,R3,step4/candidates/634710ef660f1387211bb457_p05.cif,0.21607568562030793,0.03694923222064972,0.211729,163.27292765074517,0.03698123125767115,1.871136672626605,0.001210966199878262,1.8690444824796224,0.19371868669986725,0.1961044818162918,0.22145846486091614,0.27842801809310913,0.19066877663135529
634710ef660f1387211bb457_p06,634710ef660f1387211bb457,MgSmCuSiO6,634710ef660f1387211bb456,development,unstable_negative_control_gt_0.20,,a-a-a-,12.0,rocksalt,rocksalt,R3,step4/candidates/634710ef660f1387211bb457_p06.cif,0.21037421822547914,0.01655016839504242,0.211729,147.904586383159,0.27460148309782934,1.9263062484225173,0.009326668887226329,1.9102967258348613,0.19665269553661346,0.20040030777454376,0.21702918410301208,0.23647847771644592,0.2013104259967804
634710ef660f1387211bb457_p07,634710ef660f1387211bb457,MgSmCuSiO6,634710ef660f1387211bb456,development,unstable_negative_control_gt_0.20,,a-a-c+,6.0,rocksalt,rocksalt,Pc,step4/candidates/634710ef660f1387211bb457_p07.cif,0.2046774983406067,0.008865748532116413,0.211729,163.24273266697267,0.021427874922883047,1.8712091590225768,0.001208806166457665,1.8690444824796224,0.1922491192817688,0.20124810934066772,0.21412913501262665,0.2122582346200943,0.20350289344787598
634710ef660f1387211bb457_p08,634710ef660f1387211bb457,MgSmCuSiO6,634710ef660f1387211bb456,development,unstable_negative_control_gt_0.20,,a-a-c+,12.0,rocksalt,rocksalt,Pc,step4/candidates/634710ef660f1387211bb457_p08.cif,0.2099499672651291,0.010895452462136745,0.211729,147.68037821939578,0.15996160109566662,1.9273904283470287,0.009264599797405067,1.910296725834861,0.1959436535835266,0.20409710705280304,0.21781185269355774,0.22338615357875824,0.20851106941699982
634710ef660f1387211bb457_p09,634710ef660f1387211bb457,MgSmCuSiO6,634710ef660f1387211bb456,development,unstable_negative_control_gt_0.20,,a0a0c+,6.0,rocksalt,rocksalt,P-4n2,step4/candidates/634710ef660f1387211bb457_p09.cif,0.22067716717720032,0.023351531475782394,0.211729,172.04350774306172,5.626089629339293,1.8579612446127414,0.004754594562291036,1.8512372324991637,0.19469386339187622,0.2535898685455322,0.23081283271312714,0.22148428857326508,0.20280498266220093
634710ef660f1387211bb457_p10,634710ef660f1387211bb457,MgSmCuSiO6,634710ef660f1387211bb456,development,unstable_negative_control_gt_0.20,,a0a0c+,12.0,rocksalt,rocksalt,P-4n2,step4/candidates/634710ef660f1387211bb457_p10.cif,0.2094374865293503,0.015744440257549286,0.211729,164.33982190699305,11.073418124154236,1.8776296762203746,0.018662275927352305,1.8512372324991637,0.18855153024196625,0.2082679569721222,0.22285613417625427,0.22672897577285767,0.20078283548355103
634710ef660f1387211bb457_p11,634710ef660f1387211bb457,MgSmCuSiO6,634710ef660f1387211bb456,development,unstable_negative_control_gt_0.20,,a0a0a0_ordering_control,0.0,layered,rocksalt,P4/nmm,step4/candidates/634710ef660f1387211bb457_p11.cif,0.41215271353721616,0.02286902256309986,0.211729,180.0,0.0,1.8512372324991642,2.7194799110210365e-16,1.8512372324991637,0.41757655143737793,0.3779703974723816,0.40150654315948486,0.43334096670150757,0.430369108915329
