timestamp,index,name,utilization_gpu_pct,memory_used_mib,memory_total_mib,temperature_c,power_w
2026-09-01T20:22:58.459601+08:00,0, NVIDIA GeForce RTX 5060, 86, 5841, 8151, 66, 104.70
2026-09-01T20:23:01.209257+08:00,0, NVIDIA GeForce RTX 5060, 2, 6203, 8151, 59, 58.00
2026-09-01T20:23:03.584432+08:00,0, NVIDIA GeForce RTX 5060, 24, 7724, 8151, 60, 60.18
2026-09-01T20:23:06.316506+08:00,0, NVIDIA GeForce RTX 5060, 76, 7718, 8151, 62, 76.62
2026-09-01T20:23:08.640781+08:00,0, NVIDIA GeForce RTX 5060, 72, 7719, 8151, 59, 79.01
2026-09-01T20:23:11.362100+08:00,0, NVIDIA GeForce RTX 5060, 83, 7685, 8151, 59, 94.66
2026-09-01T20:23:13.693267+08:00,0, NVIDIA GeForce RTX 5060, 89, 7685, 8151, 61, 86.29
2026-09-01T20:23:16.433241+08:00,0, NVIDIA GeForce RTX 5060, 87, 7650, 8151, 62, 79.80
2026-09-01T20:23:18.762298+08:00,0, NVIDIA GeForce RTX 5060, 86, 7645, 8151, 60, 80.20
2026-09-01T20:23:21.477554+08:00,0, NVIDIA GeForce RTX 5060, 82, 7665, 8151, 64, 84.72
2026-09-01T20:23:23.842764+08:00,0, NVIDIA GeForce RTX 5060, 84, 7640, 8151, 60, 82.79
2026-09-01T20:23:26.549717+08:00,0, NVIDIA GeForce RTX 5060, 53, 7610, 8151, 58, 81.23
2026-09-01T20:23:28.898472+08:00,0, NVIDIA GeForce RTX 5060, 88, 7652, 8151, 62, 90.90
2026-09-01T20:23:31.852327+08:00,0, NVIDIA GeForce RTX 5060, 80, 7554, 8151, 64, 98.94
2026-09-01T20:23:33.954170+08:00,0, NVIDIA GeForce RTX 5060, 81, 7650, 8151, 64, 85.56
2026-09-01T20:23:36.915711+08:00,0, NVIDIA GeForce RTX 5060, 81, 7616, 8151, 64, 92.10
2026-09-01T20:23:38.995925+08:00,0, NVIDIA GeForce RTX 5060, 90, 7592, 8151, 63, 64.41
2026-09-01T20:23:41.964479+08:00,0, NVIDIA GeForce RTX 5060, 79, 7635, 8151, 64, 86.79
2026-09-01T20:23:44.052506+08:00,0, NVIDIA GeForce RTX 5060, 86, 7640, 8151, 61, 83.31
2026-09-01T20:23:47.063322+08:00,0, NVIDIA GeForce RTX 5060, 79, 7603, 8151, 62, 80.59
2026-09-01T20:23:49.179023+08:00,0, NVIDIA GeForce RTX 5060, 86, 7603, 8151, 64, 92.36
2026-09-01T20:23:52.162118+08:00,0, NVIDIA GeForce RTX 5060, 80, 7604, 8151, 63, 87.71
2026-09-01T20:23:54.299573+08:00,0, NVIDIA GeForce RTX 5060, 71, 7601, 8151, 63, 90.78
2026-09-01T20:23:57.224485+08:00,0, NVIDIA GeForce RTX 5060, 81, 7630, 8151, 60, 89.49
2026-09-01T20:23:59.458540+08:00,0, NVIDIA GeForce RTX 5060, 84, 7633, 8151, 64, 96.08
2026-09-01T20:24:02.352217+08:00,0, NVIDIA GeForce RTX 5060, 86, 7631, 8151, 58, 88.05
2026-09-01T20:24:04.564810+08:00,0, NVIDIA GeForce RTX 5060, 75, 7539, 8151, 59, 89.32
2026-09-01T20:24:07.416171+08:00,0, NVIDIA GeForce RTX 5060, 87, 7631, 8151, 64, 87.86
2026-09-01T20:24:09.626496+08:00,0, NVIDIA GeForce RTX 5060, 70, 7639, 8151, 64, 83.85
2026-09-01T20:24:12.561566+08:00,0, NVIDIA GeForce RTX 5060, 30, 7542, 8151, 57, 88.83
2026-09-01T20:24:14.704189+08:00,0, NVIDIA GeForce RTX 5060, 85, 7578, 8151, 60, 67.50
2026-09-01T20:24:17.654982+08:00,0, NVIDIA GeForce RTX 5060, 75, 7573, 8151, 56, 78.70
2026-09-01T20:24:19.833255+08:00,0, NVIDIA GeForce RTX 5060, 91, 7580, 8151, 62, 80.61
2026-09-01T20:24:22.884766+08:00,0, NVIDIA GeForce RTX 5060, 65, 7528, 8151, 64, 88.68
2026-09-01T20:24:25.013751+08:00,0, NVIDIA GeForce RTX 5060, 28, 7576, 8151, 55, 41.23
2026-09-01T20:24:29.218013+08:00,0, NVIDIA GeForce RTX 5060, 74, 7601, 8151, 57, 63.78
2026-09-01T20:24:30.083144+08:00,0, NVIDIA GeForce RTX 5060, 8, 7594, 8151, 57, 68.45
2026-09-01T20:24:34.294195+08:00,0, NVIDIA GeForce RTX 5060, 81, 7650, 8151, 59, 66.50
2026-09-01T20:24:35.741322+08:00,0, NVIDIA GeForce RTX 5060, 31, 7680, 8151, 55, 66.42
2026-09-01T20:24:39.881080+08:00,0, NVIDIA GeForce RTX 5060, 23, 7578, 8151, 58, 62.00
2026-09-01T20:24:40.782648+08:00,0, NVIDIA GeForce RTX 5060, 85, 7608, 8151, 61, 84.90
2026-09-01T20:24:44.931217+08:00,0, NVIDIA GeForce RTX 5060, 74, 7645, 8151, 62, 91.54
2026-09-01T20:24:45.866696+08:00,0, NVIDIA GeForce RTX 5060, 25, 7643, 8151, 54, 57.02
2026-09-01T20:24:49.974832+08:00,0, NVIDIA GeForce RTX 5060, 47, 7631, 8151, 58, 44.68
2026-09-01T20:24:50.958396+08:00,0, NVIDIA GeForce RTX 5060, 89, 7563, 8151, 59, 87.31
2026-09-01T20:24:55.689393+08:00,0, NVIDIA GeForce RTX 5060, 32, 7592, 8151, 56, 86.72
2026-09-01T20:24:56.001753+08:00,0, NVIDIA GeForce RTX 5060, 86, 7586, 8151, 61, 56.76
2026-09-01T20:25:01.551436+08:00,0, NVIDIA GeForce RTX 5060, 86, 7570, 8151, 62, 99.39
2026-09-01T20:25:01.606692+08:00,0, NVIDIA GeForce RTX 5060, 25, 7568, 8151, 54, 54.91
2026-09-01T20:25:07.334782+08:00,0, NVIDIA GeForce RTX 5060, 91, 7592, 8151, 60, 87.14
2026-09-01T20:25:07.377511+08:00,0, NVIDIA GeForce RTX 5060, 29, 7590, 8151, 54, 56.17
2026-09-01T20:25:13.087636+08:00,0, NVIDIA GeForce RTX 5060, 87, 7587, 8151, 62, 100.33
2026-09-01T20:25:13.124637+08:00,0, NVIDIA GeForce RTX 5060, 23, 7498, 8151, 54, 57.15
2026-09-01T20:25:18.745376+08:00,0, NVIDIA GeForce RTX 5060, 58, 7585, 8151, 62, 89.67
2026-09-01T20:25:18.840444+08:00,0, NVIDIA GeForce RTX 5060, 38, 7591, 8151, 54, 46.60
2026-09-01T20:25:24.363761+08:00,0, NVIDIA GeForce RTX 5060, 88, 7652, 8151, 61, 89.22
2026-09-01T20:25:24.412269+08:00,0, NVIDIA GeForce RTX 5060, 16, 7654, 8151, 54, 57.85
2026-09-01T20:25:29.449538+08:00,0, NVIDIA GeForce RTX 5060, 78, 7626, 8151, 53, 54.40
2026-09-01T20:25:29.504060+08:00,0, NVIDIA GeForce RTX 5060, 78, 7585, 8151, 53, 59.31
2026-09-01T20:25:34.509715+08:00,0, NVIDIA GeForce RTX 5060, 81, 7511, 8151, 61, 89.67
2026-09-01T20:25:34.619765+08:00,0, NVIDIA GeForce RTX 5060, 81, 7523, 8151, 61, 89.67
2026-09-01T20:25:39.737568+08:00,0, NVIDIA GeForce RTX 5060, 29, 7505, 8151, 53, 57.34
2026-09-01T20:25:39.805286+08:00,0, NVIDIA GeForce RTX 5060, 27, 7467, 8151, 53, 46.09
2026-09-01T20:25:44.780748+08:00,0, NVIDIA GeForce RTX 5060, 86, 7506, 8151, 62, 80.95
2026-09-01T20:25:44.854242+08:00,0, NVIDIA GeForce RTX 5060, 83, 7506, 8151, 62, 91.80
2026-09-01T20:25:50.253056+08:00,0, NVIDIA GeForce RTX 5060, 100, 7469, 8151, 58, 75.39
2026-09-01T20:25:50.283964+08:00,0, NVIDIA GeForce RTX 5060, 100, 7473, 8151, 54, 56.17
2026-09-01T20:25:55.339981+08:00,0, NVIDIA GeForce RTX 5060, 85, 7430, 8151, 61, 96.30
2026-09-01T20:25:56.245831+08:00,0, NVIDIA GeForce RTX 5060, 85, 7453, 8151, 61, 96.30
2026-09-01T20:26:00.503760+08:00,0, NVIDIA GeForce RTX 5060, 24, 7425, 8151, 54, 48.54
2026-09-01T20:26:01.297900+08:00,0, NVIDIA GeForce RTX 5060, 85, 7441, 8151, 61, 75.97
2026-09-01T20:26:05.539276+08:00,0, NVIDIA GeForce RTX 5060, 85, 7435, 8151, 62, 81.48
2026-09-01T20:26:06.899868+08:00,0, NVIDIA GeForce RTX 5060, 16, 7445, 8151, 56, 72.13
2026-09-01T20:26:11.260680+08:00,0, NVIDIA GeForce RTX 5060, 19, 7401, 8151, 54, 70.18
2026-09-01T20:26:11.959318+08:00,0, NVIDIA GeForce RTX 5060, 80, 7364, 8151, 57, 69.17
2026-09-01T20:26:16.313934+08:00,0, NVIDIA GeForce RTX 5060, 71, 7450, 8151, 53, 51.42
2026-09-01T20:26:17.027426+08:00,0, NVIDIA GeForce RTX 5060, 72, 7442, 8151, 59, 91.57
2026-09-01T20:26:22.222910+08:00,0, NVIDIA GeForce RTX 5060, 86, 7420, 8151, 61, 93.90
2026-09-01T20:26:22.270068+08:00,0, NVIDIA GeForce RTX 5060, 21, 7416, 8151, 53, 46.41
2026-09-01T20:26:27.278966+08:00,0, NVIDIA GeForce RTX 5060, 87, 7416, 8151, 61, 84.31
2026-09-01T20:26:27.315178+08:00,0, NVIDIA GeForce RTX 5060, 87, 7416, 8151, 61, 88.24
2026-09-01T20:26:33.206714+08:00,0, NVIDIA GeForce RTX 5060, 29, 7414, 8151, 55, 61.20
2026-09-01T20:26:33.251866+08:00,0, NVIDIA GeForce RTX 5060, 21, 7381, 8151, 53, 37.92
2026-09-01T20:26:38.308390+08:00,0, NVIDIA GeForce RTX 5060, 89, 7373, 8151, 58, 69.03
2026-09-01T20:26:38.344004+08:00,0, NVIDIA GeForce RTX 5060, 89, 7373, 8151, 58, 69.03
2026-09-01T20:26:44.127931+08:00,0, NVIDIA GeForce RTX 5060, 27, 7415, 8151, 54, 64.83
2026-09-01T20:26:44.186820+08:00,0, NVIDIA GeForce RTX 5060, 13, 7425, 8151, 53, 37.68
2026-09-01T20:26:49.172276+08:00,0, NVIDIA GeForce RTX 5060, 78, 7434, 8151, 59, 71.15
2026-09-01T20:26:49.222311+08:00,0, NVIDIA GeForce RTX 5060, 88, 7434, 8151, 59, 77.17
2026-09-01T20:26:54.711983+08:00,0, NVIDIA GeForce RTX 5060, 32, 7442, 8151, 55, 70.34
2026-09-01T20:26:54.763977+08:00,0, NVIDIA GeForce RTX 5060, 26, 7452, 8151, 53, 45.35
2026-09-01T20:26:59.756453+08:00,0, NVIDIA GeForce RTX 5060, 77, 7440, 8151, 60, 82.75
2026-09-01T20:26:59.819232+08:00,0, NVIDIA GeForce RTX 5060, 81, 7440, 8151, 60, 84.24
2026-09-01T20:27:05.455071+08:00,0, NVIDIA GeForce RTX 5060, 33, 7479, 8151, 57, 72.25
2026-09-01T20:27:05.574435+08:00,0, NVIDIA GeForce RTX 5060, 17, 7410, 8151, 53, 40.97
2026-09-01T20:27:10.517107+08:00,0, NVIDIA GeForce RTX 5060, 80, 7391, 8151, 60, 74.35
2026-09-01T20:27:10.617975+08:00,0, NVIDIA GeForce RTX 5060, 75, 7391, 8151, 60, 79.87
2026-09-01T20:27:16.150223+08:00,0, NVIDIA GeForce RTX 5060, 24, 7333, 8151, 54, 67.56
2026-09-01T20:27:16.179762+08:00,0, NVIDIA GeForce RTX 5060, 23, 7406, 8151, 53, 40.95
2026-09-01T20:27:21.214363+08:00,0, NVIDIA GeForce RTX 5060, 85, 7409, 8151, 61, 85.36
2026-09-01T20:27:21.243202+08:00,0, NVIDIA GeForce RTX 5060, 83, 7409, 8151, 61, 85.36
2026-09-01T20:27:26.660794+08:00,0, NVIDIA GeForce RTX 5060, 26, 7440, 8151, 55, 67.67
2026-09-01T20:27:26.695501+08:00,0, NVIDIA GeForce RTX 5060, 27, 7440, 8151, 55, 43.88
2026-09-01T20:27:31.694398+08:00,0, NVIDIA GeForce RTX 5060, 91, 7402, 8151, 60, 73.24
2026-09-01T20:27:31.735070+08:00,0, NVIDIA GeForce RTX 5060, 91, 7402, 8151, 60, 78.80
2026-09-01T20:27:37.028697+08:00,0, NVIDIA GeForce RTX 5060, 22, 7392, 8151, 55, 64.09
2026-09-01T20:27:37.063475+08:00,0, NVIDIA GeForce RTX 5060, 27, 7388, 8151, 55, 46.22
2026-09-01T20:27:42.069366+08:00,0, NVIDIA GeForce RTX 5060, 84, 7416, 8151, 63, 78.40
2026-09-01T20:27:42.097312+08:00,0, NVIDIA GeForce RTX 5060, 84, 7414, 8151, 63, 84.67
2026-09-01T20:27:47.557997+08:00,0, NVIDIA GeForce RTX 5060, 35, 7408, 8151, 55, 71.47
2026-09-01T20:27:47.622146+08:00,0, NVIDIA GeForce RTX 5060, 23, 7361, 8151, 54, 47.49
2026-09-01T20:27:52.593998+08:00,0, NVIDIA GeForce RTX 5060, 87, 7338, 8151, 62, 79.37
2026-09-01T20:27:52.658680+08:00,0, NVIDIA GeForce RTX 5060, 86, 7338, 8151, 62, 85.78
2026-09-01T20:27:58.194302+08:00,0, NVIDIA GeForce RTX 5060, 25, 7350, 8151, 55, 70.90
2026-09-01T20:27:58.241825+08:00,0, NVIDIA GeForce RTX 5060, 18, 7354, 8151, 54, 38.08
2026-09-01T20:28:03.237062+08:00,0, NVIDIA GeForce RTX 5060, 86, 7365, 8151, 61, 77.25
2026-09-01T20:28:03.277077+08:00,0, NVIDIA GeForce RTX 5060, 86, 7365, 8151, 61, 77.25
2026-09-01T20:28:09.008727+08:00,0, NVIDIA GeForce RTX 5060, 32, 7327, 8151, 62, 85.28
2026-09-01T20:28:09.067018+08:00,0, NVIDIA GeForce RTX 5060, 22, 7319, 8151, 54, 40.40
2026-09-01T20:28:14.045183+08:00,0, NVIDIA GeForce RTX 5060, 85, 7410, 8151, 62, 74.88
2026-09-01T20:28:14.107602+08:00,0, NVIDIA GeForce RTX 5060, 85, 7410, 8151, 62, 81.36
2026-09-01T20:28:19.551514+08:00,0, NVIDIA GeForce RTX 5060, 23, 7312, 8151, 55, 76.15
2026-09-01T20:28:19.595660+08:00,0, NVIDIA GeForce RTX 5060, 32, 7284, 8151, 55, 41.30
2026-09-01T20:28:24.589937+08:00,0, NVIDIA GeForce RTX 5060, 85, 7323, 8151, 62, 89.29
2026-09-01T20:28:24.641306+08:00,0, NVIDIA GeForce RTX 5060, 85, 7323, 8151, 62, 95.74
2026-09-01T20:28:29.888653+08:00,0, NVIDIA GeForce RTX 5060, 27, 7370, 8151, 55, 64.36
2026-09-01T20:28:29.926159+08:00,0, NVIDIA GeForce RTX 5060, 30, 7360, 8151, 55, 47.01
2026-09-01T20:28:34.923731+08:00,0, NVIDIA GeForce RTX 5060, 86, 7328, 8151, 61, 79.97
2026-09-01T20:28:34.961494+08:00,0, NVIDIA GeForce RTX 5060, 86, 7328, 8151, 61, 79.97
2026-09-01T20:28:40.643619+08:00,0, NVIDIA GeForce RTX 5060, 47, 7334, 8151, 61, 77.62
2026-09-01T20:28:40.691421+08:00,0, NVIDIA GeForce RTX 5060, 31, 7323, 8151, 55, 43.32
2026-09-01T20:28:45.688019+08:00,0, NVIDIA GeForce RTX 5060, 18, 7378, 8151, 54, 38.01
2026-09-01T20:28:45.728893+08:00,0, NVIDIA GeForce RTX 5060, 18, 7378, 8151, 54, 43.37
2026-09-01T20:28:50.725178+08:00,0, NVIDIA GeForce RTX 5060, 30, 7343, 8151, 54, 45.28
2026-09-01T20:28:50.769488+08:00,0, NVIDIA GeForce RTX 5060, 30, 7343, 8151, 54, 45.28
2026-09-01T20:28:55.781565+08:00,0, NVIDIA GeForce RTX 5060, 63, 7335, 8151, 61, 73.72
2026-09-01T20:28:55.825219+08:00,0, NVIDIA GeForce RTX 5060, 3, 7335, 8151, 61, 73.73
2026-09-01T20:29:01.332677+08:00,0, NVIDIA GeForce RTX 5060, 18, 7386, 8151, 57, 71.30
2026-09-01T20:29:01.379042+08:00,0, NVIDIA GeForce RTX 5060, 29, 7395, 8151, 54, 44.73
2026-09-01T20:29:06.368818+08:00,0, NVIDIA GeForce RTX 5060, 85, 7332, 8151, 61, 88.68
2026-09-01T20:29:06.420466+08:00,0, NVIDIA GeForce RTX 5060, 86, 7332, 8151, 61, 94.93
2026-09-01T20:29:11.763930+08:00,0, NVIDIA GeForce RTX 5060, 25, 7382, 8151, 56, 63.68
2026-09-01T20:29:11.816806+08:00,0, NVIDIA GeForce RTX 5060, 26, 7388, 8151, 56, 46.83
2026-09-01T20:29:16.815821+08:00,0, NVIDIA GeForce RTX 5060, 85, 7358, 8151, 62, 79.66
2026-09-01T20:29:16.855271+08:00,0, NVIDIA GeForce RTX 5060, 85, 7358, 8151, 62, 79.66
2026-09-01T20:29:22.355095+08:00,0, NVIDIA GeForce RTX 5060, 24, 7386, 8151, 60, 85.50
2026-09-01T20:29:22.388246+08:00,0, NVIDIA GeForce RTX 5060, 25, 7372, 8151, 55, 55.16
2026-09-01T20:29:27.402998+08:00,0, NVIDIA GeForce RTX 5060, 88, 7416, 8151, 62, 80.37
2026-09-01T20:29:27.426380+08:00,0, NVIDIA GeForce RTX 5060, 87, 7416, 8151, 62, 80.37
2026-09-01T20:29:32.664678+08:00,0, NVIDIA GeForce RTX 5060, 27, 7399, 8151, 56, 69.61
2026-09-01T20:29:32.696234+08:00,0, NVIDIA GeForce RTX 5060, 31, 7405, 8151, 56, 58.17
2026-09-01T20:29:38.680977+08:00,0, NVIDIA GeForce RTX 5060, 76, 7428, 8151, 63, 98.24
2026-09-01T20:29:38.699818+08:00,0, NVIDIA GeForce RTX 5060, 20, 7418, 8151, 55, 42.32
2026-09-01T20:29:43.729586+08:00,0, NVIDIA GeForce RTX 5060, 83, 7412, 8151, 63, 95.46
2026-09-01T20:29:43.743539+08:00,0, NVIDIA GeForce RTX 5060, 83, 7412, 8151, 63, 95.46
2026-09-01T20:29:49.095024+08:00,0, NVIDIA GeForce RTX 5060, 32, 7355, 8151, 55, 68.56
2026-09-01T20:29:49.181987+08:00,0, NVIDIA GeForce RTX 5060, 23, 7419, 8151, 55, 49.49
2026-09-01T20:29:54.151912+08:00,0, NVIDIA GeForce RTX 5060, 60, 7450, 8151, 59, 50.16
2026-09-01T20:29:54.230552+08:00,0, NVIDIA GeForce RTX 5060, 73, 7450, 8151, 59, 54.11
2026-09-01T20:29:59.193336+08:00,0, NVIDIA GeForce RTX 5060, 85, 7396, 8151, 62, 75.45
2026-09-01T20:29:59.266226+08:00,0, NVIDIA GeForce RTX 5060, 87, 7396, 8151, 62, 86.05
2026-09-01T20:30:05.068951+08:00,0, NVIDIA GeForce RTX 5060, 24, 7433, 8151, 59, 79.35
2026-09-01T20:30:05.105674+08:00,0, NVIDIA GeForce RTX 5060, 31, 7423, 8151, 54, 38.18
2026-09-01T20:30:11.111522+08:00,0, NVIDIA GeForce RTX 5060, 68, 7449, 8151, 59, 90.18
2026-09-01T20:30:11.158965+08:00,0, NVIDIA GeForce RTX 5060, 24, 7447, 8151, 54, 39.59
2026-09-01T20:30:16.172257+08:00,0, NVIDIA GeForce RTX 5060, 81, 7451, 8151, 63, 72.25
2026-09-01T20:30:16.210508+08:00,0, NVIDIA GeForce RTX 5060, 80, 7451, 8151, 63, 74.75
2026-09-01T20:30:21.233404+08:00,0, NVIDIA GeForce RTX 5060, 81, 7412, 8151, 60, 88.29
2026-09-01T20:30:21.315762+08:00,0, NVIDIA GeForce RTX 5060, 81, 7412, 8151, 60, 88.29
2026-09-01T20:30:26.841930+08:00,0, NVIDIA GeForce RTX 5060, 29, 7443, 8151, 55, 55.64
2026-09-01T20:30:26.882223+08:00,0, NVIDIA GeForce RTX 5060, 21, 7439, 8151, 54, 37.76
2026-09-01T20:30:31.888749+08:00,0, NVIDIA GeForce RTX 5060, 83, 7443, 8151, 62, 92.30
2026-09-01T20:30:32.944885+08:00,0, NVIDIA GeForce RTX 5060, 83, 7443, 8151, 62, 97.98
2026-09-01T20:30:37.754967+08:00,0, NVIDIA GeForce RTX 5060, 47, 7414, 8151, 60, 75.82
2026-09-01T20:30:38.018531+08:00,0, NVIDIA GeForce RTX 5060, 40, 7416, 8151, 54, 51.22
2026-09-01T20:30:43.978993+08:00,0, NVIDIA GeForce RTX 5060, 78, 7434, 8151, 63, 96.57
2026-09-01T20:30:44.028235+08:00,0, NVIDIA GeForce RTX 5060, 30, 7430, 8151, 55, 38.40
2026-09-01T20:30:49.034145+08:00,0, NVIDIA GeForce RTX 5060, 89, 7459, 8151, 54, 55.64
2026-09-01T20:30:49.087951+08:00,0, NVIDIA GeForce RTX 5060, 89, 7459, 8151, 54, 55.64
2026-09-01T20:30:55.101416+08:00,0, NVIDIA GeForce RTX 5060, 78, 7369, 8151, 58, 94.52
2026-09-01T20:30:55.133689+08:00,0, NVIDIA GeForce RTX 5060, 25, 7443, 8151, 54, 38.09
2026-09-01T20:31:00.153008+08:00,0, NVIDIA GeForce RTX 5060, 78, 7449, 8151, 61, 62.95
2026-09-01T20:31:00.180928+08:00,0, NVIDIA GeForce RTX 5060, 78, 7449, 8151, 61, 62.95
2026-09-01T20:31:05.929039+08:00,0, NVIDIA GeForce RTX 5060, 12, 7467, 8151, 57, 77.52
2026-09-01T20:31:05.980587+08:00,0, NVIDIA GeForce RTX 5060, 26, 7455, 8151, 54, 45.67
2026-09-01T20:31:10.984677+08:00,0, NVIDIA GeForce RTX 5060, 72, 7425, 8151, 59, 71.54
2026-09-01T20:31:11.022330+08:00,0, NVIDIA GeForce RTX 5060, 84, 7424, 8151, 59, 73.87
2026-09-01T20:31:16.036833+08:00,0, NVIDIA GeForce RTX 5060, 10, 7463, 8151, 58, 51.28
2026-09-01T20:31:16.076683+08:00,0, NVIDIA GeForce RTX 5060, 10, 7463, 8151, 58, 51.28
2026-09-01T20:31:22.155611+08:00,0, NVIDIA GeForce RTX 5060, 23, 7430, 8151, 54, 65.97
2026-09-01T20:31:22.189444+08:00,0, NVIDIA GeForce RTX 5060, 20, 7436, 8151, 53, 37.60
2026-09-01T20:31:27.209208+08:00,0, NVIDIA GeForce RTX 5060, 83, 7442, 8151, 59, 69.53
2026-09-01T20:31:27.243142+08:00,0, NVIDIA GeForce RTX 5060, 85, 7442, 8151, 59, 69.53
2026-09-01T20:31:32.264697+08:00,0, NVIDIA GeForce RTX 5060, 81, 7416, 8151, 61, 85.35
2026-09-01T20:31:32.292933+08:00,0, NVIDIA GeForce RTX 5060, 81, 7416, 8151, 61, 85.35
2026-09-01T20:31:38.317868+08:00,0, NVIDIA GeForce RTX 5060, 21, 7407, 8151, 57, 78.90
2026-09-01T20:31:38.378408+08:00,0, NVIDIA GeForce RTX 5060, 14, 7373, 8151, 53, 37.57
2026-09-01T20:31:43.370599+08:00,0, NVIDIA GeForce RTX 5060, 83, 7420, 8151, 60, 77.20
2026-09-01T20:31:43.429558+08:00,0, NVIDIA GeForce RTX 5060, 82, 7420, 8151, 60, 86.99
2026-09-01T20:31:49.373887+08:00,0, NVIDIA GeForce RTX 5060, 73, 7460, 8151, 61, 92.65
2026-09-01T20:31:49.429890+08:00,0, NVIDIA GeForce RTX 5060, 27, 7450, 8151, 53, 38.49
2026-09-01T20:31:54.454184+08:00,0, NVIDIA GeForce RTX 5060, 77, 7487, 8151, 55, 60.81
2026-09-01T20:31:54.493595+08:00,0, NVIDIA GeForce RTX 5060, 77, 7487, 8151, 55, 60.81
2026-09-01T20:32:00.569500+08:00,0, NVIDIA GeForce RTX 5060, 60, 7459, 8151, 61, 92.95
2026-09-01T20:32:00.633867+08:00,0, NVIDIA GeForce RTX 5060, 23, 7462, 8151, 53, 37.99
2026-09-01T20:32:05.636309+08:00,0, NVIDIA GeForce RTX 5060, 85, 7472, 8151, 61, 75.81
2026-09-01T20:32:05.685031+08:00,0, NVIDIA GeForce RTX 5060, 85, 7472, 8151, 61, 75.81
2026-09-01T20:32:10.774559+08:00,0, NVIDIA GeForce RTX 5060, 22, 7505, 8151, 54, 64.77
2026-09-01T20:32:10.826108+08:00,0, NVIDIA GeForce RTX 5060, 33, 7502, 8151, 54, 48.84
2026-09-01T20:32:15.835280+08:00,0, NVIDIA GeForce RTX 5060, 85, 7445, 8151, 61, 92.06
2026-09-01T20:32:15.869711+08:00,0, NVIDIA GeForce RTX 5060, 85, 7445, 8151, 61, 92.06
2026-09-01T20:32:20.996381+08:00,0, NVIDIA GeForce RTX 5060, 28, 7460, 8151, 54, 48.88
2026-09-01T20:32:21.031752+08:00,0, NVIDIA GeForce RTX 5060, 17, 7522, 8151, 54, 42.95
2026-09-01T20:32:26.056432+08:00,0, NVIDIA GeForce RTX 5060, 79, 7528, 8151, 54, 61.86
2026-09-01T20:32:26.080649+08:00,0, NVIDIA GeForce RTX 5060, 79, 7528, 8151, 54, 61.86
2026-09-01T20:32:31.867176+08:00,0, NVIDIA GeForce RTX 5060, 19, 7495, 8151, 55, 79.58
2026-09-01T20:32:31.899717+08:00,0, NVIDIA GeForce RTX 5060, 27, 7495, 8151, 54, 37.89
2026-09-01T20:32:36.911795+08:00,0, NVIDIA GeForce RTX 5060, 85, 7462, 8151, 60, 76.64
2026-09-01T20:32:36.946503+08:00,0, NVIDIA GeForce RTX 5060, 85, 7462, 8151, 60, 76.64
2026-09-01T20:32:42.811615+08:00,0, NVIDIA GeForce RTX 5060, 85, 7432, 8151, 62, 97.32
2026-09-01T20:32:42.837099+08:00,0, NVIDIA GeForce RTX 5060, 31, 7490, 8151, 54, 51.40
2026-09-01T20:32:47.859674+08:00,0, NVIDIA GeForce RTX 5060, 84, 7480, 8151, 60, 66.86
2026-09-01T20:32:47.883390+08:00,0, NVIDIA GeForce RTX 5060, 84, 7480, 8151, 60, 66.86
2026-09-01T20:32:53.640646+08:00,0, NVIDIA GeForce RTX 5060, 32, 7392, 8151, 57, 72.12
2026-09-01T20:32:53.658082+08:00,0, NVIDIA GeForce RTX 5060, 24, 7399, 8151, 54, 38.03
2026-09-01T20:32:58.678202+08:00,0, NVIDIA GeForce RTX 5060, 84, 7529, 8151, 62, 68.18
2026-09-01T20:32:58.708197+08:00,0, NVIDIA GeForce RTX 5060, 84, 7529, 8151, 62, 68.18
2026-09-01T20:33:04.369124+08:00,0, NVIDIA GeForce RTX 5060, 23, 7460, 8151, 56, 73.58
2026-09-01T20:33:04.410338+08:00,0, NVIDIA GeForce RTX 5060, 31, 7522, 8151, 54, 43.36
2026-09-01T20:33:09.421089+08:00,0, NVIDIA GeForce RTX 5060, 80, 7530, 8151, 54, 57.37
2026-09-01T20:33:09.456605+08:00,0, NVIDIA GeForce RTX 5060, 80, 7530, 8151, 54, 57.37
2026-09-01T20:33:14.471297+08:00,0, NVIDIA GeForce RTX 5060, 77, 7522, 8151, 59, 71.90
2026-09-01T20:33:14.505485+08:00,0, NVIDIA GeForce RTX 5060, 77, 7522, 8151, 59, 71.90
2026-09-01T20:33:19.600937+08:00,0, NVIDIA GeForce RTX 5060, 77, 7408, 8151, 61, 91.83
2026-09-01T20:33:20.805358+08:00,0, NVIDIA GeForce RTX 5060, 74, 7406, 8151, 61, 92.55
2026-09-01T20:33:25.600596+08:00,0, NVIDIA GeForce RTX 5060, 86, 7379, 8151, 60, 88.18
2026-09-01T20:33:25.859560+08:00,0, NVIDIA GeForce RTX 5060, 84, 7469, 8151, 53, 44.62
2026-09-01T20:33:30.655834+08:00,0, NVIDIA GeForce RTX 5060, 80, 7494, 8151, 57, 45.69
2026-09-01T20:33:30.910185+08:00,0, NVIDIA GeForce RTX 5060, 86, 7481, 8151, 57, 58.24
2026-09-01T20:33:36.696334+08:00,0, NVIDIA GeForce RTX 5060, 80, 7487, 8151, 61, 85.00
2026-09-01T20:33:36.754510+08:00,0, NVIDIA GeForce RTX 5060, 25, 7483, 8151, 53, 38.56
2026-09-01T20:33:41.742742+08:00,0, NVIDIA GeForce RTX 5060, 74, 7435, 8151, 62, 86.36
2026-09-01T20:33:41.794241+08:00,0, NVIDIA GeForce RTX 5060, 74, 7435, 8151, 62, 86.36
2026-09-01T20:33:47.771212+08:00,0, NVIDIA GeForce RTX 5060, 39, 7386, 8151, 57, 67.72
2026-09-01T20:33:47.805010+08:00,0, NVIDIA GeForce RTX 5060, 37, 7442, 8151, 53, 37.34
2026-09-01T20:33:52.868079+08:00,0, NVIDIA GeForce RTX 5060, 77, 7343, 8151, 61, 83.07
2026-09-01T20:33:52.869234+08:00,0, NVIDIA GeForce RTX 5060, 77, 7343, 8151, 61, 83.07
2026-09-01T20:33:58.642441+08:00,0, NVIDIA GeForce RTX 5060, 67, 7380, 8151, 58, 76.88
2026-09-01T20:33:58.681935+08:00,0, NVIDIA GeForce RTX 5060, 67, 7380, 8151, 58, 76.88
2026-09-01T20:34:03.698414+08:00,0, NVIDIA GeForce RTX 5060, 81, 7374, 8151, 60, 81.11
2026-09-01T20:34:03.732632+08:00,0, NVIDIA GeForce RTX 5060, 81, 7374, 8151, 60, 87.44
2026-09-01T20:34:09.147747+08:00,0, NVIDIA GeForce RTX 5060, 25, 7377, 8151, 54, 61.30
2026-09-01T20:34:09.184410+08:00,0, NVIDIA GeForce RTX 5060, 24, 7380, 8151, 54, 38.08
2026-09-01T20:34:14.186740+08:00,0, NVIDIA GeForce RTX 5060, 86, 7381, 8151, 61, 74.47
2026-09-01T20:34:14.246418+08:00,0, NVIDIA GeForce RTX 5060, 88, 7381, 8151, 61, 84.58
2026-09-01T20:34:19.635240+08:00,0, NVIDIA GeForce RTX 5060, 35, 7412, 8151, 55, 70.00
2026-09-01T20:34:19.714829+08:00,0, NVIDIA GeForce RTX 5060, 32, 7437, 8151, 54, 55.33
2026-09-01T20:34:24.682152+08:00,0, NVIDIA GeForce RTX 5060, 84, 7427, 8151, 62, 89.34
2026-09-01T20:34:24.774226+08:00,0, NVIDIA GeForce RTX 5060, 84, 7427, 8151, 62, 95.36
2026-09-01T20:34:30.401279+08:00,0, NVIDIA GeForce RTX 5060, 14, 7402, 8151, 55, 68.73
2026-09-01T20:34:30.498521+08:00,0, NVIDIA GeForce RTX 5060, 22, 7400, 8151, 54, 37.85
2026-09-01T20:34:35.468159+08:00,0, NVIDIA GeForce RTX 5060, 84, 7402, 8151, 59, 73.50
2026-09-01T20:34:35.540889+08:00,0, NVIDIA GeForce RTX 5060, 84, 7402, 8151, 59, 83.03
2026-09-01T20:34:41.248008+08:00,0, NVIDIA GeForce RTX 5060, 32, 7346, 8151, 60, 72.97
2026-09-01T20:34:41.301529+08:00,0, NVIDIA GeForce RTX 5060, 18, 7418, 8151, 54, 43.85
2026-09-01T20:34:46.309617+08:00,0, NVIDIA GeForce RTX 5060, 53, 7460, 8151, 53, 42.07
2026-09-01T20:34:46.348041+08:00,0, NVIDIA GeForce RTX 5060, 53, 7460, 8151, 53, 47.68
2026-09-01T20:34:51.388460+08:00,0, NVIDIA GeForce RTX 5060, 20, 7490, 8151, 53, 41.59
2026-09-01T20:34:51.428447+08:00,0, NVIDIA GeForce RTX 5060, 84, 7468, 8151, 53, 46.05
2026-09-01T20:34:56.460217+08:00,0, NVIDIA GeForce RTX 5060, 89, 7489, 8151, 57, 62.12
2026-09-01T20:34:56.494642+08:00,0, NVIDIA GeForce RTX 5060, 89, 7489, 8151, 57, 62.12
2026-09-01T20:35:01.507931+08:00,0, NVIDIA GeForce RTX 5060, 80, 7424, 8151, 58, 67.39
2026-09-01T20:35:01.555424+08:00,0, NVIDIA GeForce RTX 5060, 80, 7424, 8151, 58, 73.28
2026-09-01T20:35:06.564764+08:00,0, NVIDIA GeForce RTX 5060, 78, 7471, 8151, 59, 83.22
2026-09-01T20:35:06.612430+08:00,0, NVIDIA GeForce RTX 5060, 78, 7471, 8151, 59, 88.05
2026-09-01T20:35:11.796513+08:00,0, NVIDIA GeForce RTX 5060, 28, 7494, 8151, 54, 67.17
2026-09-01T20:35:11.884394+08:00,0, NVIDIA GeForce RTX 5060, 41, 7490, 8151, 54, 53.19
2026-09-01T20:35:17.257406+08:00,0, NVIDIA GeForce RTX 5060, 33, 7469, 8151, 57, 76.64
2026-09-01T20:35:17.308596+08:00,0, NVIDIA GeForce RTX 5060, 39, 7457, 8151, 57, 50.46
2026-09-01T20:35:22.293542+08:00,0, NVIDIA GeForce RTX 5060, 64, 7447, 8151, 55, 69.90
2026-09-01T20:35:22.346884+08:00,0, NVIDIA GeForce RTX 5060, 64, 7447, 8151, 55, 69.71
2026-09-01T20:35:27.451318+08:00,0, NVIDIA GeForce RTX 5060, 80, 7496, 8151, 59, 79.08
2026-09-01T20:35:27.514306+08:00,0, NVIDIA GeForce RTX 5060, 87, 7432, 8151, 59, 84.19
2026-09-01T20:35:32.514592+08:00,0, NVIDIA GeForce RTX 5060, 86, 7429, 8151, 58, 71.96
2026-09-01T20:35:32.573693+08:00,0, NVIDIA GeForce RTX 5060, 86, 7429, 8151, 58, 71.96
2026-09-01T20:35:38.005522+08:00,0, NVIDIA GeForce RTX 5060, 14, 7387, 8151, 59, 68.83
2026-09-01T20:35:38.059472+08:00,0, NVIDIA GeForce RTX 5060, 24, 7431, 8151, 55, 42.25
2026-09-01T20:35:43.058747+08:00,0, NVIDIA GeForce RTX 5060, 80, 7436, 8151, 54, 66.69
2026-09-01T20:35:43.122117+08:00,0, NVIDIA GeForce RTX 5060, 80, 7436, 8151, 54, 72.97
2026-09-01T20:35:48.619344+08:00,0, NVIDIA GeForce RTX 5060, 26, 7314, 8151, 54, 41.72
2026-09-01T20:35:48.702141+08:00,0, NVIDIA GeForce RTX 5060, 31, 7373, 8151, 54, 37.96
2026-09-01T20:35:53.685959+08:00,0, NVIDIA GeForce RTX 5060, 72, 7429, 8151, 60, 69.64
2026-09-01T20:35:53.755905+08:00,0, NVIDIA GeForce RTX 5060, 72, 7428, 8151, 60, 75.40
2026-09-01T20:36:00.184896+08:00,0, NVIDIA GeForce RTX 5060, 10, 7338, 8151, 55, 72.45
2026-09-01T20:36:00.227607+08:00,0, NVIDIA GeForce RTX 5060, 25, 7300, 8151, 53, 37.56
2026-09-01T20:36:05.335322+08:00,0, NVIDIA GeForce RTX 5060, 88, 7382, 8151, 55, 46.06
2026-09-01T20:36:05.347440+08:00,0, NVIDIA GeForce RTX 5060, 88, 7381, 8151, 55, 47.56
2026-09-01T20:36:10.379164+08:00,0, NVIDIA GeForce RTX 5060, 80, 7378, 8151, 59, 73.84
2026-09-01T20:36:10.393479+08:00,0, NVIDIA GeForce RTX 5060, 80, 7378, 8151, 59, 73.84
2026-09-01T20:36:16.228853+08:00,0, NVIDIA GeForce RTX 5060, 22, 7302, 8151, 60, 78.43
2026-09-01T20:36:16.242100+08:00,0, NVIDIA GeForce RTX 5060, 27, 7368, 8151, 53, 37.85
2026-09-01T20:36:21.287006+08:00,0, NVIDIA GeForce RTX 5060, 91, 7390, 8151, 56, 49.23
2026-09-01T20:36:21.297052+08:00,0, NVIDIA GeForce RTX 5060, 91, 7390, 8151, 56, 49.23
2026-09-01T20:36:27.208967+08:00,0, NVIDIA GeForce RTX 5060, 86, 7305, 8151, 62, 92.53
2026-09-01T20:36:27.238269+08:00,0, NVIDIA GeForce RTX 5060, 86, 7305, 8151, 62, 92.53
2026-09-01T20:36:32.261091+08:00,0, NVIDIA GeForce RTX 5060, 88, 7357, 8151, 53, 49.18
2026-09-01T20:36:32.285782+08:00,0, NVIDIA GeForce RTX 5060, 88, 7357, 8151, 53, 49.18
2026-09-01T20:36:37.324795+08:00,0, NVIDIA GeForce RTX 5060, 82, 7306, 8151, 60, 74.77
2026-09-01T20:36:37.338292+08:00,0, NVIDIA GeForce RTX 5060, 82, 7306, 8151, 60, 74.77
2026-09-01T20:36:43.585929+08:00,0, NVIDIA GeForce RTX 5060, 85, 7358, 8151, 60, 88.72
2026-09-01T20:36:43.594549+08:00,0, NVIDIA GeForce RTX 5060, 24, 7307, 8151, 53, 37.64
2026-09-01T20:36:48.799956+08:00,0, NVIDIA GeForce RTX 5060, 45, 7361, 8151, 53, 42.72
2026-09-01T20:36:48.801410+08:00,0, NVIDIA GeForce RTX 5060, 45, 7361, 8151, 53, 42.72
2026-09-01T20:36:53.914642+08:00,0, NVIDIA GeForce RTX 5060, 83, 7374, 8151, 53, 56.71
2026-09-01T20:36:53.915674+08:00,0, NVIDIA GeForce RTX 5060, 83, 7374, 8151, 53, 50.92
2026-09-01T20:36:59.029577+08:00,0, NVIDIA GeForce RTX 5060, 92, 7485, 8151, 57, 74.58
2026-09-01T20:37:00.376473+08:00,0, NVIDIA GeForce RTX 5060, 92, 7485, 8151, 57, 74.58
2026-09-01T20:37:05.233674+08:00,0, NVIDIA GeForce RTX 5060, 75, 7472, 8151, 56, 85.09
2026-09-01T20:37:05.482379+08:00,0, NVIDIA GeForce RTX 5060, 56, 7460, 8151, 53, 43.23
2026-09-01T20:37:10.278466+08:00,0, NVIDIA GeForce RTX 5060, 87, 7427, 8151, 61, 66.66
2026-09-01T20:37:10.527933+08:00,0, NVIDIA GeForce RTX 5060, 88, 7427, 8151, 61, 89.66
2026-09-01T20:37:15.728710+08:00,0, NVIDIA GeForce RTX 5060, 18, 7450, 8151, 54, 58.60
2026-09-01T20:37:15.768879+08:00,0, NVIDIA GeForce RTX 5060, 27, 7450, 8151, 54, 41.18
2026-09-01T20:37:20.782355+08:00,0, NVIDIA GeForce RTX 5060, 87, 7443, 8151, 61, 91.16
2026-09-01T20:37:20.839454+08:00,0, NVIDIA GeForce RTX 5060, 87, 7443, 8151, 61, 91.16
2026-09-01T20:37:25.824797+08:00,0, NVIDIA GeForce RTX 5060, 41, 7394, 8151, 54, 51.06
2026-09-01T20:37:25.971932+08:00,0, NVIDIA GeForce RTX 5060, 41, 7429, 8151, 54, 51.06
2026-09-01T20:37:30.866042+08:00,0, NVIDIA GeForce RTX 5060, 84, 7455, 8151, 61, 85.51
2026-09-01T20:37:31.737948+08:00,0, NVIDIA GeForce RTX 5060, 84, 7451, 8151, 61, 90.24
2026-09-01T20:37:35.936810+08:00,0, NVIDIA GeForce RTX 5060, 26, 7437, 8151, 54, 42.54
2026-09-01T20:37:36.785097+08:00,0, NVIDIA GeForce RTX 5060, 87, 7467, 8151, 61, 82.05
2026-09-01T20:37:41.757796+08:00,0, NVIDIA GeForce RTX 5060, 86, 7434, 8151, 61, 93.13
2026-09-01T20:37:41.897858+08:00,0, NVIDIA GeForce RTX 5060, 28, 7438, 8151, 54, 46.88
2026-09-01T20:37:46.802519+08:00,0, NVIDIA GeForce RTX 5060, 88, 7345, 8151, 61, 84.58
2026-09-01T20:37:47.783037+08:00,0, NVIDIA GeForce RTX 5060, 87, 7345, 8151, 61, 89.99
2026-09-01T20:37:51.993024+08:00,0, NVIDIA GeForce RTX 5060, 47, 7412, 8151, 54, 45.71
2026-09-01T20:37:53.650485+08:00,0, NVIDIA GeForce RTX 5060, 87, 7468, 8151, 63, 95.75
2026-09-01T20:37:57.617687+08:00,0, NVIDIA GeForce RTX 5060, 45, 7461, 8151, 62, 87.11
2026-09-01T20:37:59.558677+08:00,0, NVIDIA GeForce RTX 5060, 88, 7466, 8151, 62, 92.19
2026-09-01T20:38:03.577735+08:00,0, NVIDIA GeForce RTX 5060, 87, 7428, 8151, 62, 101.86
2026-09-01T20:38:04.600506+08:00,0, NVIDIA GeForce RTX 5060, 87, 7435, 8151, 62, 92.67
2026-09-01T20:38:08.625476+08:00,0, NVIDIA GeForce RTX 5060, 89, 7436, 8151, 61, 88.86
2026-09-01T20:38:09.698078+08:00,0, NVIDIA GeForce RTX 5060, 28, 7445, 8151, 54, 58.18
2026-09-01T20:38:13.940149+08:00,0, NVIDIA GeForce RTX 5060, 22, 7367, 8151, 54, 71.36
2026-09-01T20:38:14.754020+08:00,0, NVIDIA GeForce RTX 5060, 75, 7424, 8151, 60, 72.10
2026-09-01T20:38:18.983383+08:00,0, NVIDIA GeForce RTX 5060, 71, 7428, 8151, 56, 61.56
2026-09-01T20:38:20.289461+08:00,0, NVIDIA GeForce RTX 5060, 42, 7450, 8151, 56, 84.26
2026-09-01T20:38:24.328306+08:00,0, NVIDIA GeForce RTX 5060, 28, 7417, 8151, 56, 69.08
2026-09-01T20:38:25.344742+08:00,0, NVIDIA GeForce RTX 5060, 91, 7419, 8151, 61, 89.65
2026-09-01T20:38:30.051098+08:00,0, NVIDIA GeForce RTX 5060, 88, 7427, 8151, 62, 89.70
2026-09-01T20:38:30.383493+08:00,0, NVIDIA GeForce RTX 5060, 76, 7372, 8151, 58, 50.87
2026-09-01T20:38:35.091656+08:00,0, NVIDIA GeForce RTX 5060, 84, 7385, 8151, 61, 84.10
2026-09-01T20:38:36.134552+08:00,0, NVIDIA GeForce RTX 5060, 63, 7411, 8151, 61, 94.48
2026-09-01T20:38:40.461604+08:00,0, NVIDIA GeForce RTX 5060, 29, 7377, 8151, 61, 72.23
2026-09-01T20:38:41.185144+08:00,0, NVIDIA GeForce RTX 5060, 70, 7372, 8151, 56, 70.06
2026-09-01T20:38:46.459142+08:00,0, NVIDIA GeForce RTX 5060, 87, 7380, 8151, 62, 102.66
2026-09-01T20:38:46.549670+08:00,0, NVIDIA GeForce RTX 5060, 28, 7399, 8151, 54, 49.58
2026-09-01T20:38:52.283868+08:00,0, NVIDIA GeForce RTX 5060, 85, 7366, 8151, 62, 96.16
2026-09-01T20:38:52.346641+08:00,0, NVIDIA GeForce RTX 5060, 27, 7306, 8151, 54, 47.85
2026-09-01T20:38:58.124972+08:00,0, NVIDIA GeForce RTX 5060, 79, 7402, 8151, 60, 96.86
2026-09-01T20:38:58.177553+08:00,0, NVIDIA GeForce RTX 5060, 28, 7398, 8151, 54, 51.39
2026-09-01T20:39:03.203532+08:00,0, NVIDIA GeForce RTX 5060, 88, 7337, 8151, 60, 77.61
2026-09-01T20:39:04.019968+08:00,0, NVIDIA GeForce RTX 5060, 86, 7349, 8151, 60, 83.20
2026-09-01T20:39:08.253175+08:00,0, NVIDIA GeForce RTX 5060, 64, 7376, 8151, 55, 44.38
2026-09-01T20:39:09.057840+08:00,0, NVIDIA GeForce RTX 5060, 89, 7375, 8151, 62, 96.70
2026-09-01T20:39:13.947453+08:00,0, NVIDIA GeForce RTX 5060, 20, 7398, 8151, 57, 87.51
2026-09-01T20:39:14.163182+08:00,0, NVIDIA GeForce RTX 5060, 20, 7393, 8151, 55, 42.74
2026-09-01T20:39:19.847375+08:00,0, NVIDIA GeForce RTX 5060, 84, 7331, 8151, 63, 99.13
2026-09-01T20:39:19.893070+08:00,0, NVIDIA GeForce RTX 5060, 22, 7344, 8151, 55, 51.33
2026-09-01T20:39:25.681064+08:00,0, NVIDIA GeForce RTX 5060, 75, 7364, 8151, 63, 98.31
2026-09-01T20:39:25.734620+08:00,0, NVIDIA GeForce RTX 5060, 22, 7370, 8151, 54, 46.47
2026-09-01T20:39:30.812398+08:00,0, NVIDIA GeForce RTX 5060, 85, 7343, 8151, 62, 97.58
2026-09-01T20:39:31.665196+08:00,0, NVIDIA GeForce RTX 5060, 86, 7375, 8151, 62, 97.64
2026-09-01T20:39:35.948038+08:00,0, NVIDIA GeForce RTX 5060, 27, 7369, 8151, 55, 59.45
2026-09-01T20:39:36.714590+08:00,0, NVIDIA GeForce RTX 5060, 86, 7411, 8151, 62, 74.04
2026-09-01T20:39:41.839916+08:00,0, NVIDIA GeForce RTX 5060, 85, 7336, 8151, 63, 99.34
2026-09-01T20:39:41.883532+08:00,0, NVIDIA GeForce RTX 5060, 17, 7402, 8151, 55, 53.76
2026-09-01T20:39:46.883809+08:00,0, NVIDIA GeForce RTX 5060, 86, 7386, 8151, 61, 66.00
2026-09-01T20:39:46.920657+08:00,0, NVIDIA GeForce RTX 5060, 86, 7386, 8151, 61, 71.56
2026-09-01T20:39:52.442570+08:00,0, NVIDIA GeForce RTX 5060, 50, 7404, 8151, 62, 86.73
2026-09-01T20:39:52.486209+08:00,0, NVIDIA GeForce RTX 5060, 30, 7406, 8151, 55, 53.65
2026-09-01T20:39:57.516232+08:00,0, NVIDIA GeForce RTX 5060, 90, 7411, 8151, 62, 77.65
2026-09-01T20:39:57.562189+08:00,0, NVIDIA GeForce RTX 5060, 90, 7411, 8151, 62, 83.71
2026-09-01T20:40:02.660400+08:00,0, NVIDIA GeForce RTX 5060, 26, 7336, 8151, 55, 56.53
2026-09-01T20:40:02.710962+08:00,0, NVIDIA GeForce RTX 5060, 26, 7336, 8151, 55, 45.96
2026-09-01T20:40:07.703389+08:00,0, NVIDIA GeForce RTX 5060, 86, 7281, 8151, 64, 90.95
2026-09-01T20:40:08.680471+08:00,0, NVIDIA GeForce RTX 5060, 86, 7345, 8151, 64, 102.96
2026-09-01T20:40:12.809919+08:00,0, NVIDIA GeForce RTX 5060, 32, 7427, 8151, 55, 42.86
2026-09-01T20:40:14.564738+08:00,0, NVIDIA GeForce RTX 5060, 82, 7426, 8151, 62, 90.51
2026-09-01T20:40:18.819621+08:00,0, NVIDIA GeForce RTX 5060, 84, 7261, 8151, 62, 95.29
2026-09-01T20:40:19.601077+08:00,0, NVIDIA GeForce RTX 5060, 0, 7348, 8151, 61, 57.14
2026-09-01T20:40:23.895618+08:00,0, NVIDIA GeForce RTX 5060, 48, 7339, 8151, 62, 77.57
2026-09-01T20:40:25.317763+08:00,0, NVIDIA GeForce RTX 5060, 24, 7329, 8151, 58, 61.80
2026-09-01T20:40:29.187008+08:00,0, NVIDIA GeForce RTX 5060, 19, 7380, 8151, 55, 56.64
2026-09-01T20:40:31.202622+08:00,0, NVIDIA GeForce RTX 5060, 86, 7436, 8151, 62, 97.51
2026-09-01T20:40:34.246302+08:00,0, NVIDIA GeForce RTX 5060, 9, 7430, 8151, 55, 63.10
2026-09-01T20:40:36.239787+08:00,0, NVIDIA GeForce RTX 5060, 85, 7358, 8151, 62, 72.07
2026-09-01T20:40:39.765368+08:00,0, NVIDIA GeForce RTX 5060, 24, 7395, 8151, 54, 53.47
2026-09-01T20:40:41.920957+08:00,0, NVIDIA GeForce RTX 5060, 28, 7354, 8151, 55, 80.97
2026-09-01T20:40:44.806157+08:00,0, NVIDIA GeForce RTX 5060, 91, 7299, 8151, 62, 75.78
2026-09-01T20:40:47.725375+08:00,0, NVIDIA GeForce RTX 5060, 79, 7390, 8151, 61, 93.77
2026-09-01T20:40:49.893969+08:00,0, NVIDIA GeForce RTX 5060, 38, 7367, 8151, 54, 48.23
2026-09-01T20:40:52.763466+08:00,0, NVIDIA GeForce RTX 5060, 87, 7393, 8151, 63, 85.69
2026-09-01T20:40:54.982015+08:00,0, NVIDIA GeForce RTX 5060, 89, 7406, 8151, 62, 101.77
2026-09-01T20:40:57.886924+08:00,0, NVIDIA GeForce RTX 5060, 21, 7408, 8151, 55, 55.42
2026-09-01T20:41:00.038517+08:00,0, NVIDIA GeForce RTX 5060, 74, 7395, 8151, 55, 45.97
2026-09-01T20:41:02.924203+08:00,0, NVIDIA GeForce RTX 5060, 83, 7405, 8151, 62, 90.85
2026-09-01T20:41:05.703737+08:00,0, NVIDIA GeForce RTX 5060, 43, 7400, 8151, 64, 94.05
2026-09-01T20:41:07.967927+08:00,0, NVIDIA GeForce RTX 5060, 55, 7396, 8151, 55, 47.81
2026-09-01T20:41:10.745629+08:00,0, NVIDIA GeForce RTX 5060, 85, 7381, 8151, 63, 93.40
2026-09-01T20:41:13.646450+08:00,0, NVIDIA GeForce RTX 5060, 87, 7352, 8151, 63, 93.01
2026-09-01T20:41:15.783506+08:00,0, NVIDIA GeForce RTX 5060, 50, 7407, 8151, 58, 47.21
2026-09-01T20:41:18.752602+08:00,0, NVIDIA GeForce RTX 5060, 90, 7453, 8151, 60, 83.00
2026-09-01T20:41:21.445270+08:00,0, NVIDIA GeForce RTX 5060, 37, 7383, 8151, 61, 84.87
2026-09-01T20:41:23.799149+08:00,0, NVIDIA GeForce RTX 5060, 52, 7435, 8151, 58, 47.84
2026-09-01T20:41:26.517319+08:00,0, NVIDIA GeForce RTX 5060, 91, 7355, 8151, 60, 80.57
2026-09-01T20:41:29.302930+08:00,0, NVIDIA GeForce RTX 5060, 29, 7373, 8151, 56, 76.27
2026-09-01T20:41:31.563161+08:00,0, NVIDIA GeForce RTX 5060, 90, 7444, 8151, 55, 52.71
2026-09-01T20:41:35.329855+08:00,0, NVIDIA GeForce RTX 5060, 88, 7439, 8151, 60, 79.01
2026-09-01T20:41:37.287720+08:00,0, NVIDIA GeForce RTX 5060, 87, 7394, 8151, 63, 97.38
2026-09-01T20:41:41.337380+08:00,0, NVIDIA GeForce RTX 5060, 83, 7381, 8151, 63, 103.54
2026-09-01T20:41:42.349848+08:00,0, NVIDIA GeForce RTX 5060, 85, 7417, 8151, 62, 97.58
2026-09-01T20:41:46.394973+08:00,0, NVIDIA GeForce RTX 5060, 87, 7408, 8151, 63, 97.49
2026-09-01T20:41:47.432306+08:00,0, NVIDIA GeForce RTX 5060, 49, 7378, 8151, 55, 51.70
2026-09-01T20:41:51.447216+08:00,0, NVIDIA GeForce RTX 5060, 84, 7413, 8151, 58, 61.96
2026-09-01T20:41:53.162150+08:00,0, NVIDIA GeForce RTX 5060, 28, 7413, 8151, 63, 87.13
2026-09-01T20:41:57.140974+08:00,0, NVIDIA GeForce RTX 5060, 39, 7440, 8151, 63, 93.52
2026-09-01T20:41:58.320603+08:00,0, NVIDIA GeForce RTX 5060, 84, 7380, 8151, 63, 94.36
2026-09-01T20:42:02.999545+08:00,0, NVIDIA GeForce RTX 5060, 86, 7462, 8151, 62, 92.01
2026-09-01T20:42:03.365190+08:00,0, NVIDIA GeForce RTX 5060, 81, 7472, 8151, 59, 54.54
2026-09-01T20:42:08.850770+08:00,0, NVIDIA GeForce RTX 5060, 84, 7435, 8151, 63, 100.00
2026-09-01T20:42:08.905893+08:00,0, NVIDIA GeForce RTX 5060, 26, 7433, 8151, 55, 48.28
2026-09-01T20:42:13.913717+08:00,0, NVIDIA GeForce RTX 5060, 72, 7408, 8151, 62, 84.91
2026-09-01T20:42:14.045920+08:00,0, NVIDIA GeForce RTX 5060, 72, 7408, 8151, 62, 90.44
2026-09-01T20:42:18.975720+08:00,0, NVIDIA GeForce RTX 5060, 50, 7410, 8151, 55, 54.04
2026-09-01T20:42:19.083095+08:00,0, NVIDIA GeForce RTX 5060, 85, 7442, 8151, 55, 53.72
2026-09-01T20:42:24.953126+08:00,0, NVIDIA GeForce RTX 5060, 35, 7412, 8151, 60, 68.35
2026-09-01T20:42:24.989262+08:00,0, NVIDIA GeForce RTX 5060, 23, 7420, 8151, 54, 38.17
2026-09-01T20:42:30.755381+08:00,0, NVIDIA GeForce RTX 5060, 85, 7439, 8151, 62, 99.43
2026-09-01T20:42:30.793978+08:00,0, NVIDIA GeForce RTX 5060, 24, 7445, 8151, 55, 52.42
2026-09-01T20:42:35.790559+08:00,0, NVIDIA GeForce RTX 5060, 84, 7377, 8151, 63, 93.75
2026-09-01T20:42:35.885150+08:00,0, NVIDIA GeForce RTX 5060, 87, 7377, 8151, 63, 94.77
2026-09-01T20:42:40.847060+08:00,0, NVIDIA GeForce RTX 5060, 83, 7439, 8151, 55, 51.52
2026-09-01T20:42:40.918810+08:00,0, NVIDIA GeForce RTX 5060, 83, 7439, 8151, 55, 51.52
2026-09-01T20:42:46.425462+08:00,0, NVIDIA GeForce RTX 5060, 44, 7411, 8151, 62, 88.60
2026-09-01T20:42:46.476475+08:00,0, NVIDIA GeForce RTX 5060, 28, 7473, 8151, 55, 55.88
2026-09-01T20:42:51.470474+08:00,0, NVIDIA GeForce RTX 5060, 83, 7445, 8151, 64, 98.21
2026-09-01T20:42:51.532855+08:00,0, NVIDIA GeForce RTX 5060, 83, 7445, 8151, 64, 98.21
2026-09-01T20:42:56.576293+08:00,0, NVIDIA GeForce RTX 5060, 28, 7448, 8151, 55, 61.40
2026-09-01T20:42:56.615134+08:00,0, NVIDIA GeForce RTX 5060, 28, 7442, 8151, 55, 56.08
2026-09-01T20:43:01.636425+08:00,0, NVIDIA GeForce RTX 5060, 42, 7470, 8151, 61, 78.07
2026-09-01T20:43:01.674488+08:00,0, NVIDIA GeForce RTX 5060, 42, 7470, 8151, 61, 78.07
2026-09-01T20:43:06.691537+08:00,0, NVIDIA GeForce RTX 5060, 31, 7416, 8151, 55, 50.81
2026-09-01T20:43:06.750726+08:00,0, NVIDIA GeForce RTX 5060, 31, 7444, 8151, 55, 45.24
2026-09-01T20:43:12.396059+08:00,0, NVIDIA GeForce RTX 5060, 74, 7427, 8151, 58, 91.50
2026-09-01T20:43:12.431666+08:00,0, NVIDIA GeForce RTX 5060, 28, 7511, 8151, 55, 52.68
2026-09-01T20:43:18.355873+08:00,0, NVIDIA GeForce RTX 5060, 91, 7384, 8151, 63, 98.03
2026-09-01T20:43:18.388324+08:00,0, NVIDIA GeForce RTX 5060, 18, 7450, 8151, 55, 47.86
2026-09-01T20:43:23.392605+08:00,0, NVIDIA GeForce RTX 5060, 83, 7441, 8151, 62, 87.95
2026-09-01T20:43:23.443937+08:00,0, NVIDIA GeForce RTX 5060, 85, 7441, 8151, 62, 94.39
2026-09-01T20:43:28.458191+08:00,0, NVIDIA GeForce RTX 5060, 54, 7473, 8151, 55, 48.73
2026-09-01T20:43:28.505899+08:00,0, NVIDIA GeForce RTX 5060, 54, 7473, 8151, 55, 48.73
2026-09-01T20:43:34.121821+08:00,0, NVIDIA GeForce RTX 5060, 88, 7478, 8151, 60, 83.96
2026-09-01T20:43:34.168742+08:00,0, NVIDIA GeForce RTX 5060, 28, 7470, 8151, 56, 55.94
2026-09-01T20:43:39.167450+08:00,0, NVIDIA GeForce RTX 5060, 87, 7438, 8151, 62, 98.55
2026-09-01T20:43:39.237837+08:00,0, NVIDIA GeForce RTX 5060, 87, 7438, 8151, 62, 98.55
2026-09-01T20:43:44.210301+08:00,0, NVIDIA GeForce RTX 5060, 43, 7477, 8151, 60, 46.48
2026-09-01T20:43:44.282822+08:00,0, NVIDIA GeForce RTX 5060, 92, 7475, 8151, 60, 51.16
2026-09-01T20:43:49.679765+08:00,0, NVIDIA GeForce RTX 5060, 30, 7442, 8151, 56, 74.62
2026-09-01T20:43:49.712040+08:00,0, NVIDIA GeForce RTX 5060, 27, 7448, 8151, 55, 57.53
2026-09-01T20:43:55.513564+08:00,0, NVIDIA GeForce RTX 5060, 82, 7456, 8151, 63, 100.57
2026-09-01T20:43:55.556877+08:00,0, NVIDIA GeForce RTX 5060, 25, 7454, 8151, 55, 52.67
2026-09-01T20:44:00.602851+08:00,0, NVIDIA GeForce RTX 5060, 85, 7408, 8151, 62, 91.32
2026-09-01T20:44:01.537163+08:00,0, NVIDIA GeForce RTX 5060, 79, 7408, 8151, 62, 98.82
2026-09-01T20:44:05.647375+08:00,0, NVIDIA GeForce RTX 5060, 86, 7444, 8151, 55, 51.18
2026-09-01T20:44:07.308124+08:00,0, NVIDIA GeForce RTX 5060, 89, 7438, 8151, 64, 102.15
2026-09-01T20:44:11.263038+08:00,0, NVIDIA GeForce RTX 5060, 34, 7436, 8151, 64, 92.44
2026-09-01T20:44:12.367240+08:00,0, NVIDIA GeForce RTX 5060, 85, 7438, 8151, 64, 96.00
2026-09-01T20:44:16.297001+08:00,0, NVIDIA GeForce RTX 5060, 88, 7440, 8151, 63, 91.01
2026-09-01T20:44:17.440455+08:00,0, NVIDIA GeForce RTX 5060, 27, 7444, 8151, 55, 47.94
2026-09-01T20:44:21.587400+08:00,0, NVIDIA GeForce RTX 5060, 26, 7344, 8151, 55, 55.24
2026-09-01T20:44:22.483242+08:00,0, NVIDIA GeForce RTX 5060, 57, 7444, 8151, 62, 82.04
2026-09-01T20:44:27.358380+08:00,0, NVIDIA GeForce RTX 5060, 72, 7438, 8151, 61, 92.09
2026-09-01T20:44:27.545818+08:00,0, NVIDIA GeForce RTX 5060, 35, 7439, 8151, 55, 48.22
2026-09-01T20:44:33.142199+08:00,0, NVIDIA GeForce RTX 5060, 92, 7377, 8151, 61, 81.78
2026-09-01T20:44:33.185365+08:00,0, NVIDIA GeForce RTX 5060, 26, 7380, 8151, 55, 53.30
2026-09-01T20:44:38.176671+08:00,0, NVIDIA GeForce RTX 5060, 89, 7370, 8151, 62, 83.84
2026-09-01T20:44:38.217096+08:00,0, NVIDIA GeForce RTX 5060, 89, 7370, 8151, 62, 83.84
2026-09-01T20:44:43.542277+08:00,0, NVIDIA GeForce RTX 5060, 29, 7378, 8151, 62, 76.57
2026-09-01T20:44:43.580089+08:00,0, NVIDIA GeForce RTX 5060, 26, 7376, 8151, 62, 55.31
2026-09-01T20:44:49.399439+08:00,0, NVIDIA GeForce RTX 5060, 86, 7416, 8151, 63, 95.70
2026-09-01T20:44:49.442616+08:00,0, NVIDIA GeForce RTX 5060, 29, 7414, 8151, 55, 45.32
2026-09-01T20:44:54.454286+08:00,0, NVIDIA GeForce RTX 5060, 85, 7314, 8151, 62, 98.22
2026-09-01T20:44:54.524975+08:00,0, NVIDIA GeForce RTX 5060, 85, 7314, 8151, 62, 98.22
2026-09-01T20:44:59.594530+08:00,0, NVIDIA GeForce RTX 5060, 28, 7378, 8151, 55, 56.65
2026-09-01T20:44:59.667281+08:00,0, NVIDIA GeForce RTX 5060, 40, 7410, 8151, 55, 39.56
2026-09-01T20:45:05.607119+08:00,0, NVIDIA GeForce RTX 5060, 78, 7302, 8151, 63, 95.15
2026-09-01T20:45:05.664487+08:00,0, NVIDIA GeForce RTX 5060, 14, 7374, 8151, 55, 41.55
2026-09-01T20:45:11.555347+08:00,0, NVIDIA GeForce RTX 5060, 89, 7311, 8151, 62, 99.28
2026-09-01T20:45:11.609492+08:00,0, NVIDIA GeForce RTX 5060, 26, 7249, 8151, 55, 50.03
2026-09-01T20:45:16.592745+08:00,0, NVIDIA GeForce RTX 5060, 9, 7398, 8151, 57, 54.50
2026-09-01T20:45:16.659743+08:00,0, NVIDIA GeForce RTX 5060, 9, 7398, 8151, 57, 53.22
2026-09-01T20:45:22.005851+08:00,0, NVIDIA GeForce RTX 5060, 29, 7280, 8151, 56, 56.72
2026-09-01T20:45:22.054437+08:00,0, NVIDIA GeForce RTX 5060, 31, 7216, 8151, 56, 40.67
2026-09-01T20:45:27.050079+08:00,0, NVIDIA GeForce RTX 5060, 87, 7315, 8151, 63, 97.70
2026-09-01T20:45:27.088875+08:00,0, NVIDIA GeForce RTX 5060, 87, 7315, 8151, 63, 97.70
2026-09-01T20:45:32.092108+08:00,0, NVIDIA GeForce RTX 5060, 62, 7346, 8151, 55, 42.17
2026-09-01T20:45:32.128593+08:00,0, NVIDIA GeForce RTX 5060, 62, 7345, 8151, 55, 46.10
2026-09-01T20:45:37.728156+08:00,0, NVIDIA GeForce RTX 5060, 74, 7426, 8151, 63, 91.07
2026-09-01T20:45:37.798382+08:00,0, NVIDIA GeForce RTX 5060, 29, 7426, 8151, 55, 57.29
2026-09-01T20:45:42.766532+08:00,0, NVIDIA GeForce RTX 5060, 86, 7428, 8151, 63, 99.54
2026-09-01T20:45:43.654403+08:00,0, NVIDIA GeForce RTX 5060, 88, 7428, 8151, 63, 104.93
2026-09-01T20:45:47.802825+08:00,0, NVIDIA GeForce RTX 5060, 40, 7372, 8151, 57, 47.54
2026-09-01T20:45:48.730070+08:00,0, NVIDIA GeForce RTX 5060, 88, 7400, 8151, 62, 96.43
2026-09-01T20:45:53.421130+08:00,0, NVIDIA GeForce RTX 5060, 37, 7308, 8151, 58, 88.04
2026-09-01T20:45:53.784845+08:00,0, NVIDIA GeForce RTX 5060, 81, 7421, 8151, 62, 53.50
2026-09-01T20:45:58.466041+08:00,0, NVIDIA GeForce RTX 5060, 84, 7363, 8151, 63, 93.36
2026-09-01T20:45:59.580209+08:00,0, NVIDIA GeForce RTX 5060, 81, 7357, 8151, 63, 99.93
2026-09-01T20:46:03.643616+08:00,0, NVIDIA GeForce RTX 5060, 28, 7369, 8151, 55, 56.09
2026-09-01T20:46:04.623734+08:00,0, NVIDIA GeForce RTX 5060, 85, 7387, 8151, 63, 91.19
2026-09-01T20:46:09.361743+08:00,0, NVIDIA GeForce RTX 5060, 52, 7401, 8151, 63, 93.13
2026-09-01T20:46:09.674312+08:00,0, NVIDIA GeForce RTX 5060, 86, 7395, 8151, 55, 51.30
2026-09-01T20:46:14.415887+08:00,0, NVIDIA GeForce RTX 5060, 0, 7357, 8151, 55, 44.69
2026-09-01T20:46:15.875109+08:00,0, NVIDIA GeForce RTX 5060, 62, 7357, 8151, 55, 53.63
2026-09-01T20:46:20.057506+08:00,0, NVIDIA GeForce RTX 5060, 16, 7292, 8151, 55, 61.31
2026-09-01T20:46:20.918389+08:00,0, NVIDIA GeForce RTX 5060, 86, 7358, 8151, 62, 83.51
2026-09-01T20:46:25.098926+08:00,0, NVIDIA GeForce RTX 5060, 88, 7356, 8151, 61, 87.50
2026-09-01T20:46:26.000383+08:00,0, NVIDIA GeForce RTX 5060, 30, 7368, 8151, 54, 57.50
2026-09-01T20:46:30.165510+08:00,0, NVIDIA GeForce RTX 5060, 58, 7361, 8151, 55, 51.06
2026-09-01T20:46:31.999161+08:00,0, NVIDIA GeForce RTX 5060, 87, 7363, 8151, 63, 97.74
2026-09-01T20:46:35.757039+08:00,0, NVIDIA GeForce RTX 5060, 26, 7413, 8151, 63, 82.64
2026-09-01T20:46:37.770216+08:00,0, NVIDIA GeForce RTX 5060, 37, 7432, 8151, 62, 87.97
2026-09-01T20:46:41.560628+08:00,0, NVIDIA GeForce RTX 5060, 86, 7422, 8151, 58, 96.63
2026-09-01T20:46:43.525224+08:00,0, NVIDIA GeForce RTX 5060, 84, 7362, 8151, 58, 97.73
2026-09-01T20:46:46.659575+08:00,0, NVIDIA GeForce RTX 5060, 87, 7353, 8151, 63, 101.60
2026-09-01T20:46:48.574524+08:00,0, NVIDIA GeForce RTX 5060, 89, 7403, 8151, 62, 91.92
2026-09-01T20:46:51.719668+08:00,0, NVIDIA GeForce RTX 5060, 13, 7410, 8151, 55, 46.63
2026-09-01T20:46:53.647964+08:00,0, NVIDIA GeForce RTX 5060, 27, 7424, 8151, 55, 48.19
2026-09-01T20:46:57.360032+08:00,0, NVIDIA GeForce RTX 5060, 41, 7365, 8151, 56, 84.96
2026-09-01T20:46:59.365970+08:00,0, NVIDIA GeForce RTX 5060, 36, 7375, 8151, 64, 88.10
2026-09-01T20:47:02.399546+08:00,0, NVIDIA GeForce RTX 5060, 88, 7353, 8151, 64, 90.39
2026-09-01T20:47:04.414348+08:00,0, NVIDIA GeForce RTX 5060, 88, 7383, 8151, 63, 76.37
2026-09-01T20:47:07.646156+08:00,0, NVIDIA GeForce RTX 5060, 30, 7359, 8151, 55, 57.09
2026-09-01T20:47:09.568928+08:00,0, NVIDIA GeForce RTX 5060, 25, 7384, 8151, 55, 55.17
2026-09-01T20:47:13.482155+08:00,0, NVIDIA GeForce RTX 5060, 89, 7378, 8151, 64, 97.69
2026-09-01T20:47:14.629170+08:00,0, NVIDIA GeForce RTX 5060, 87, 7312, 8151, 63, 101.47
2026-09-01T20:47:18.523825+08:00,0, NVIDIA GeForce RTX 5060, 83, 7362, 8151, 63, 78.90
2026-09-01T20:47:19.689034+08:00,0, NVIDIA GeForce RTX 5060, 29, 7374, 8151, 55, 54.04
2026-09-01T20:47:23.640671+08:00,0, NVIDIA GeForce RTX 5060, 20, 7380, 8151, 55, 53.13
2026-09-01T20:47:25.561716+08:00,0, NVIDIA GeForce RTX 5060, 90, 7412, 8151, 63, 102.11
2026-09-01T20:47:29.534408+08:00,0, NVIDIA GeForce RTX 5060, 21, 7422, 8151, 59, 73.90
2026-09-01T20:47:30.619546+08:00,0, NVIDIA GeForce RTX 5060, 87, 7355, 8151, 62, 95.40
2026-09-01T20:47:34.587837+08:00,0, NVIDIA GeForce RTX 5060, 86, 7431, 8151, 62, 73.81
2026-09-01T20:47:35.744681+08:00,0, NVIDIA GeForce RTX 5060, 24, 7367, 8151, 56, 58.23
2026-09-01T20:47:39.655084+08:00,0, NVIDIA GeForce RTX 5060, 23, 7380, 8151, 55, 40.35
2026-09-01T20:47:41.468374+08:00,0, NVIDIA GeForce RTX 5060, 85, 7449, 8151, 59, 77.93
2026-09-01T20:47:45.424647+08:00,0, NVIDIA GeForce RTX 5060, 72, 7418, 8151, 61, 90.26
2026-09-01T20:47:46.543963+08:00,0, NVIDIA GeForce RTX 5060, 85, 7360, 8151, 63, 98.29
2026-09-01T20:47:50.475165+08:00,0, NVIDIA GeForce RTX 5060, 85, 7394, 8151, 63, 96.40
2026-09-01T20:47:51.605127+08:00,0, NVIDIA GeForce RTX 5060, 26, 7389, 8151, 55, 52.04
2026-09-01T20:47:55.644600+08:00,0, NVIDIA GeForce RTX 5060, 27, 7408, 8151, 55, 58.11
2026-09-01T20:47:56.650254+08:00,0, NVIDIA GeForce RTX 5060, 87, 7383, 8151, 63, 91.77
2026-09-01T20:48:00.719011+08:00,0, NVIDIA GeForce RTX 5060, 82, 7394, 8151, 63, 85.04
2026-09-01T20:48:01.697567+08:00,0, NVIDIA GeForce RTX 5060, 22, 7388, 8151, 55, 54.25
2026-09-01T20:48:05.767065+08:00,0, NVIDIA GeForce RTX 5060, 24, 7392, 8151, 55, 53.54
2026-09-01T20:48:06.739723+08:00,0, NVIDIA GeForce RTX 5060, 86, 7316, 8151, 63, 100.82
2026-09-01T20:48:10.804884+08:00,0, NVIDIA GeForce RTX 5060, 86, 7389, 8151, 63, 84.57
2026-09-01T20:48:11.878061+08:00,0, NVIDIA GeForce RTX 5060, 26, 7380, 8151, 55, 54.13
2026-09-01T20:48:15.945669+08:00,0, NVIDIA GeForce RTX 5060, 28, 7337, 8151, 55, 41.15
2026-09-01T20:48:16.914750+08:00,0, NVIDIA GeForce RTX 5060, 79, 7406, 8151, 63, 86.59
2026-09-01T20:48:20.998406+08:00,0, NVIDIA GeForce RTX 5060, 87, 7435, 8151, 62, 76.23
2026-09-01T20:48:22.036182+08:00,0, NVIDIA GeForce RTX 5060, 32, 7445, 8151, 55, 62.48
2026-09-01T20:48:26.080643+08:00,0, NVIDIA GeForce RTX 5060, 22, 7428, 8151, 55, 50.99
2026-09-01T20:48:27.103115+08:00,0, NVIDIA GeForce RTX 5060, 89, 7423, 8151, 63, 94.07
2026-09-01T20:48:31.980411+08:00,0, NVIDIA GeForce RTX 5060, 90, 7431, 8151, 61, 83.33
2026-09-01T20:48:32.160718+08:00,0, NVIDIA GeForce RTX 5060, 24, 7431, 8151, 55, 43.97
2026-09-01T20:48:37.833647+08:00,0, NVIDIA GeForce RTX 5060, 88, 7426, 8151, 63, 91.83
2026-09-01T20:48:37.870927+08:00,0, NVIDIA GeForce RTX 5060, 25, 7364, 8151, 55, 49.60
2026-09-01T20:48:43.840106+08:00,0, NVIDIA GeForce RTX 5060, 86, 7365, 8151, 63, 101.83
2026-09-01T20:48:43.880345+08:00,0, NVIDIA GeForce RTX 5060, 19, 7363, 8151, 55, 47.20
2026-09-01T20:48:49.535771+08:00,0, NVIDIA GeForce RTX 5060, 66, 7430, 8151, 63, 96.77
2026-09-01T20:48:49.588033+08:00,0, NVIDIA GeForce RTX 5060, 23, 7432, 8151, 55, 53.11
2026-09-01T20:48:55.458299+08:00,0, NVIDIA GeForce RTX 5060, 90, 7426, 8151, 62, 89.49
2026-09-01T20:48:55.513419+08:00,0, NVIDIA GeForce RTX 5060, 18, 7432, 8151, 55, 50.68
2026-09-01T20:49:01.195572+08:00,0, NVIDIA GeForce RTX 5060, 90, 7430, 8151, 61, 77.44
2026-09-01T20:49:01.237566+08:00,0, NVIDIA GeForce RTX 5060, 27, 7426, 8151, 56, 59.77
2026-09-01T20:49:06.226221+08:00,0, NVIDIA GeForce RTX 5060, 86, 7373, 8151, 62, 89.88
2026-09-01T20:49:06.271856+08:00,0, NVIDIA GeForce RTX 5060, 89, 7373, 8151, 62, 91.32
2026-09-01T20:49:11.337565+08:00,0, NVIDIA GeForce RTX 5060, 22, 7325, 8151, 55, 54.38
2026-09-01T20:49:11.380883+08:00,0, NVIDIA GeForce RTX 5060, 22, 7389, 8151, 55, 48.68
2026-09-01T20:49:17.166651+08:00,0, NVIDIA GeForce RTX 5060, 86, 7409, 8151, 60, 80.92
2026-09-01T20:49:17.221892+08:00,0, NVIDIA GeForce RTX 5060, 26, 7371, 8151, 55, 53.57
2026-09-01T20:49:22.201935+08:00,0, NVIDIA GeForce RTX 5060, 88, 7366, 8151, 63, 93.02
2026-09-01T20:49:22.255529+08:00,0, NVIDIA GeForce RTX 5060, 87, 7366, 8151, 63, 99.77
2026-09-01T20:49:27.281042+08:00,0, NVIDIA GeForce RTX 5060, 36, 7351, 8151, 55, 43.44
2026-09-01T20:49:27.330456+08:00,0, NVIDIA GeForce RTX 5060, 36, 7383, 8151, 55, 43.44
2026-09-01T20:49:32.828340+08:00,0, NVIDIA GeForce RTX 5060, 41, 7409, 8151, 56, 76.02
2026-09-01T20:49:32.856011+08:00,0, NVIDIA GeForce RTX 5060, 31, 7397, 8151, 55, 49.08
2026-09-01T20:49:37.867521+08:00,0, NVIDIA GeForce RTX 5060, 81, 7252, 8151, 63, 89.68
2026-09-01T20:49:37.891711+08:00,0, NVIDIA GeForce RTX 5060, 81, 7252, 8151, 63, 89.68
2026-09-01T20:49:43.088178+08:00,0, NVIDIA GeForce RTX 5060, 25, 7364, 8151, 55, 68.42
2026-09-01T20:49:43.122568+08:00,0, NVIDIA GeForce RTX 5060, 33, 7358, 8151, 55, 51.88
2026-09-01T20:49:48.129979+08:00,0, NVIDIA GeForce RTX 5060, 9, 7393, 8151, 56, 48.56
2026-09-01T20:49:48.168248+08:00,0, NVIDIA GeForce RTX 5060, 9, 7393, 8151, 56, 48.68
2026-09-01T20:49:53.570813+08:00,0, NVIDIA GeForce RTX 5060, 30, 7391, 8151, 56, 52.74
2026-09-01T20:49:53.712241+08:00,0, NVIDIA GeForce RTX 5060, 28, 7400, 8151, 56, 45.34
2026-09-01T20:49:58.619894+08:00,0, NVIDIA GeForce RTX 5060, 84, 7344, 8151, 62, 80.59
2026-09-01T20:49:58.757083+08:00,0, NVIDIA GeForce RTX 5060, 85, 7344, 8151, 62, 97.84
2026-09-01T20:50:03.713099+08:00,0, NVIDIA GeForce RTX 5060, 28, 7391, 8151, 55, 54.50
2026-09-01T20:50:03.910641+08:00,0, NVIDIA GeForce RTX 5060, 28, 7365, 8151, 55, 44.92
2026-09-01T20:50:08.758177+08:00,0, NVIDIA GeForce RTX 5060, 84, 7385, 8151, 62, 90.28
2026-09-01T20:50:08.992230+08:00,0, NVIDIA GeForce RTX 5060, 86, 7263, 8151, 62, 97.04
2026-09-01T20:50:14.001970+08:00,0, NVIDIA GeForce RTX 5060, 29, 7388, 8151, 55, 71.85
2026-09-01T20:50:14.036831+08:00,0, NVIDIA GeForce RTX 5060, 24, 7382, 8151, 55, 55.92
2026-09-01T20:50:19.061625+08:00,0, NVIDIA GeForce RTX 5060, 2, 7355, 8151, 54, 38.69
2026-09-01T20:50:19.078896+08:00,0, NVIDIA GeForce RTX 5060, 2, 7355, 8151, 54, 38.69
2026-09-01T20:50:24.767642+08:00,0, NVIDIA GeForce RTX 5060, 36, 7370, 8151, 57, 68.89
2026-09-01T20:50:24.816899+08:00,0, NVIDIA GeForce RTX 5060, 32, 7380, 8151, 54, 38.13
2026-09-01T20:50:29.806061+08:00,0, NVIDIA GeForce RTX 5060, 82, 7393, 8151, 62, 69.96
2026-09-01T20:50:29.868982+08:00,0, NVIDIA GeForce RTX 5060, 87, 7393, 8151, 62, 76.57
2026-09-01T20:50:35.331101+08:00,0, NVIDIA GeForce RTX 5060, 24, 7305, 8151, 55, 77.56
2026-09-01T20:50:35.397617+08:00,0, NVIDIA GeForce RTX 5060, 23, 7327, 8151, 54, 44.68
2026-09-01T20:50:41.209179+08:00,0, NVIDIA GeForce RTX 5060, 88, 7348, 8151, 63, 101.40
2026-09-01T20:50:41.244613+08:00,0, NVIDIA GeForce RTX 5060, 19, 7342, 8151, 55, 42.78
2026-09-01T20:50:46.933062+08:00,0, NVIDIA GeForce RTX 5060, 56, 7331, 8151, 63, 90.24
2026-09-01T20:50:46.972231+08:00,0, NVIDIA GeForce RTX 5060, 25, 7271, 8151, 55, 51.87
2026-09-01T20:50:51.969161+08:00,0, NVIDIA GeForce RTX 5060, 90, 7347, 8151, 61, 69.04
2026-09-01T20:50:52.006731+08:00,0, NVIDIA GeForce RTX 5060, 90, 7347, 8151, 61, 69.04
2026-09-01T20:50:57.171449+08:00,0, NVIDIA GeForce RTX 5060, 30, 7329, 8151, 55, 63.33
2026-09-01T20:50:57.211454+08:00,0, NVIDIA GeForce RTX 5060, 25, 7329, 8151, 55, 54.72
2026-09-01T20:51:02.224185+08:00,0, NVIDIA GeForce RTX 5060, 86, 7345, 8151, 62, 94.04
2026-09-01T20:51:02.334167+08:00,0, NVIDIA GeForce RTX 5060, 87, 7345, 8151, 62, 94.64
2026-09-01T20:51:07.293735+08:00,0, NVIDIA GeForce RTX 5060, 41, 7277, 8151, 55, 45.23
2026-09-01T20:51:07.402055+08:00,0, NVIDIA GeForce RTX 5060, 41, 7245, 8151, 55, 45.60
2026-09-01T20:51:12.329985+08:00,0, NVIDIA GeForce RTX 5060, 87, 7349, 8151, 63, 96.10
2026-09-01T20:51:13.377332+08:00,0, NVIDIA GeForce RTX 5060, 89, 7341, 8151, 63, 101.41
2026-09-01T20:51:17.400912+08:00,0, NVIDIA GeForce RTX 5060, 28, 7382, 8151, 55, 52.67
2026-09-01T20:51:18.499409+08:00,0, NVIDIA GeForce RTX 5060, 86, 7323, 8151, 63, 98.43
2026-09-01T20:51:23.113664+08:00,0, NVIDIA GeForce RTX 5060, 87, 7413, 8151, 63, 95.11
2026-09-01T20:51:23.543156+08:00,0, NVIDIA GeForce RTX 5060, 92, 7357, 8151, 58, 59.56
2026-09-01T20:51:28.160374+08:00,0, NVIDIA GeForce RTX 5060, 89, 7245, 8151, 63, 97.59
2026-09-01T20:51:29.233570+08:00,0, NVIDIA GeForce RTX 5060, 51, 7341, 8151, 63, 88.75
2026-09-01T20:51:33.312193+08:00,0, NVIDIA GeForce RTX 5060, 82, 7345, 8151, 55, 43.92
2026-09-01T20:51:35.014181+08:00,0, NVIDIA GeForce RTX 5060, 70, 7356, 8151, 63, 96.33
2026-09-01T20:51:38.948748+08:00,0, NVIDIA GeForce RTX 5060, 57, 7418, 8151, 58, 89.78
2026-09-01T20:51:40.939144+08:00,0, NVIDIA GeForce RTX 5060, 81, 7370, 8151, 61, 85.47
2026-09-01T20:51:44.041236+08:00,0, NVIDIA GeForce RTX 5060, 88, 7345, 8151, 63, 94.34
2026-09-01T20:51:45.983298+08:00,0, NVIDIA GeForce RTX 5060, 84, 7313, 8151, 63, 90.32
2026-09-01T20:51:49.125285+08:00,0, NVIDIA GeForce RTX 5060, 23, 7338, 8151, 55, 48.09
2026-09-01T20:51:51.078353+08:00,0, NVIDIA GeForce RTX 5060, 28, 7301, 8151, 55, 57.34
2026-09-01T20:51:54.971727+08:00,0, NVIDIA GeForce RTX 5060, 87, 7349, 8151, 63, 99.56
2026-09-01T20:51:56.975761+08:00,0, NVIDIA GeForce RTX 5060, 86, 7286, 8151, 62, 87.15
2026-09-01T20:52:00.009670+08:00,0, NVIDIA GeForce RTX 5060, 76, 7357, 8151, 63, 78.30
2026-09-01T20:52:02.035283+08:00,0, NVIDIA GeForce RTX 5060, 80, 7385, 8151, 61, 72.88
2026-09-01T20:52:05.838116+08:00,0, NVIDIA GeForce RTX 5060, 24, 7349, 8151, 59, 78.18
2026-09-01T20:52:07.873330+08:00,0, NVIDIA GeForce RTX 5060, 59, 7358, 8151, 61, 80.48
2026-09-01T20:52:11.774110+08:00,0, NVIDIA GeForce RTX 5060, 80, 7312, 8151, 63, 73.66
2026-09-01T20:52:13.779202+08:00,0, NVIDIA GeForce RTX 5060, 87, 7370, 8151, 62, 102.25
2026-09-01T20:52:16.816881+08:00,0, NVIDIA GeForce RTX 5060, 74, 7327, 8151, 60, 83.38
2026-09-01T20:52:18.822740+08:00,0, NVIDIA GeForce RTX 5060, 85, 7392, 8151, 60, 72.41
2026-09-01T20:52:22.237459+08:00,0, NVIDIA GeForce RTX 5060, 32, 7405, 8151, 55, 46.92
2026-09-01T20:52:24.200172+08:00,0, NVIDIA GeForce RTX 5060, 28, 7427, 8151, 55, 70.28
2026-09-01T20:52:27.296723+08:00,0, NVIDIA GeForce RTX 5060, 79, 7453, 8151, 59, 80.04
2026-09-01T20:52:30.317154+08:00,0, NVIDIA GeForce RTX 5060, 33, 7413, 8151, 62, 78.27
2026-09-01T20:52:32.368594+08:00,0, NVIDIA GeForce RTX 5060, 28, 7420, 8151, 54, 48.39
2026-09-01T20:52:35.387292+08:00,0, NVIDIA GeForce RTX 5060, 81, 7418, 8151, 61, 86.42
2026-09-01T20:52:37.410423+08:00,0, NVIDIA GeForce RTX 5060, 75, 7423, 8151, 61, 72.98
2026-09-01T20:52:40.698892+08:00,0, NVIDIA GeForce RTX 5060, 31, 7456, 8151, 55, 74.51
2026-09-01T20:52:42.797518+08:00,0, NVIDIA GeForce RTX 5060, 33, 7422, 8151, 55, 61.83
2026-09-01T20:52:45.745827+08:00,0, NVIDIA GeForce RTX 5060, 82, 7413, 8151, 61, 87.82
2026-09-01T20:52:47.840973+08:00,0, NVIDIA GeForce RTX 5060, 90, 7445, 8151, 60, 73.84
2026-09-01T20:52:50.967838+08:00,0, NVIDIA GeForce RTX 5060, 25, 7361, 8151, 55, 48.84
2026-09-01T20:52:53.134120+08:00,0, NVIDIA GeForce RTX 5060, 41, 7453, 8151, 55, 53.94
2026-09-01T20:52:56.015130+08:00,0, NVIDIA GeForce RTX 5060, 91, 7456, 8151, 59, 61.08
2026-09-01T20:52:58.178103+08:00,0, NVIDIA GeForce RTX 5060, 85, 7362, 8151, 61, 78.22
2026-09-01T20:53:01.511068+08:00,0, NVIDIA GeForce RTX 5060, 28, 7395, 8151, 58, 77.19
2026-09-01T20:53:03.427554+08:00,0, NVIDIA GeForce RTX 5060, 27, 7462, 8151, 56, 64.75
2026-09-01T20:53:06.568416+08:00,0, NVIDIA GeForce RTX 5060, 83, 7367, 8151, 62, 92.10
2026-09-01T20:53:08.475964+08:00,0, NVIDIA GeForce RTX 5060, 85, 7414, 8151, 57, 51.62
2026-09-01T20:53:12.513412+08:00,0, NVIDIA GeForce RTX 5060, 86, 7371, 8151, 62, 99.40
2026-09-01T20:53:13.536713+08:00,0, NVIDIA GeForce RTX 5060, 84, 7439, 8151, 61, 83.22
2026-09-01T20:53:18.370043+08:00,0, NVIDIA GeForce RTX 5060, 79, 7472, 8151, 60, 94.22
2026-09-01T20:53:18.584694+08:00,0, NVIDIA GeForce RTX 5060, 46, 7467, 8151, 54, 51.17
2026-09-01T20:53:23.413770+08:00,0, NVIDIA GeForce RTX 5060, 70, 7311, 8151, 62, 82.14
2026-09-01T20:53:24.928389+08:00,0, NVIDIA GeForce RTX 5060, 79, 7343, 8151, 62, 91.95
2026-09-01T20:53:29.009072+08:00,0, NVIDIA GeForce RTX 5060, 23, 7436, 8151, 55, 67.39
2026-09-01T20:53:29.982896+08:00,0, NVIDIA GeForce RTX 5060, 82, 7425, 8151, 62, 89.93
2026-09-01T20:53:34.095680+08:00,0, NVIDIA GeForce RTX 5060, 84, 7373, 8151, 61, 72.86
2026-09-01T20:53:35.409643+08:00,0, NVIDIA GeForce RTX 5060, 30, 7314, 8151, 55, 71.74
2026-09-01T20:53:39.947817+08:00,0, NVIDIA GeForce RTX 5060, 31, 7398, 8151, 58, 76.30
2026-09-01T20:53:40.458246+08:00,0, NVIDIA GeForce RTX 5060, 85, 7395, 8151, 62, 63.63
2026-09-01T20:53:44.990569+08:00,0, NVIDIA GeForce RTX 5060, 87, 7394, 8151, 60, 55.36
2026-09-01T20:53:45.505725+08:00,0, NVIDIA GeForce RTX 5060, 82, 7394, 8151, 61, 87.28
2026-09-01T20:53:50.037698+08:00,0, NVIDIA GeForce RTX 5060, 81, 7388, 8151, 60, 64.54
2026-09-01T20:53:51.596938+08:00,0, NVIDIA GeForce RTX 5060, 83, 7382, 8151, 62, 87.36
2026-09-01T20:53:56.312627+08:00,0, NVIDIA GeForce RTX 5060, 83, 7385, 8151, 60, 85.72
2026-09-01T20:53:56.669424+08:00,0, NVIDIA GeForce RTX 5060, 85, 7408, 8151, 56, 49.91
2026-09-01T20:54:01.370323+08:00,0, NVIDIA GeForce RTX 5060, 82, 7431, 8151, 60, 81.20
2026-09-01T20:54:02.404252+08:00,0, NVIDIA GeForce RTX 5060, 45, 7436, 8151, 60, 80.92
2026-09-01T20:54:06.942339+08:00,0, NVIDIA GeForce RTX 5060, 33, 7404, 8151, 55, 78.69
2026-09-01T20:54:07.468172+08:00,0, NVIDIA GeForce RTX 5060, 81, 7381, 8151, 61, 63.69
2026-09-01T20:54:12.008666+08:00,0, NVIDIA GeForce RTX 5060, 28, 7416, 8151, 54, 40.16
2026-09-01T20:54:12.527111+08:00,0, NVIDIA GeForce RTX 5060, 84, 7416, 8151, 61, 70.03
2026-09-01T20:54:17.058373+08:00,0, NVIDIA GeForce RTX 5060, 93, 7445, 8151, 60, 61.99
2026-09-01T20:54:17.733455+08:00,0, NVIDIA GeForce RTX 5060, 89, 7442, 8151, 60, 79.07
2026-09-01T20:54:22.671461+08:00,0, NVIDIA GeForce RTX 5060, 32, 7431, 8151, 56, 78.58
2026-09-01T20:54:22.861633+08:00,0, NVIDIA GeForce RTX 5060, 24, 7426, 8151, 54, 43.03
2026-09-01T20:54:27.714183+08:00,0, NVIDIA GeForce RTX 5060, 86, 7457, 8151, 54, 56.46
2026-09-01T20:54:27.904916+08:00,0, NVIDIA GeForce RTX 5060, 84, 7457, 8151, 54, 69.60
2026-09-01T20:54:32.790043+08:00,0, NVIDIA GeForce RTX 5060, 76, 7451, 8151, 61, 73.31
2026-09-01T20:54:32.958313+08:00,0, NVIDIA GeForce RTX 5060, 2, 7451, 8151, 61, 74.13
2026-09-01T20:54:37.920741+08:00,0, NVIDIA GeForce RTX 5060, 35, 7463, 8151, 60, 75.41
2026-09-01T20:54:38.662745+08:00,0, NVIDIA GeForce RTX 5060, 35, 7399, 8151, 60, 74.92
2026-09-01T20:54:42.966043+08:00,0, NVIDIA GeForce RTX 5060, 92, 7450, 8151, 59, 59.53
2026-09-01T20:54:44.735407+08:00,0, NVIDIA GeForce RTX 5060, 25, 7384, 8151, 55, 60.03
2026-09-01T20:54:48.814677+08:00,0, NVIDIA GeForce RTX 5060, 9, 7387, 8151, 54, 76.25
2026-09-01T20:54:49.789746+08:00,0, NVIDIA GeForce RTX 5060, 80, 7477, 8151, 60, 88.76
2026-09-01T20:54:53.857124+08:00,0, NVIDIA GeForce RTX 5060, 82, 7427, 8151, 61, 94.06
2026-09-01T20:54:54.900105+08:00,0, NVIDIA GeForce RTX 5060, 20, 7355, 8151, 54, 53.52
2026-09-01T20:54:59.004889+08:00,0, NVIDIA GeForce RTX 5060, 31, 7390, 8151, 53, 58.49
2026-09-01T20:54:59.952849+08:00,0, NVIDIA GeForce RTX 5060, 81, 7346, 8151, 61, 89.22
2026-09-01T20:55:04.060699+08:00,0, NVIDIA GeForce RTX 5060, 79, 7414, 8151, 60, 56.15
2026-09-01T20:55:05.644900+08:00,0, NVIDIA GeForce RTX 5060, 89, 7419, 8151, 59, 91.03
2026-09-01T20:55:09.867673+08:00,0, NVIDIA GeForce RTX 5060, 35, 7449, 8151, 60, 86.89
2026-09-01T20:55:10.686075+08:00,0, NVIDIA GeForce RTX 5060, 77, 7431, 8151, 60, 77.89
2026-09-01T20:55:14.923117+08:00,0, NVIDIA GeForce RTX 5060, 89, 7386, 8151, 60, 58.23
2026-09-01T20:55:16.666517+08:00,0, NVIDIA GeForce RTX 5060, 34, 7388, 8151, 61, 80.53
2026-09-01T20:55:20.758472+08:00,0, NVIDIA GeForce RTX 5060, 89, 7408, 8151, 62, 92.79
2026-09-01T20:55:21.722263+08:00,0, NVIDIA GeForce RTX 5060, 75, 7386, 8151, 61, 83.12
2026-09-01T20:55:25.811516+08:00,0, NVIDIA GeForce RTX 5060, 84, 7356, 8151, 60, 76.11
2026-09-01T20:55:27.256359+08:00,0, NVIDIA GeForce RTX 5060, 24, 7366, 8151, 55, 65.69
2026-09-01T20:55:31.226690+08:00,0, NVIDIA GeForce RTX 5060, 25, 7366, 8151, 55, 57.78
2026-09-01T20:55:33.264320+08:00,0, NVIDIA GeForce RTX 5060, 81, 7368, 8151, 60, 93.30
2026-09-01T20:55:36.289457+08:00,0, NVIDIA GeForce RTX 5060, 81, 7376, 8151, 59, 71.02
2026-09-01T20:55:38.309377+08:00,0, NVIDIA GeForce RTX 5060, 79, 7360, 8151, 59, 69.34
2026-09-01T20:55:42.181884+08:00,0, NVIDIA GeForce RTX 5060, 29, 7376, 8151, 60, 82.65
2026-09-01T20:55:44.307034+08:00,0, NVIDIA GeForce RTX 5060, 79, 7388, 8151, 61, 96.21
2026-09-01T20:55:47.247499+08:00,0, NVIDIA GeForce RTX 5060, 86, 7349, 8151, 59, 72.19
2026-09-01T20:55:49.370131+08:00,0, NVIDIA GeForce RTX 5060, 86, 7372, 8151, 60, 79.63
2026-09-01T20:55:52.752363+08:00,0, NVIDIA GeForce RTX 5060, 23, 7369, 8151, 54, 54.38
2026-09-01T20:55:54.662562+08:00,0, NVIDIA GeForce RTX 5060, 31, 7372, 8151, 54, 73.57
2026-09-01T20:55:57.800141+08:00,0, NVIDIA GeForce RTX 5060, 75, 7340, 8151, 62, 89.59
2026-09-01T20:55:59.708167+08:00,0, NVIDIA GeForce RTX 5060, 85, 7362, 8151, 57, 55.58
2026-09-01T20:56:03.409144+08:00,0, NVIDIA GeForce RTX 5060, 49, 7334, 8151, 62, 77.36
2026-09-01T20:56:05.366327+08:00,0, NVIDIA GeForce RTX 5060, 45, 7245, 8151, 60, 78.99
2026-09-01T20:56:08.450342+08:00,0, NVIDIA GeForce RTX 5060, 86, 7302, 8151, 62, 84.09
2026-09-01T20:56:10.416042+08:00,0, NVIDIA GeForce RTX 5060, 80, 7352, 8151, 61, 73.38
2026-09-01T20:56:13.859385+08:00,0, NVIDIA GeForce RTX 5060, 20, 7358, 8151, 54, 66.17
2026-09-01T20:56:15.977560+08:00,0, NVIDIA GeForce RTX 5060, 21, 7429, 8151, 55, 71.61
2026-09-01T20:56:18.910374+08:00,0, NVIDIA GeForce RTX 5060, 85, 7356, 8151, 61, 73.72
2026-09-01T20:56:21.021716+08:00,0, NVIDIA GeForce RTX 5060, 85, 7358, 8151, 60, 69.90
2026-09-01T20:56:24.671923+08:00,0, NVIDIA GeForce RTX 5060, 78, 7344, 8151, 61, 90.11
2026-09-01T20:56:27.317438+08:00,0, NVIDIA GeForce RTX 5060, 26, 7273, 8151, 60, 86.92
2026-09-01T20:56:29.719134+08:00,0, NVIDIA GeForce RTX 5060, 84, 7360, 8151, 54, 51.22
2026-09-01T20:56:32.369702+08:00,0, NVIDIA GeForce RTX 5060, 81, 7368, 8151, 57, 68.57
2026-09-01T20:56:34.762530+08:00,0, NVIDIA GeForce RTX 5060, 83, 7397, 8151, 62, 96.47
2026-09-01T20:56:38.035023+08:00,0, NVIDIA GeForce RTX 5060, 25, 7326, 8151, 54, 74.32
2026-09-01T20:56:40.143055+08:00,0, NVIDIA GeForce RTX 5060, 24, 7362, 8151, 55, 58.26
2026-09-01T20:56:43.076902+08:00,0, NVIDIA GeForce RTX 5060, 84, 7380, 8151, 61, 84.37
2026-09-01T20:56:45.220780+08:00,0, NVIDIA GeForce RTX 5060, 80, 7385, 8151, 62, 88.53
2026-09-01T20:56:48.448510+08:00,0, NVIDIA GeForce RTX 5060, 21, 7313, 8151, 54, 56.44
2026-09-01T20:56:50.592606+08:00,0, NVIDIA GeForce RTX 5060, 23, 7324, 8151, 54, 53.74
2026-09-01T20:56:53.499740+08:00,0, NVIDIA GeForce RTX 5060, 81, 7292, 8151, 61, 67.71
2026-09-01T20:56:55.643542+08:00,0, NVIDIA GeForce RTX 5060, 83, 7355, 8151, 59, 60.42
2026-09-01T20:56:59.199171+08:00,0, NVIDIA GeForce RTX 5060, 43, 7380, 8151, 55, 68.94
2026-09-01T20:57:01.251701+08:00,0, NVIDIA GeForce RTX 5060, 19, 7409, 8151, 58, 82.92
2026-09-01T20:57:04.252071+08:00,0, NVIDIA GeForce RTX 5060, 0, 7398, 8151, 54, 52.83
2026-09-01T20:57:06.309238+08:00,0, NVIDIA GeForce RTX 5060, 83, 7420, 8151, 53, 59.58
2026-09-01T20:57:10.171048+08:00,0, NVIDIA GeForce RTX 5060, 32, 7331, 8151, 54, 66.49
2026-09-01T20:57:12.063946+08:00,0, NVIDIA GeForce RTX 5060, 83, 7337, 8151, 59, 82.08
2026-09-01T20:57:15.259889+08:00,0, NVIDIA GeForce RTX 5060, 84, 7337, 8151, 60, 85.01
2026-09-01T20:57:17.102364+08:00,0, NVIDIA GeForce RTX 5060, 88, 7337, 8151, 61, 95.44
2026-09-01T20:57:20.374257+08:00,0, NVIDIA GeForce RTX 5060, 25, 7334, 8151, 54, 47.12
2026-09-01T20:57:22.538813+08:00,0, NVIDIA GeForce RTX 5060, 26, 7331, 8151, 54, 60.45
2026-09-01T20:57:25.425248+08:00,0, NVIDIA GeForce RTX 5060, 72, 7341, 8151, 60, 81.25
2026-09-01T20:57:27.590972+08:00,0, NVIDIA GeForce RTX 5060, 82, 7337, 8151, 61, 71.12
2026-09-01T20:57:31.071179+08:00,0, NVIDIA GeForce RTX 5060, 23, 7274, 8151, 54, 71.83
2026-09-01T20:57:33.056065+08:00,0, NVIDIA GeForce RTX 5060, 32, 7299, 8151, 55, 79.38
2026-09-01T20:57:36.121284+08:00,0, NVIDIA GeForce RTX 5060, 85, 7286, 8151, 61, 79.81
2026-09-01T20:57:38.089450+08:00,0, NVIDIA GeForce RTX 5060, 88, 7332, 8151, 63, 87.08
2026-09-01T20:57:41.183447+08:00,0, NVIDIA GeForce RTX 5060, 24, 7353, 8151, 54, 51.89
2026-09-01T20:57:43.234486+08:00,0, NVIDIA GeForce RTX 5060, 29, 7375, 8151, 54, 53.53
2026-09-01T20:57:46.230465+08:00,0, NVIDIA GeForce RTX 5060, 82, 7397, 8151, 62, 86.47
2026-09-01T20:57:48.275463+08:00,0, NVIDIA GeForce RTX 5060, 88, 7386, 8151, 61, 82.03
2026-09-01T20:57:51.970854+08:00,0, NVIDIA GeForce RTX 5060, 20, 7327, 8151, 56, 67.91
2026-09-01T20:57:54.321814+08:00,0, NVIDIA GeForce RTX 5060, 54, 7345, 8151, 61, 86.77
2026-09-01T20:57:57.030819+08:00,0, NVIDIA GeForce RTX 5060, 89, 7399, 8151, 61, 57.68
2026-09-01T20:57:59.365296+08:00,0, NVIDIA GeForce RTX 5060, 89, 7297, 8151, 59, 70.15
2026-09-01T20:58:02.886278+08:00,0, NVIDIA GeForce RTX 5060, 46, 7393, 8151, 62, 87.48
2026-09-01T20:58:04.950794+08:00,0, NVIDIA GeForce RTX 5060, 35, 7368, 8151, 62, 81.33
2026-09-01T20:58:07.930595+08:00,0, NVIDIA GeForce RTX 5060, 78, 7292, 8151, 62, 80.81
2026-09-01T20:58:09.995684+08:00,0, NVIDIA GeForce RTX 5060, 85, 7322, 8151, 62, 68.82
2026-09-01T20:58:13.864996+08:00,0, NVIDIA GeForce RTX 5060, 56, 7324, 8151, 56, 87.60
2026-09-01T20:58:15.897105+08:00,0, NVIDIA GeForce RTX 5060, 83, 7393, 8151, 62, 97.43
2026-09-01T20:58:18.911156+08:00,0, NVIDIA GeForce RTX 5060, 89, 7296, 8151, 58, 74.15
2026-09-01T20:58:20.947253+08:00,0, NVIDIA GeForce RTX 5060, 90, 7262, 8151, 60, 79.26
2026-09-01T20:58:24.136170+08:00,0, NVIDIA GeForce RTX 5060, 36, 7350, 8151, 54, 59.13
2026-09-01T20:58:26.234447+08:00,0, NVIDIA GeForce RTX 5060, 32, 7314, 8151, 54, 60.37
2026-09-01T20:58:29.177535+08:00,0, NVIDIA GeForce RTX 5060, 86, 7270, 8151, 61, 86.87
2026-09-01T20:58:31.281741+08:00,0, NVIDIA GeForce RTX 5060, 85, 7269, 8151, 60, 78.39
2026-09-01T20:58:34.749169+08:00,0, NVIDIA GeForce RTX 5060, 48, 7312, 8151, 62, 84.76
2026-09-01T20:58:36.983889+08:00,0, NVIDIA GeForce RTX 5060, 32, 7351, 8151, 61, 72.61
2026-09-01T20:58:39.791409+08:00,0, NVIDIA GeForce RTX 5060, 92, 7345, 8151, 60, 69.36
2026-09-01T20:58:42.982777+08:00,0, NVIDIA GeForce RTX 5060, 70, 7391, 8151, 60, 85.68
2026-09-01T20:58:45.121301+08:00,0, NVIDIA GeForce RTX 5060, 25, 7333, 8151, 55, 62.30
2026-09-01T20:58:48.034393+08:00,0, NVIDIA GeForce RTX 5060, 89, 7327, 8151, 60, 70.81
2026-09-01T20:58:51.073121+08:00,0, NVIDIA GeForce RTX 5060, 88, 7264, 8151, 62, 102.91
2026-09-01T20:58:53.079759+08:00,0, NVIDIA GeForce RTX 5060, 19, 7336, 8151, 54, 48.38
2026-09-01T20:58:57.027717+08:00,0, NVIDIA GeForce RTX 5060, 87, 7344, 8151, 62, 99.31
2026-09-01T20:58:59.081107+08:00,0, NVIDIA GeForce RTX 5060, 88, 7340, 8151, 62, 91.01
2026-09-01T20:59:03.136765+08:00,0, NVIDIA GeForce RTX 5060, 86, 7337, 8151, 60, 85.44
2026-09-01T20:59:04.118841+08:00,0, NVIDIA GeForce RTX 5060, 87, 7340, 8151, 62, 92.15
2026-09-01T20:59:09.054869+08:00,0, NVIDIA GeForce RTX 5060, 87, 7311, 8151, 62, 92.00
2026-09-01T20:59:09.215588+08:00,0, NVIDIA GeForce RTX 5060, 21, 7321, 8151, 54, 41.00
2026-09-01T20:59:14.093430+08:00,0, NVIDIA GeForce RTX 5060, 87, 7345, 8151, 63, 84.93
2026-09-01T20:59:14.245670+08:00,0, NVIDIA GeForce RTX 5060, 87, 7345, 8151, 63, 98.82
2026-09-01T20:59:19.581188+08:00,0, NVIDIA GeForce RTX 5060, 19, 7278, 8151, 54, 41.44
2026-09-01T20:59:19.624497+08:00,0, NVIDIA GeForce RTX 5060, 25, 7282, 8151, 54, 38.35
2026-09-01T20:59:24.637165+08:00,0, NVIDIA GeForce RTX 5060, 61, 7352, 8151, 54, 45.38
2026-09-01T20:59:24.669679+08:00,0, NVIDIA GeForce RTX 5060, 87, 7352, 8151, 54, 49.49
2026-09-01T20:59:30.408889+08:00,0, NVIDIA GeForce RTX 5060, 85, 7240, 8151, 60, 71.57
2026-09-01T20:59:30.465300+08:00,0, NVIDIA GeForce RTX 5060, 27, 7308, 8151, 54, 55.24
2026-09-01T20:59:35.445952+08:00,0, NVIDIA GeForce RTX 5060, 89, 7339, 8151, 63, 91.92
2026-09-01T20:59:35.497363+08:00,0, NVIDIA GeForce RTX 5060, 87, 7339, 8151, 63, 91.92
2026-09-01T20:59:40.524607+08:00,0, NVIDIA GeForce RTX 5060, 22, 7330, 8151, 54, 48.60
2026-09-01T20:59:40.566827+08:00,0, NVIDIA GeForce RTX 5060, 22, 7348, 8151, 54, 39.84
2026-09-01T20:59:45.580400+08:00,0, NVIDIA GeForce RTX 5060, 91, 7303, 8151, 61, 81.10
2026-09-01T20:59:45.640488+08:00,0, NVIDIA GeForce RTX 5060, 91, 7304, 8151, 61, 81.10
2026-09-01T20:59:50.693394+08:00,0, NVIDIA GeForce RTX 5060, 24, 7369, 8151, 55, 62.81
2026-09-01T20:59:50.739388+08:00,0, NVIDIA GeForce RTX 5060, 32, 7369, 8151, 55, 56.79
2026-09-01T20:59:55.727201+08:00,0, NVIDIA GeForce RTX 5060, 85, 7279, 8151, 63, 95.14
2026-09-01T20:59:55.844783+08:00,0, NVIDIA GeForce RTX 5060, 85, 7279, 8151, 63, 101.49
2026-09-01T21:00:00.810528+08:00,0, NVIDIA GeForce RTX 5060, 28, 7340, 8151, 55, 53.74
2026-09-01T21:00:00.899251+08:00,0, NVIDIA GeForce RTX 5060, 41, 7339, 8151, 55, 42.56
2026-09-01T21:00:05.860174+08:00,0, NVIDIA GeForce RTX 5060, 83, 7345, 8151, 61, 82.90
2026-09-01T21:00:05.947354+08:00,0, NVIDIA GeForce RTX 5060, 83, 7340, 8151, 61, 82.90
2026-09-01T21:00:11.380894+08:00,0, NVIDIA GeForce RTX 5060, 26, 7337, 8151, 63, 74.64
2026-09-01T21:00:11.442474+08:00,0, NVIDIA GeForce RTX 5060, 20, 7341, 8151, 55, 42.13
2026-09-01T21:00:16.414984+08:00,0, NVIDIA GeForce RTX 5060, 89, 7280, 8151, 62, 94.36
2026-09-01T21:00:16.510284+08:00,0, NVIDIA GeForce RTX 5060, 87, 7280, 8151, 62, 95.38
2026-09-01T21:00:21.550574+08:00,0, NVIDIA GeForce RTX 5060, 19, 7270, 8151, 55, 55.28
2026-09-01T21:00:21.592196+08:00,0, NVIDIA GeForce RTX 5060, 19, 7264, 8151, 55, 49.97
2026-09-01T21:00:26.589389+08:00,0, NVIDIA GeForce RTX 5060, 85, 7335, 8151, 63, 85.85
2026-09-01T21:00:26.627986+08:00,0, NVIDIA GeForce RTX 5060, 85, 7335, 8151, 63, 85.85
2026-09-01T21:00:31.649110+08:00,0, NVIDIA GeForce RTX 5060, 28, 7300, 8151, 55, 52.23
2026-09-01T21:00:31.701754+08:00,0, NVIDIA GeForce RTX 5060, 29, 7300, 8151, 55, 40.85
2026-09-01T21:00:36.692291+08:00,0, NVIDIA GeForce RTX 5060, 89, 7374, 8151, 61, 81.45
2026-09-01T21:00:36.735632+08:00,0, NVIDIA GeForce RTX 5060, 89, 7374, 8151, 61, 81.45
2026-09-01T21:00:42.103144+08:00,0, NVIDIA GeForce RTX 5060, 20, 7316, 8151, 55, 64.36
2026-09-01T21:00:42.147059+08:00,0, NVIDIA GeForce RTX 5060, 26, 7327, 8151, 55, 40.69
2026-09-01T21:00:47.149050+08:00,0, NVIDIA GeForce RTX 5060, 89, 7341, 8151, 63, 85.41
2026-09-01T21:00:47.184451+08:00,0, NVIDIA GeForce RTX 5060, 89, 7341, 8151, 63, 87.02
2026-09-01T21:00:52.199721+08:00,0, NVIDIA GeForce RTX 5060, 27, 7332, 8151, 55, 50.97
2026-09-01T21:00:52.233622+08:00,0, NVIDIA GeForce RTX 5060, 27, 7332, 8151, 55, 50.97
2026-09-01T21:00:57.236974+08:00,0, NVIDIA GeForce RTX 5060, 82, 7347, 8151, 62, 87.00
2026-09-01T21:00:57.270907+08:00,0, NVIDIA GeForce RTX 5060, 86, 7347, 8151, 62, 93.39
2026-09-01T21:01:02.538559+08:00,0, NVIDIA GeForce RTX 5060, 27, 7256, 8151, 56, 61.04
2026-09-01T21:01:02.573221+08:00,0, NVIDIA GeForce RTX 5060, 24, 7287, 8151, 56, 43.09
2026-09-01T21:01:07.586879+08:00,0, NVIDIA GeForce RTX 5060, 87, 7296, 8151, 62, 74.31
2026-09-01T21:01:07.618044+08:00,0, NVIDIA GeForce RTX 5060, 87, 7296, 8151, 62, 74.31
2026-09-01T21:01:13.431730+08:00,0, NVIDIA GeForce RTX 5060, 72, 7274, 8151, 62, 82.02
2026-09-01T21:01:13.486891+08:00,0, NVIDIA GeForce RTX 5060, 18, 7269, 8151, 55, 41.54
2026-09-01T21:01:18.468151+08:00,0, NVIDIA GeForce RTX 5060, 87, 7300, 8151, 63, 74.76
2026-09-01T21:01:18.520579+08:00,0, NVIDIA GeForce RTX 5060, 87, 7300, 8151, 63, 74.76
2026-09-01T21:01:24.192681+08:00,0, NVIDIA GeForce RTX 5060, 36, 7382, 8151, 56, 74.87
2026-09-01T21:01:24.312696+08:00,0, NVIDIA GeForce RTX 5060, 34, 7432, 8151, 55, 39.79
2026-09-01T21:01:29.324177+08:00,0, NVIDIA GeForce RTX 5060, 87, 7354, 8151, 61, 94.02
2026-09-01T21:01:30.173867+08:00,0, NVIDIA GeForce RTX 5060, 84, 7465, 8151, 61, 98.16
2026-09-01T21:01:34.456317+08:00,0, NVIDIA GeForce RTX 5060, 25, 7397, 8151, 55, 37.97
2026-09-01T21:01:35.216332+08:00,0, NVIDIA GeForce RTX 5060, 72, 7394, 8151, 62, 75.50
2026-09-01T21:01:39.509378+08:00,0, NVIDIA GeForce RTX 5060, 87, 7391, 8151, 62, 88.26
2026-09-01T21:01:40.642814+08:00,0, NVIDIA GeForce RTX 5060, 23, 7401, 8151, 56, 70.19
2026-09-01T21:01:44.614631+08:00,0, NVIDIA GeForce RTX 5060, 28, 7377, 8151, 55, 51.04
2026-09-01T21:01:46.469036+08:00,0, NVIDIA GeForce RTX 5060, 89, 7382, 8151, 61, 71.37
2026-09-01T21:01:50.462551+08:00,0, NVIDIA GeForce RTX 5060, 81, 7415, 8151, 61, 82.90
2026-09-01T21:01:51.535301+08:00,0, NVIDIA GeForce RTX 5060, 85, 7383, 8151, 62, 84.68
2026-09-01T21:01:55.497357+08:00,0, NVIDIA GeForce RTX 5060, 82, 7401, 8151, 62, 85.74
2026-09-01T21:01:56.607207+08:00,0, NVIDIA GeForce RTX 5060, 24, 7409, 8151, 54, 50.20
2026-09-01T21:02:00.619881+08:00,0, NVIDIA GeForce RTX 5060, 26, 7389, 8151, 55, 52.12
2026-09-01T21:02:01.790302+08:00,0, NVIDIA GeForce RTX 5060, 80, 7293, 8151, 60, 96.65
2026-09-01T21:02:05.676493+08:00,0, NVIDIA GeForce RTX 5060, 78, 7413, 8151, 61, 86.57
2026-09-01T21:02:06.937014+08:00,0, NVIDIA GeForce RTX 5060, 27, 7436, 8151, 55, 45.17
2026-09-01T21:02:11.033389+08:00,0, NVIDIA GeForce RTX 5060, 25, 7369, 8151, 56, 68.26
2026-09-01T21:02:11.976583+08:00,0, NVIDIA GeForce RTX 5060, 89, 7343, 8151, 63, 87.26
2026-09-01T21:02:16.066340+08:00,0, NVIDIA GeForce RTX 5060, 91, 7376, 8151, 63, 90.08
2026-09-01T21:02:17.218973+08:00,0, NVIDIA GeForce RTX 5060, 35, 7372, 8151, 55, 59.58
2026-09-01T21:02:21.132477+08:00,0, NVIDIA GeForce RTX 5060, 36, 7329, 8151, 55, 56.56
2026-09-01T21:02:23.225983+08:00,0, NVIDIA GeForce RTX 5060, 81, 7360, 8151, 62, 101.00
2026-09-01T21:02:26.194720+08:00,0, NVIDIA GeForce RTX 5060, 92, 7353, 8151, 61, 82.12
2026-09-01T21:02:28.270369+08:00,0, NVIDIA GeForce RTX 5060, 86, 7411, 8151, 62, 90.65
2026-09-01T21:02:31.266883+08:00,0, NVIDIA GeForce RTX 5060, 25, 7401, 8151, 55, 57.07
2026-09-01T21:02:33.396672+08:00,0, NVIDIA GeForce RTX 5060, 26, 7400, 8151, 55, 49.78
2026-09-01T21:02:36.318762+08:00,0, NVIDIA GeForce RTX 5060, 82, 7400, 8151, 62, 84.70
2026-09-01T21:02:38.472678+08:00,0, NVIDIA GeForce RTX 5060, 84, 7378, 8151, 63, 91.43
2026-09-01T21:02:41.373594+08:00,0, NVIDIA GeForce RTX 5060, 29, 7366, 8151, 55, 50.29
2026-09-01T21:02:43.531190+08:00,0, NVIDIA GeForce RTX 5060, 39, 7365, 8151, 55, 38.52
2026-09-01T21:02:46.430521+08:00,0, NVIDIA GeForce RTX 5060, 82, 7350, 8151, 63, 93.11
2026-09-01T21:02:48.571980+08:00,0, NVIDIA GeForce RTX 5060, 76, 7363, 8151, 62, 93.70
2026-09-01T21:02:51.504476+08:00,0, NVIDIA GeForce RTX 5060, 37, 7367, 8151, 57, 43.73
2026-09-01T21:02:53.838054+08:00,0, NVIDIA GeForce RTX 5060, 21, 7376, 8151, 55, 43.01
2026-09-01T21:02:56.541688+08:00,0, NVIDIA GeForce RTX 5060, 89, 7400, 8151, 62, 71.46
2026-09-01T21:02:59.718752+08:00,0, NVIDIA GeForce RTX 5060, 66, 7414, 8151, 62, 87.50
2026-09-01T21:03:01.703717+08:00,0, NVIDIA GeForce RTX 5060, 27, 7409, 8151, 55, 62.01
2026-09-01T21:03:04.783333+08:00,0, NVIDIA GeForce RTX 5060, 87, 7407, 8151, 63, 94.68
2026-09-01T21:03:07.550121+08:00,0, NVIDIA GeForce RTX 5060, 86, 7417, 8151, 63, 102.11
2026-09-01T21:03:09.828846+08:00,0, NVIDIA GeForce RTX 5060, 27, 7404, 8151, 55, 40.66
2026-09-01T21:03:12.671592+08:00,0, NVIDIA GeForce RTX 5060, 93, 7422, 8151, 61, 72.62
2026-09-01T21:03:15.473599+08:00,0, NVIDIA GeForce RTX 5060, 19, 7400, 8151, 63, 78.24
2026-09-01T21:03:17.711789+08:00,0, NVIDIA GeForce RTX 5060, 88, 7512, 8151, 59, 54.84
2026-09-01T21:03:21.326274+08:00,0, NVIDIA GeForce RTX 5060, 49, 7487, 8151, 57, 88.80
2026-09-01T21:03:23.478293+08:00,0, NVIDIA GeForce RTX 5060, 29, 7490, 8151, 61, 83.71
2026-09-01T21:03:26.378157+08:00,0, NVIDIA GeForce RTX 5060, 83, 7473, 8151, 62, 87.78
2026-09-01T21:03:28.614086+08:00,0, NVIDIA GeForce RTX 5060, 81, 7405, 8151, 63, 92.89
2026-09-01T21:03:31.770613+08:00,0, NVIDIA GeForce RTX 5060, 26, 7470, 8151, 63, 79.92
2026-09-01T21:03:33.883325+08:00,0, NVIDIA GeForce RTX 5060, 31, 7425, 8151, 55, 53.96
2026-09-01T21:03:36.813581+08:00,0, NVIDIA GeForce RTX 5060, 10, 7419, 8151, 55, 43.88
2026-09-01T21:03:38.929982+08:00,0, NVIDIA GeForce RTX 5060, 86, 7448, 8151, 60, 70.76
2026-09-01T21:03:42.917170+08:00,0, NVIDIA GeForce RTX 5060, 30, 7441, 8151, 55, 63.51
2026-09-01T21:03:44.078439+08:00,0, NVIDIA GeForce RTX 5060, 45, 7375, 8151, 60, 82.83
2026-09-01T21:03:47.953545+08:00,0, NVIDIA GeForce RTX 5060, 84, 7498, 8151, 58, 69.34
2026-09-01T21:03:49.186589+08:00,0, NVIDIA GeForce RTX 5060, 43, 7492, 8151, 55, 53.86
2026-09-01T21:03:53.566226+08:00,0, NVIDIA GeForce RTX 5060, 41, 7499, 8151, 55, 81.99
2026-09-01T21:03:54.244813+08:00,0, NVIDIA GeForce RTX 5060, 79, 7495, 8151, 62, 72.05
2026-09-01T21:03:58.613658+08:00,0, NVIDIA GeForce RTX 5060, 79, 7426, 8151, 62, 70.49
2026-09-01T21:03:59.863747+08:00,0, NVIDIA GeForce RTX 5060, 28, 7458, 8151, 62, 90.70
2026-09-01T21:04:03.974969+08:00,0, NVIDIA GeForce RTX 5060, 32, 7482, 8151, 56, 80.52
2026-09-01T21:04:04.916504+08:00,0, NVIDIA GeForce RTX 5060, 77, 7466, 8151, 62, 86.43
2026-09-01T21:04:09.010047+08:00,0, NVIDIA GeForce RTX 5060, 86, 7428, 8151, 62, 63.63
2026-09-01T21:04:10.577953+08:00,0, NVIDIA GeForce RTX 5060, 32, 7368, 8151, 62, 78.22
2026-09-01T21:04:14.326520+08:00,0, NVIDIA GeForce RTX 5060, 31, 7444, 8151, 55, 72.93
2026-09-01T21:04:16.310349+08:00,0, NVIDIA GeForce RTX 5060, 77, 7370, 8151, 59, 92.04
2026-09-01T21:04:19.364345+08:00,0, NVIDIA GeForce RTX 5060, 90, 7423, 8151, 60, 72.51
2026-09-01T21:04:21.347391+08:00,0, NVIDIA GeForce RTX 5060, 88, 7436, 8151, 59, 64.80
2026-09-01T21:04:24.647992+08:00,0, NVIDIA GeForce RTX 5060, 19, 7418, 8151, 57, 67.55
2026-09-01T21:04:26.869002+08:00,0, NVIDIA GeForce RTX 5060, 28, 7328, 8151, 57, 70.42
2026-09-01T21:04:29.685833+08:00,0, NVIDIA GeForce RTX 5060, 84, 7364, 8151, 63, 83.74
2026-09-01T21:04:31.903141+08:00,0, NVIDIA GeForce RTX 5060, 87, 7409, 8151, 62, 92.82
2026-09-01T21:04:34.899224+08:00,0, NVIDIA GeForce RTX 5060, 38, 7352, 8151, 55, 67.23
2026-09-01T21:04:36.970555+08:00,0, NVIDIA GeForce RTX 5060, 41, 7428, 8151, 55, 45.82
2026-09-01T21:04:40.757785+08:00,0, NVIDIA GeForce RTX 5060, 88, 7383, 8151, 62, 88.16
2026-09-01T21:04:42.521435+08:00,0, NVIDIA GeForce RTX 5060, 84, 7450, 8151, 58, 93.59
2026-09-01T21:04:46.793447+08:00,0, NVIDIA GeForce RTX 5060, 77, 7417, 8151, 62, 88.25
2026-09-01T21:04:47.568889+08:00,0, NVIDIA GeForce RTX 5060, 82, 7417, 8151, 63, 83.76
2026-09-01T21:04:51.842897+08:00,0, NVIDIA GeForce RTX 5060, 77, 7433, 8151, 58, 57.92
2026-09-01T21:04:53.327074+08:00,0, NVIDIA GeForce RTX 5060, 86, 7429, 8151, 63, 99.57
2026-09-01T21:04:57.750197+08:00,0, NVIDIA GeForce RTX 5060, 29, 7436, 8151, 60, 75.28
2026-09-01T21:04:58.383316+08:00,0, NVIDIA GeForce RTX 5060, 84, 7430, 8151, 61, 71.99
2026-09-01T21:05:03.744169+08:00,0, NVIDIA GeForce RTX 5060, 79, 7416, 8151, 62, 92.04
2026-09-01T21:05:03.786281+08:00,0, NVIDIA GeForce RTX 5060, 23, 7418, 8151, 55, 45.45
2026-09-01T21:05:08.783680+08:00,0, NVIDIA GeForce RTX 5060, 87, 7363, 8151, 63, 97.43
2026-09-01T21:05:08.872197+08:00,0, NVIDIA GeForce RTX 5060, 87, 7363, 8151, 63, 97.43
2026-09-01T21:05:14.291971+08:00,0, NVIDIA GeForce RTX 5060, 47, 7415, 8151, 64, 82.64
2026-09-01T21:05:14.332017+08:00,0, NVIDIA GeForce RTX 5060, 23, 7411, 8151, 55, 57.39
2026-09-01T21:05:19.341740+08:00,0, NVIDIA GeForce RTX 5060, 82, 7443, 8151, 62, 77.40
2026-09-01T21:05:19.384650+08:00,0, NVIDIA GeForce RTX 5060, 82, 7443, 8151, 62, 87.47
2026-09-01T21:05:24.911628+08:00,0, NVIDIA GeForce RTX 5060, 34, 7450, 8151, 56, 63.77
2026-09-01T21:05:25.002820+08:00,0, NVIDIA GeForce RTX 5060, 23, 7450, 8151, 55, 39.98
2026-09-01T21:05:29.953224+08:00,0, NVIDIA GeForce RTX 5060, 85, 7430, 8151, 62, 75.21
2026-09-01T21:05:30.051246+08:00,0, NVIDIA GeForce RTX 5060, 85, 7430, 8151, 62, 81.17
2026-09-01T21:05:36.180294+08:00,0, NVIDIA GeForce RTX 5060, 41, 7437, 8151, 62, 84.99
2026-09-01T21:05:36.239227+08:00,0, NVIDIA GeForce RTX 5060, 21, 7439, 8151, 54, 37.53
2026-09-01T21:05:41.246471+08:00,0, NVIDIA GeForce RTX 5060, 82, 7433, 8151, 62, 78.05
2026-09-01T21:05:41.290632+08:00,0, NVIDIA GeForce RTX 5060, 75, 7433, 8151, 62, 87.88
2026-09-01T21:05:46.306077+08:00,0, NVIDIA GeForce RTX 5060, 88, 7435, 8151, 63, 94.94
2026-09-01T21:05:46.420099+08:00,0, NVIDIA GeForce RTX 5060, 88, 7435, 8151, 63, 94.94
2026-09-01T21:05:52.630801+08:00,0, NVIDIA GeForce RTX 5060, 85, 7423, 8151, 61, 94.27
2026-09-01T21:05:52.666348+08:00,0, NVIDIA GeForce RTX 5060, 34, 7411, 8151, 54, 38.04
2026-09-01T21:05:57.691490+08:00,0, NVIDIA GeForce RTX 5060, 82, 7436, 8151, 59, 59.69
2026-09-01T21:05:57.710198+08:00,0, NVIDIA GeForce RTX 5060, 82, 7436, 8151, 59, 59.69
2026-09-01T21:06:03.442670+08:00,0, NVIDIA GeForce RTX 5060, 23, 7318, 8151, 57, 83.61
2026-09-01T21:06:03.467042+08:00,0, NVIDIA GeForce RTX 5060, 28, 7384, 8151, 54, 45.52
2026-09-01T21:06:08.575274+08:00,0, NVIDIA GeForce RTX 5060, 75, 7392, 8151, 54, 57.35
2026-09-01T21:06:08.582921+08:00,0, NVIDIA GeForce RTX 5060, 75, 7392, 8151, 54, 62.52
2026-09-01T21:06:13.648927+08:00,0, NVIDIA GeForce RTX 5060, 83, 7395, 8151, 61, 60.12
2026-09-01T21:06:13.650013+08:00,0, NVIDIA GeForce RTX 5060, 83, 7395, 8151, 61, 60.12
2026-09-01T21:06:19.605009+08:00,0, NVIDIA GeForce RTX 5060, 29, 7381, 8151, 57, 72.86
2026-09-01T21:06:19.655697+08:00,0, NVIDIA GeForce RTX 5060, 29, 7381, 8151, 57, 72.86
2026-09-01T21:06:24.659994+08:00,0, NVIDIA GeForce RTX 5060, 88, 7379, 8151, 60, 59.35
2026-09-01T21:06:24.703034+08:00,0, NVIDIA GeForce RTX 5060, 74, 7377, 8151, 60, 62.84
2026-09-01T21:06:29.832775+08:00,0, NVIDIA GeForce RTX 5060, 75, 7318, 8151, 60, 87.29
2026-09-01T21:06:31.073596+08:00,0, NVIDIA GeForce RTX 5060, 72, 7341, 8151, 60, 96.18
2026-09-01T21:06:35.165062+08:00,0, NVIDIA GeForce RTX 5060, 21, 7316, 8151, 55, 63.40
2026-09-01T21:06:36.118319+08:00,0, NVIDIA GeForce RTX 5060, 90, 7381, 8151, 60, 78.27
2026-09-01T21:06:40.207022+08:00,0, NVIDIA GeForce RTX 5060, 88, 7380, 8151, 62, 80.10
2026-09-01T21:06:41.542875+08:00,0, NVIDIA GeForce RTX 5060, 22, 7390, 8151, 55, 59.53
2026-09-01T21:06:45.614841+08:00,0, NVIDIA GeForce RTX 5060, 13, 7405, 8151, 54, 69.51
2026-09-01T21:06:46.588654+08:00,0, NVIDIA GeForce RTX 5060, 85, 7363, 8151, 62, 93.26
2026-09-01T21:06:50.669158+08:00,0, NVIDIA GeForce RTX 5060, 87, 7372, 8151, 61, 75.24
2026-09-01T21:06:51.805504+08:00,0, NVIDIA GeForce RTX 5060, 33, 7380, 8151, 54, 68.17
2026-09-01T21:06:55.925200+08:00,0, NVIDIA GeForce RTX 5060, 19, 7309, 8151, 54, 53.21
2026-09-01T21:06:56.853570+08:00,0, NVIDIA GeForce RTX 5060, 87, 7377, 8151, 61, 88.35
2026-09-01T21:07:01.041353+08:00,0, NVIDIA GeForce RTX 5060, 79, 7380, 8151, 61, 93.74
2026-09-01T21:07:02.146970+08:00,0, NVIDIA GeForce RTX 5060, 30, 7380, 8151, 55, 51.37
2026-09-01T21:07:06.291877+08:00,0, NVIDIA GeForce RTX 5060, 27, 7400, 8151, 55, 53.57
2026-09-01T21:07:07.199112+08:00,0, NVIDIA GeForce RTX 5060, 85, 7372, 8151, 62, 90.38
2026-09-01T21:07:11.330068+08:00,0, NVIDIA GeForce RTX 5060, 78, 7373, 8151, 61, 76.18
2026-09-01T21:07:12.543136+08:00,0, NVIDIA GeForce RTX 5060, 31, 7395, 8151, 55, 73.63
2026-09-01T21:07:16.631887+08:00,0, NVIDIA GeForce RTX 5060, 29, 7399, 8151, 55, 51.55
2026-09-01T21:07:17.595416+08:00,0, NVIDIA GeForce RTX 5060, 85, 7369, 8151, 62, 87.39
2026-09-01T21:07:21.687031+08:00,0, NVIDIA GeForce RTX 5060, 76, 7363, 8151, 63, 92.75
2026-09-01T21:07:23.012235+08:00,0, NVIDIA GeForce RTX 5060, 34, 7369, 8151, 55, 56.57
2026-09-01T21:07:26.991022+08:00,0, NVIDIA GeForce RTX 5060, 36, 7379, 8151, 55, 67.62
2026-09-01T21:07:28.115140+08:00,0, NVIDIA GeForce RTX 5060, 80, 7320, 8151, 62, 93.30
2026-09-01T21:07:32.050029+08:00,0, NVIDIA GeForce RTX 5060, 79, 7353, 8151, 62, 81.70
2026-09-01T21:07:33.418516+08:00,0, NVIDIA GeForce RTX 5060, 32, 7361, 8151, 54, 50.75
2026-09-01T21:07:37.634199+08:00,0, NVIDIA GeForce RTX 5060, 22, 7384, 8151, 56, 84.00
2026-09-01T21:07:38.472665+08:00,0, NVIDIA GeForce RTX 5060, 86, 7271, 8151, 61, 76.44
2026-09-01T21:07:42.683318+08:00,0, NVIDIA GeForce RTX 5060, 84, 7357, 8151, 62, 84.83
2026-09-01T21:07:43.963161+08:00,0, NVIDIA GeForce RTX 5060, 27, 7359, 8151, 57, 67.88
2026-09-01T21:07:48.070332+08:00,0, NVIDIA GeForce RTX 5060, 29, 7369, 8151, 55, 65.97
2026-09-01T21:07:49.014647+08:00,0, NVIDIA GeForce RTX 5060, 84, 7326, 8151, 61, 88.57
2026-09-01T21:07:53.129482+08:00,0, NVIDIA GeForce RTX 5060, 80, 7332, 8151, 62, 68.13
2026-09-01T21:07:54.660278+08:00,0, NVIDIA GeForce RTX 5060, 29, 7325, 8151, 55, 81.89
2026-09-01T21:07:59.118689+08:00,0, NVIDIA GeForce RTX 5060, 17, 7349, 8151, 55, 59.92
2026-09-01T21:07:59.737070+08:00,0, NVIDIA GeForce RTX 5060, 74, 7369, 8151, 59, 63.45
2026-09-01T21:08:04.155032+08:00,0, NVIDIA GeForce RTX 5060, 81, 7377, 8151, 61, 70.40
2026-09-01T21:08:05.410036+08:00,0, NVIDIA GeForce RTX 5060, 34, 7383, 8151, 61, 82.65
2026-09-01T21:08:09.796772+08:00,0, NVIDIA GeForce RTX 5060, 18, 7297, 8151, 55, 69.98
2026-09-01T21:08:10.454225+08:00,0, NVIDIA GeForce RTX 5060, 85, 7274, 8151, 59, 70.17
2026-09-01T21:08:15.640825+08:00,0, NVIDIA GeForce RTX 5060, 82, 7343, 8151, 62, 95.20
2026-09-01T21:08:15.673860+08:00,0, NVIDIA GeForce RTX 5060, 28, 7324, 8151, 54, 50.85
2026-09-01T21:08:20.686532+08:00,0, NVIDIA GeForce RTX 5060, 82, 7273, 8151, 61, 66.54
2026-09-01T21:08:20.723293+08:00,0, NVIDIA GeForce RTX 5060, 82, 7273, 8151, 61, 66.54
2026-09-01T21:08:26.361195+08:00,0, NVIDIA GeForce RTX 5060, 33, 7308, 8151, 58, 83.61
2026-09-01T21:08:26.394587+08:00,0, NVIDIA GeForce RTX 5060, 27, 7230, 8151, 54, 47.04
2026-09-01T21:08:31.402182+08:00,0, NVIDIA GeForce RTX 5060, 84, 7339, 8151, 59, 68.83
2026-09-01T21:08:31.437863+08:00,0, NVIDIA GeForce RTX 5060, 84, 7339, 8151, 59, 68.83
2026-09-01T21:08:36.494879+08:00,0, NVIDIA GeForce RTX 5060, 86, 7395, 8151, 61, 89.85
2026-09-01T21:08:37.484092+08:00,0, NVIDIA GeForce RTX 5060, 87, 7389, 8151, 61, 100.26
2026-09-01T21:08:41.875132+08:00,0, NVIDIA GeForce RTX 5060, 28, 7335, 8151, 54, 55.06
2026-09-01T21:08:42.519824+08:00,0, NVIDIA GeForce RTX 5060, 86, 7259, 8151, 56, 70.28
2026-09-01T21:08:46.911500+08:00,0, NVIDIA GeForce RTX 5060, 89, 7317, 8151, 59, 69.19
2026-09-01T21:08:48.297315+08:00,0, NVIDIA GeForce RTX 5060, 25, 7197, 8151, 55, 77.56
2026-09-01T21:08:52.318308+08:00,0, NVIDIA GeForce RTX 5060, 28, 7307, 8151, 55, 67.95
2026-09-01T21:08:53.383645+08:00,0, NVIDIA GeForce RTX 5060, 83, 7303, 8151, 63, 89.91
2026-09-01T21:08:57.368880+08:00,0, NVIDIA GeForce RTX 5060, 88, 7316, 8151, 63, 92.89
2026-09-01T21:08:58.475090+08:00,0, NVIDIA GeForce RTX 5060, 31, 7318, 8151, 55, 53.18
2026-09-01T21:09:02.449436+08:00,0, NVIDIA GeForce RTX 5060, 24, 7259, 8151, 54, 52.43
2026-09-01T21:09:03.598897+08:00,0, NVIDIA GeForce RTX 5060, 87, 7212, 8151, 62, 89.48
2026-09-01T21:09:07.500829+08:00,0, NVIDIA GeForce RTX 5060, 82, 7253, 8151, 61, 91.62
2026-09-01T21:09:08.738502+08:00,0, NVIDIA GeForce RTX 5060, 25, 7237, 8151, 54, 42.99
2026-09-01T21:09:12.985554+08:00,0, NVIDIA GeForce RTX 5060, 27, 7279, 8151, 57, 73.88
2026-09-01T21:09:13.790123+08:00,0, NVIDIA GeForce RTX 5060, 89, 7307, 8151, 62, 82.20
2026-09-01T21:09:18.022168+08:00,0, NVIDIA GeForce RTX 5060, 85, 7349, 8151, 60, 72.95
2026-09-01T21:09:19.385425+08:00,0, NVIDIA GeForce RTX 5060, 33, 7293, 8151, 56, 80.53
2026-09-01T21:09:23.514142+08:00,0, NVIDIA GeForce RTX 5060, 54, 7290, 8151, 61, 74.25
2026-09-01T21:09:24.441899+08:00,0, NVIDIA GeForce RTX 5060, 78, 7394, 8151, 62, 85.04
2026-09-01T21:09:28.560290+08:00,0, NVIDIA GeForce RTX 5060, 84, 7397, 8151, 60, 70.11
2026-09-01T21:09:29.873397+08:00,0, NVIDIA GeForce RTX 5060, 26, 7386, 8151, 58, 74.38
2026-09-01T21:09:34.277083+08:00,0, NVIDIA GeForce RTX 5060, 54, 7372, 8151, 55, 83.00
2026-09-01T21:09:34.905939+08:00,0, NVIDIA GeForce RTX 5060, 85, 7370, 8151, 61, 72.94
2026-09-01T21:09:39.382120+08:00,0, NVIDIA GeForce RTX 5060, 25, 7227, 8151, 54, 39.45
2026-09-01T21:09:39.946645+08:00,0, NVIDIA GeForce RTX 5060, 90, 7317, 8151, 61, 71.78
2026-09-01T21:09:44.421895+08:00,0, NVIDIA GeForce RTX 5060, 87, 7335, 8151, 62, 96.17
2026-09-01T21:09:45.556370+08:00,0, NVIDIA GeForce RTX 5060, 29, 7369, 8151, 60, 77.01
2026-09-01T21:09:49.959561+08:00,0, NVIDIA GeForce RTX 5060, 32, 7294, 8151, 56, 74.96
2026-09-01T21:09:50.599539+08:00,0, NVIDIA GeForce RTX 5060, 84, 7365, 8151, 62, 70.73
2026-09-01T21:09:54.993356+08:00,0, NVIDIA GeForce RTX 5060, 77, 7369, 8151, 62, 85.04
2026-09-01T21:09:56.120087+08:00,0, NVIDIA GeForce RTX 5060, 43, 7367, 8151, 55, 81.96
2026-09-01T21:10:00.510940+08:00,0, NVIDIA GeForce RTX 5060, 23, 7429, 8151, 62, 78.07
2026-09-01T21:10:01.171962+08:00,0, NVIDIA GeForce RTX 5060, 85, 7395, 8151, 62, 74.13
2026-09-01T21:10:05.550417+08:00,0, NVIDIA GeForce RTX 5060, 89, 7452, 8151, 60, 71.23
2026-09-01T21:10:06.889362+08:00,0, NVIDIA GeForce RTX 5060, 64, 7452, 8151, 57, 90.90
2026-09-01T21:10:11.474384+08:00,0, NVIDIA GeForce RTX 5060, 18, 7414, 8151, 54, 64.88
2026-09-01T21:10:11.939628+08:00,0, NVIDIA GeForce RTX 5060, 82, 7391, 8151, 57, 55.07
2026-09-01T21:10:16.535584+08:00,0, NVIDIA GeForce RTX 5060, 85, 7340, 8151, 62, 87.93
2026-09-01T21:10:17.769389+08:00,0, NVIDIA GeForce RTX 5060, 39, 7268, 8151, 62, 85.11
2026-09-01T21:10:21.992342+08:00,0, NVIDIA GeForce RTX 5060, 30, 7399, 8151, 62, 78.67
2026-09-01T21:10:22.823137+08:00,0, NVIDIA GeForce RTX 5060, 78, 7392, 8151, 61, 76.35
2026-09-01T21:10:27.057418+08:00,0, NVIDIA GeForce RTX 5060, 87, 7420, 8151, 58, 59.24
2026-09-01T21:10:28.745818+08:00,0, NVIDIA GeForce RTX 5060, 32, 7430, 8151, 55, 64.56
2026-09-01T21:10:32.882531+08:00,0, NVIDIA GeForce RTX 5060, 42, 7373, 8151, 56, 75.90
2026-09-01T21:10:33.793688+08:00,0, NVIDIA GeForce RTX 5060, 71, 7385, 8151, 61, 84.71
2026-09-01T21:10:38.068965+08:00,0, NVIDIA GeForce RTX 5060, 82, 7433, 8151, 61, 94.03
2026-09-01T21:10:39.304303+08:00,0, NVIDIA GeForce RTX 5060, 17, 7435, 8151, 54, 61.44
2026-09-01T21:10:43.490207+08:00,0, NVIDIA GeForce RTX 5060, 23, 7394, 8151, 53, 44.17
2026-09-01T21:10:44.367127+08:00,0, NVIDIA GeForce RTX 5060, 89, 7424, 8151, 60, 66.78
2026-09-01T21:10:48.553895+08:00,0, NVIDIA GeForce RTX 5060, 86, 7455, 8151, 60, 68.52
2026-09-01T21:10:49.973608+08:00,0, NVIDIA GeForce RTX 5060, 22, 7457, 8151, 57, 77.20
2026-09-01T21:10:54.385755+08:00,0, NVIDIA GeForce RTX 5060, 29, 7373, 8151, 55, 74.98
2026-09-01T21:10:55.012340+08:00,0, NVIDIA GeForce RTX 5060, 88, 7376, 8151, 59, 67.03
2026-09-01T21:10:59.433173+08:00,0, NVIDIA GeForce RTX 5060, 75, 7404, 8151, 58, 74.66
2026-09-01T21:11:00.829544+08:00,0, NVIDIA GeForce RTX 5060, 61, 7341, 8151, 61, 77.87
2026-09-01T21:11:04.819032+08:00,0, NVIDIA GeForce RTX 5060, 29, 7448, 8151, 57, 74.61
2026-09-01T21:11:05.905902+08:00,0, NVIDIA GeForce RTX 5060, 89, 7425, 8151, 61, 99.40
2026-09-01T21:11:09.865970+08:00,0, NVIDIA GeForce RTX 5060, 78, 7359, 8151, 61, 69.67
2026-09-01T21:11:11.292799+08:00,0, NVIDIA GeForce RTX 5060, 38, 7374, 8151, 55, 69.71
2026-09-01T21:11:15.419558+08:00,0, NVIDIA GeForce RTX 5060, 38, 7383, 8151, 55, 68.00
2026-09-01T21:11:16.355318+08:00,0, NVIDIA GeForce RTX 5060, 89, 7457, 8151, 60, 78.38
2026-09-01T21:11:20.476682+08:00,0, NVIDIA GeForce RTX 5060, 80, 7435, 8151, 62, 87.22
2026-09-01T21:11:21.731403+08:00,0, NVIDIA GeForce RTX 5060, 38, 7398, 8151, 55, 62.20
2026-09-01T21:11:25.984276+08:00,0, NVIDIA GeForce RTX 5060, 22, 7434, 8151, 58, 67.36
2026-09-01T21:11:26.790011+08:00,0, NVIDIA GeForce RTX 5060, 91, 7426, 8151, 59, 75.18
2026-09-01T21:11:31.956818+08:00,0, NVIDIA GeForce RTX 5060, 59, 7410, 8151, 62, 86.46
2026-09-01T21:11:32.030900+08:00,0, NVIDIA GeForce RTX 5060, 24, 7410, 8151, 54, 38.67
2026-09-01T21:11:37.134240+08:00,0, NVIDIA GeForce RTX 5060, 29, 7298, 8151, 54, 41.03
2026-09-01T21:11:37.199620+08:00,0, NVIDIA GeForce RTX 5060, 22, 7273, 8151, 54, 40.66
2026-09-01T21:11:42.196897+08:00,0, NVIDIA GeForce RTX 5060, 72, 7395, 8151, 60, 73.11
2026-09-01T21:11:42.257692+08:00,0, NVIDIA GeForce RTX 5060, 72, 7395, 8151, 60, 73.11
2026-09-01T21:11:47.940263+08:00,0, NVIDIA GeForce RTX 5060, 92, 7307, 8151, 56, 69.97
2026-09-01T21:11:48.051795+08:00,0, NVIDIA GeForce RTX 5060, 100, 7375, 8151, 55, 47.97
2026-09-01T21:11:52.991327+08:00,0, NVIDIA GeForce RTX 5060, 86, 7391, 8151, 61, 87.43
2026-09-01T21:11:53.094375+08:00,0, NVIDIA GeForce RTX 5060, 84, 7391, 8151, 61, 88.64
2026-09-01T21:11:58.571225+08:00,0, NVIDIA GeForce RTX 5060, 28, 7437, 8151, 58, 73.22
2026-09-01T21:11:58.607467+08:00,0, NVIDIA GeForce RTX 5060, 29, 7437, 8151, 54, 41.27
2026-09-01T21:12:03.657641+08:00,0, NVIDIA GeForce RTX 5060, 90, 7519, 8151, 58, 73.74
2026-09-01T21:12:03.671206+08:00,0, NVIDIA GeForce RTX 5060, 90, 7519, 8151, 58, 77.57
2026-09-01T21:12:08.710542+08:00,0, NVIDIA GeForce RTX 5060, 32, 7525, 8151, 55, 53.75
2026-09-01T21:12:08.775734+08:00,0, NVIDIA GeForce RTX 5060, 32, 7525, 8151, 55, 53.75
2026-09-01T21:12:14.707861+08:00,0, NVIDIA GeForce RTX 5060, 78, 7518, 8151, 62, 101.41
2026-09-01T21:12:14.748355+08:00,0, NVIDIA GeForce RTX 5060, 100, 7512, 8151, 55, 48.48
2026-09-01T21:12:19.755893+08:00,0, NVIDIA GeForce RTX 5060, 89, 7415, 8151, 59, 68.36
2026-09-01T21:12:19.789751+08:00,0, NVIDIA GeForce RTX 5060, 89, 7415, 8151, 59, 71.21
2026-09-01T21:12:25.272197+08:00,0, NVIDIA GeForce RTX 5060, 24, 7497, 8151, 55, 75.04
2026-09-01T21:12:25.322215+08:00,0, NVIDIA GeForce RTX 5060, 26, 7417, 8151, 54, 45.53
2026-09-01T21:12:30.328937+08:00,0, NVIDIA GeForce RTX 5060, 82, 7379, 8151, 55, 73.58
2026-09-01T21:12:30.364128+08:00,0, NVIDIA GeForce RTX 5060, 82, 7379, 8151, 61, 73.58
2026-09-01T21:12:36.311541+08:00,0, NVIDIA GeForce RTX 5060, 33, 7325, 8151, 55, 54.43
2026-09-01T21:12:36.419800+08:00,0, NVIDIA GeForce RTX 5060, 28, 7382, 8151, 54, 37.10
2026-09-01T21:12:41.378141+08:00,0, NVIDIA GeForce RTX 5060, 83, 7480, 8151, 60, 64.20
2026-09-01T21:12:41.505570+08:00,0, NVIDIA GeForce RTX 5060, 83, 7480, 8151, 60, 69.75
2026-09-01T21:12:46.948695+08:00,0, NVIDIA GeForce RTX 5060, 36, 7450, 8151, 61, 72.75
2026-09-01T21:12:47.021345+08:00,0, NVIDIA GeForce RTX 5060, 29, 7450, 8151, 54, 51.60
2026-09-01T21:12:52.056647+08:00,0, NVIDIA GeForce RTX 5060, 82, 7367, 8151, 61, 79.51
2026-09-01T21:12:52.094305+08:00,0, NVIDIA GeForce RTX 5060, 78, 7367, 8151, 61, 89.06
2026-09-01T21:12:57.645566+08:00,0, NVIDIA GeForce RTX 5060, 24, 7385, 8151, 59, 73.78
2026-09-01T21:12:57.702490+08:00,0, NVIDIA GeForce RTX 5060, 37, 7412, 8151, 54, 40.65
2026-09-01T21:13:02.715692+08:00,0, NVIDIA GeForce RTX 5060, 42, 7384, 8151, 61, 70.74
2026-09-01T21:13:02.756165+08:00,0, NVIDIA GeForce RTX 5060, 42, 7384, 8151, 61, 70.74
2026-09-01T21:13:08.613160+08:00,0, NVIDIA GeForce RTX 5060, 33, 7323, 8151, 55, 73.02
2026-09-01T21:13:08.659290+08:00,0, NVIDIA GeForce RTX 5060, 29, 7312, 8151, 54, 38.67
2026-09-01T21:13:13.680932+08:00,0, NVIDIA GeForce RTX 5060, 83, 7447, 8151, 61, 71.39
2026-09-01T21:13:13.734872+08:00,0, NVIDIA GeForce RTX 5060, 83, 7447, 8151, 61, 71.39
2026-09-01T21:13:19.581707+08:00,0, NVIDIA GeForce RTX 5060, 47, 7464, 8151, 58, 93.12
2026-09-01T21:13:19.608856+08:00,0, NVIDIA GeForce RTX 5060, 27, 7481, 8151, 55, 40.25
2026-09-01T21:13:24.641236+08:00,0, NVIDIA GeForce RTX 5060, 83, 7445, 8151, 59, 79.09
2026-09-01T21:13:24.667733+08:00,0, NVIDIA GeForce RTX 5060, 83, 7445, 8151, 59, 79.09
2026-09-01T21:13:30.303152+08:00,0, NVIDIA GeForce RTX 5060, 32, 7449, 8151, 55, 83.42
2026-09-01T21:13:30.362242+08:00,0, NVIDIA GeForce RTX 5060, 24, 7440, 8151, 54, 47.90
2026-09-01T21:13:35.456322+08:00,0, NVIDIA GeForce RTX 5060, 92, 7326, 8151, 60, 90.01
2026-09-01T21:13:36.454609+08:00,0, NVIDIA GeForce RTX 5060, 80, 7434, 8151, 62, 93.95
2026-09-01T21:13:40.746167+08:00,0, NVIDIA GeForce RTX 5060, 33, 7422, 8151, 56, 61.95
2026-09-01T21:13:41.489483+08:00,0, NVIDIA GeForce RTX 5060, 78, 7417, 8151, 62, 77.14
2026-09-01T21:13:45.821824+08:00,0, NVIDIA GeForce RTX 5060, 83, 7410, 8151, 62, 78.45
2026-09-01T21:13:47.177253+08:00,0, NVIDIA GeForce RTX 5060, 30, 7418, 8151, 63, 80.72
2026-09-01T21:13:51.558826+08:00,0, NVIDIA GeForce RTX 5060, 55, 7390, 8151, 58, 89.68
2026-09-01T21:13:52.226084+08:00,0, NVIDIA GeForce RTX 5060, 86, 7375, 8151, 57, 69.74
2026-09-01T21:13:56.632943+08:00,0, NVIDIA GeForce RTX 5060, 83, 7228, 8151, 61, 86.15
2026-09-01T21:13:57.968554+08:00,0, NVIDIA GeForce RTX 5060, 31, 7310, 8151, 56, 82.66
2026-09-01T21:14:02.047830+08:00,0, NVIDIA GeForce RTX 5060, 23, 7424, 8151, 55, 73.70
2026-09-01T21:14:03.009086+08:00,0, NVIDIA GeForce RTX 5060, 84, 7440, 8151, 63, 94.54
2026-09-01T21:14:07.091343+08:00,0, NVIDIA GeForce RTX 5060, 85, 7419, 8151, 62, 97.66
2026-09-01T21:14:08.127942+08:00,0, NVIDIA GeForce RTX 5060, 23, 7433, 8151, 55, 52.76
2026-09-01T21:14:12.502362+08:00,0, NVIDIA GeForce RTX 5060, 26, 7519, 8151, 58, 68.20
2026-09-01T21:14:13.167932+08:00,0, NVIDIA GeForce RTX 5060, 87, 7481, 8151, 59, 72.32
2026-09-01T21:14:17.536690+08:00,0, NVIDIA GeForce RTX 5060, 88, 7527, 8151, 61, 87.01
2026-09-01T21:14:18.445383+08:00,0, NVIDIA GeForce RTX 5060, 31, 7527, 8151, 55, 75.66
2026-09-01T21:14:22.600656+08:00,0, NVIDIA GeForce RTX 5060, 30, 7515, 8151, 55, 45.72
2026-09-01T21:14:23.501747+08:00,0, NVIDIA GeForce RTX 5060, 84, 7510, 8151, 62, 92.40
2026-09-01T21:14:28.342409+08:00,0, NVIDIA GeForce RTX 5060, 47, 7404, 8151, 56, 83.82
2026-09-01T21:14:28.568316+08:00,0, NVIDIA GeForce RTX 5060, 55, 7453, 8151, 55, 44.38
2026-09-01T21:14:33.387127+08:00,0, NVIDIA GeForce RTX 5060, 83, 7434, 8151, 63, 91.52
2026-09-01T21:14:34.564188+08:00,0, NVIDIA GeForce RTX 5060, 83, 7432, 8151, 63, 95.74
2026-09-01T21:14:38.455997+08:00,0, NVIDIA GeForce RTX 5060, 30, 7465, 8151, 55, 54.28
2026-09-01T21:14:40.466164+08:00,0, NVIDIA GeForce RTX 5060, 82, 7406, 8151, 62, 95.93
2026-09-01T21:14:43.520891+08:00,0, NVIDIA GeForce RTX 5060, 78, 7454, 8151, 62, 88.74
2026-09-01T21:14:46.666178+08:00,0, NVIDIA GeForce RTX 5060, 13, 7468, 8151, 58, 67.11
2026-09-01T21:14:48.620167+08:00,0, NVIDIA GeForce RTX 5060, 30, 7429, 8151, 55, 52.29
2026-09-01T21:14:51.707611+08:00,0, NVIDIA GeForce RTX 5060, 78, 7493, 8151, 62, 91.17
2026-09-01T21:14:53.747513+08:00,0, NVIDIA GeForce RTX 5060, 86, 7373, 8151, 60, 62.76
2026-09-01T21:14:56.848975+08:00,0, NVIDIA GeForce RTX 5060, 29, 7363, 8151, 55, 61.44
2026-09-01T21:14:58.821302+08:00,0, NVIDIA GeForce RTX 5060, 25, 7366, 8151, 55, 53.60
2026-09-01T21:15:01.942918+08:00,0, NVIDIA GeForce RTX 5060, 88, 7461, 8151, 63, 103.41
2026-09-01T21:15:03.929216+08:00,0, NVIDIA GeForce RTX 5060, 26, 7468, 8151, 55, 55.07
2026-09-01T21:15:07.054099+08:00,0, NVIDIA GeForce RTX 5060, 32, 7414, 8151, 55, 47.12
2026-09-01T21:15:09.219898+08:00,0, NVIDIA GeForce RTX 5060, 25, 7399, 8151, 55, 44.51
2026-09-01T21:15:12.091390+08:00,0, NVIDIA GeForce RTX 5060, 80, 7423, 8151, 58, 74.94
2026-09-01T21:15:14.261210+08:00,0, NVIDIA GeForce RTX 5060, 84, 7401, 8151, 61, 87.41
2026-09-01T21:15:17.493068+08:00,0, NVIDIA GeForce RTX 5060, 25, 7424, 8151, 63, 76.42
