timestamp,index,name,utilization_gpu_pct,memory_used_mib,memory_total_mib,temperature_c,power_w
2026-09-02T20:16:35.317810+08:00,0, NVIDIA GeForce RTX 5060, 2, 1738, 8151, 41, 22.86
2026-09-02T20:16:40.383650+08:00,0, NVIDIA GeForce RTX 5060, 35, 3255, 8151, 47, 63.20
2026-09-02T20:16:45.442105+08:00,0, NVIDIA GeForce RTX 5060, 45, 3344, 8151, 47, 65.14
2026-09-02T20:16:50.491315+08:00,0, NVIDIA GeForce RTX 5060, 45, 3442, 8151, 52, 66.54
2026-09-02T20:16:55.531238+08:00,0, NVIDIA GeForce RTX 5060, 46, 3442, 8151, 50, 66.82
2026-09-02T20:17:00.571542+08:00,0, NVIDIA GeForce RTX 5060, 34, 3384, 8151, 52, 64.88
2026-09-02T20:17:05.620669+08:00,0, NVIDIA GeForce RTX 5060, 45, 3381, 8151, 54, 67.60
2026-09-02T20:17:10.670922+08:00,0, NVIDIA GeForce RTX 5060, 34, 3381, 8151, 56, 67.58
2026-09-02T20:17:15.718866+08:00,0, NVIDIA GeForce RTX 5060, 32, 3490, 8151, 57, 66.07
2026-09-02T20:17:20.762185+08:00,0, NVIDIA GeForce RTX 5060, 40, 3490, 8151, 59, 67.04
2026-09-02T20:17:25.814951+08:00,0, NVIDIA GeForce RTX 5060, 39, 3476, 8151, 59, 69.61
2026-09-02T20:17:30.861570+08:00,0, NVIDIA GeForce RTX 5060, 40, 3485, 8151, 60, 68.11
2026-09-02T20:17:35.905136+08:00,0, NVIDIA GeForce RTX 5060, 15, 3736, 8151, 59, 48.04
2026-09-02T20:17:40.954722+08:00,0, NVIDIA GeForce RTX 5060, 15, 3864, 8151, 54, 36.68
2026-09-02T20:17:45.999974+08:00,0, NVIDIA GeForce RTX 5060, 52, 3872, 8151, 59, 71.67
2026-09-02T20:17:51.062859+08:00,0, NVIDIA GeForce RTX 5060, 51, 3864, 8151, 62, 75.73
2026-09-02T20:17:56.109573+08:00,0, NVIDIA GeForce RTX 5060, 53, 3864, 8151, 64, 77.67
2026-09-02T20:18:01.145286+08:00,0, NVIDIA GeForce RTX 5060, 51, 3865, 8151, 63, 77.13
2026-09-02T20:18:06.190580+08:00,0, NVIDIA GeForce RTX 5060, 48, 3863, 8151, 62, 76.32
2026-09-02T20:18:11.224229+08:00,0, NVIDIA GeForce RTX 5060, 46, 3864, 8151, 62, 75.65
2026-09-02T20:18:16.257159+08:00,0, NVIDIA GeForce RTX 5060, 45, 3864, 8151, 61, 74.25
2026-09-02T20:18:21.303501+08:00,0, NVIDIA GeForce RTX 5060, 48, 3863, 8151, 61, 73.80
2026-09-02T20:18:26.347814+08:00,0, NVIDIA GeForce RTX 5060, 50, 3863, 8151, 60, 75.91
2026-09-02T20:18:31.389596+08:00,0, NVIDIA GeForce RTX 5060, 15, 3857, 8151, 56, 49.08
2026-09-02T20:18:36.431929+08:00,0, NVIDIA GeForce RTX 5060, 2, 3858, 8151, 53, 34.88
2026-09-02T20:18:41.483922+08:00,0, NVIDIA GeForce RTX 5060, 46, 3864, 8151, 57, 75.91
2026-09-02T20:18:46.545445+08:00,0, NVIDIA GeForce RTX 5060, 54, 3863, 8151, 57, 77.16
2026-09-02T20:18:51.594167+08:00,0, NVIDIA GeForce RTX 5060, 48, 3877, 8151, 59, 73.82
2026-09-02T20:18:56.639109+08:00,0, NVIDIA GeForce RTX 5060, 51, 3876, 8151, 58, 74.25
2026-09-02T20:19:01.693923+08:00,0, NVIDIA GeForce RTX 5060, 48, 3864, 8151, 59, 74.40
2026-09-02T20:19:06.734119+08:00,0, NVIDIA GeForce RTX 5060, 50, 3863, 8151, 57, 72.53
2026-09-02T20:19:11.772676+08:00,0, NVIDIA GeForce RTX 5060, 55, 3864, 8151, 58, 70.32
2026-09-02T20:19:16.847494+08:00,0, NVIDIA GeForce RTX 5060, 56, 3864, 8151, 57, 76.28
2026-09-02T20:19:21.894955+08:00,0, NVIDIA GeForce RTX 5060, 46, 3864, 8151, 59, 76.07
2026-09-02T20:19:26.945963+08:00,0, NVIDIA GeForce RTX 5060, 13, 3854, 8151, 55, 57.63
2026-09-02T20:19:32.105704+08:00,0, NVIDIA GeForce RTX 5060, 3, 3877, 8151, 51, 35.10
2026-09-02T20:19:37.164043+08:00,0, NVIDIA GeForce RTX 5060, 50, 3864, 8151, 55, 45.47
2026-09-02T20:19:42.205642+08:00,0, NVIDIA GeForce RTX 5060, 48, 3864, 8151, 56, 74.16
2026-09-02T20:19:47.246270+08:00,0, NVIDIA GeForce RTX 5060, 52, 3864, 8151, 56, 73.91
2026-09-02T20:19:52.283857+08:00,0, NVIDIA GeForce RTX 5060, 49, 3864, 8151, 58, 74.42
2026-09-02T20:19:57.325522+08:00,0, NVIDIA GeForce RTX 5060, 55, 3864, 8151, 57, 75.24
2026-09-02T20:20:02.371812+08:00,0, NVIDIA GeForce RTX 5060, 55, 3864, 8151, 56, 71.00
2026-09-02T20:20:07.411792+08:00,0, NVIDIA GeForce RTX 5060, 51, 3864, 8151, 57, 75.88
2026-09-02T20:20:12.463957+08:00,0, NVIDIA GeForce RTX 5060, 50, 3863, 8151, 59, 73.95
2026-09-02T20:20:17.504355+08:00,0, NVIDIA GeForce RTX 5060, 50, 3864, 8151, 60, 75.54
2026-09-02T20:20:22.539880+08:00,0, NVIDIA GeForce RTX 5060, 33, 3865, 8151, 59, 69.96
2026-09-02T20:20:27.575135+08:00,0, NVIDIA GeForce RTX 5060, 10, 3852, 8151, 52, 33.46
2026-09-02T20:20:32.614942+08:00,0, NVIDIA GeForce RTX 5060, 15, 3865, 8151, 52, 36.10
2026-09-02T20:20:37.652836+08:00,0, NVIDIA GeForce RTX 5060, 49, 3869, 8151, 56, 74.09
2026-09-02T20:20:42.706760+08:00,0, NVIDIA GeForce RTX 5060, 52, 3865, 8151, 56, 74.47
2026-09-02T20:20:47.762089+08:00,0, NVIDIA GeForce RTX 5060, 50, 3858, 8151, 56, 74.02
2026-09-02T20:20:52.807882+08:00,0, NVIDIA GeForce RTX 5060, 54, 3865, 8151, 56, 75.36
2026-09-02T20:20:57.866625+08:00,0, NVIDIA GeForce RTX 5060, 47, 3858, 8151, 59, 74.87
2026-09-02T20:21:02.907658+08:00,0, NVIDIA GeForce RTX 5060, 55, 3869, 8151, 57, 76.17
2026-09-02T20:21:07.947991+08:00,0, NVIDIA GeForce RTX 5060, 53, 3853, 8151, 58, 74.96
2026-09-02T20:21:13.007189+08:00,0, NVIDIA GeForce RTX 5060, 49, 3858, 8151, 59, 74.47
2026-09-02T20:21:18.039676+08:00,0, NVIDIA GeForce RTX 5060, 12, 3853, 8151, 56, 60.51
2026-09-02T20:21:23.076186+08:00,0, NVIDIA GeForce RTX 5060, 15, 3868, 8151, 51, 37.06
2026-09-02T20:21:28.115791+08:00,0, NVIDIA GeForce RTX 5060, 48, 3858, 8151, 58, 55.44
2026-09-02T20:21:33.166226+08:00,0, NVIDIA GeForce RTX 5060, 45, 3871, 8151, 57, 73.96
2026-09-02T20:21:38.209064+08:00,0, NVIDIA GeForce RTX 5060, 49, 3864, 8151, 57, 73.50
2026-09-02T20:21:43.248661+08:00,0, NVIDIA GeForce RTX 5060, 45, 3873, 8151, 58, 73.45
2026-09-02T20:21:48.285676+08:00,0, NVIDIA GeForce RTX 5060, 43, 3863, 8151, 59, 73.10
2026-09-02T20:21:53.328144+08:00,0, NVIDIA GeForce RTX 5060, 53, 3862, 8151, 57, 74.89
2026-09-02T20:21:58.360259+08:00,0, NVIDIA GeForce RTX 5060, 50, 3863, 8151, 57, 75.31
2026-09-02T20:22:03.406352+08:00,0, NVIDIA GeForce RTX 5060, 50, 3873, 8151, 58, 75.56
2026-09-02T20:22:08.452532+08:00,0, NVIDIA GeForce RTX 5060, 43, 3857, 8151, 59, 74.34
2026-09-02T20:22:13.487119+08:00,0, NVIDIA GeForce RTX 5060, 48, 3862, 8151, 60, 74.78
2026-09-02T20:22:18.530649+08:00,0, NVIDIA GeForce RTX 5060, 14, 3848, 8151, 51, 36.27
2026-09-02T20:22:23.576944+08:00,0, NVIDIA GeForce RTX 5060, 15, 3872, 8151, 50, 35.39
2026-09-02T20:22:28.619902+08:00,0, NVIDIA GeForce RTX 5060, 52, 3857, 8151, 58, 74.53
2026-09-02T20:22:33.654123+08:00,0, NVIDIA GeForce RTX 5060, 50, 3868, 8151, 57, 72.94
2026-09-02T20:22:38.697709+08:00,0, NVIDIA GeForce RTX 5060, 45, 3844, 8151, 59, 75.25
2026-09-02T20:22:43.741299+08:00,0, NVIDIA GeForce RTX 5060, 46, 3866, 8151, 57, 74.03
2026-09-02T20:22:48.799921+08:00,0, NVIDIA GeForce RTX 5060, 47, 3858, 8151, 60, 74.46
2026-09-02T20:22:53.841501+08:00,0, NVIDIA GeForce RTX 5060, 51, 3866, 8151, 56, 73.92
2026-09-02T20:22:58.877377+08:00,0, NVIDIA GeForce RTX 5060, 49, 3868, 8151, 57, 73.16
2026-09-02T20:23:03.918065+08:00,0, NVIDIA GeForce RTX 5060, 51, 3869, 8151, 59, 75.81
2026-09-02T20:23:08.955814+08:00,0, NVIDIA GeForce RTX 5060, 50, 3854, 8151, 60, 75.33
2026-09-02T20:23:13.996212+08:00,0, NVIDIA GeForce RTX 5060, 15, 3865, 8151, 52, 36.34
2026-09-02T20:23:19.044126+08:00,0, NVIDIA GeForce RTX 5060, 14, 3843, 8151, 54, 35.50
2026-09-02T20:23:24.083391+08:00,0, NVIDIA GeForce RTX 5060, 48, 3873, 8151, 57, 70.67
2026-09-02T20:23:29.117186+08:00,0, NVIDIA GeForce RTX 5060, 45, 3873, 8151, 56, 74.04
2026-09-02T20:23:34.171078+08:00,0, NVIDIA GeForce RTX 5060, 50, 3859, 8151, 56, 75.21
2026-09-02T20:23:39.212311+08:00,0, NVIDIA GeForce RTX 5060, 53, 3884, 8151, 58, 75.34
2026-09-02T20:23:44.273130+08:00,0, NVIDIA GeForce RTX 5060, 49, 3872, 8151, 56, 73.29
2026-09-02T20:23:49.320278+08:00,0, NVIDIA GeForce RTX 5060, 44, 3864, 8151, 59, 73.54
2026-09-02T20:23:54.370636+08:00,0, NVIDIA GeForce RTX 5060, 42, 3874, 8151, 56, 68.42
2026-09-02T20:23:59.410365+08:00,0, NVIDIA GeForce RTX 5060, 46, 3864, 8151, 59, 67.88
2026-09-02T20:24:04.455572+08:00,0, NVIDIA GeForce RTX 5060, 45, 3863, 8151, 58, 71.17
2026-09-02T20:24:09.543584+08:00,0, NVIDIA GeForce RTX 5060, 5, 3864, 8151, 54, 33.27
2026-09-02T20:24:14.586133+08:00,0, NVIDIA GeForce RTX 5060, 15, 3863, 8151, 50, 32.59
2026-09-02T20:24:19.619891+08:00,0, NVIDIA GeForce RTX 5060, 47, 3864, 8151, 57, 74.06
2026-09-02T20:24:24.671436+08:00,0, NVIDIA GeForce RTX 5060, 46, 3873, 8151, 56, 74.35
2026-09-02T20:24:29.712701+08:00,0, NVIDIA GeForce RTX 5060, 52, 3867, 8151, 57, 73.95
2026-09-02T20:24:34.744630+08:00,0, NVIDIA GeForce RTX 5060, 52, 3876, 8151, 58, 74.72
2026-09-02T20:24:39.794265+08:00,0, NVIDIA GeForce RTX 5060, 45, 3863, 8151, 59, 74.19
2026-09-02T20:24:44.854771+08:00,0, NVIDIA GeForce RTX 5060, 43, 3864, 8151, 59, 74.19
2026-09-02T20:24:49.917381+08:00,0, NVIDIA GeForce RTX 5060, 55, 3863, 8151, 58, 75.51
2026-09-02T20:24:54.960457+08:00,0, NVIDIA GeForce RTX 5060, 46, 3858, 8151, 58, 74.72
2026-09-02T20:25:00.002746+08:00,0, NVIDIA GeForce RTX 5060, 47, 3874, 8151, 58, 73.83
2026-09-02T20:25:05.057162+08:00,0, NVIDIA GeForce RTX 5060, 7, 3863, 8151, 54, 46.89
2026-09-02T20:25:10.124059+08:00,0, NVIDIA GeForce RTX 5060, 9, 3873, 8151, 51, 35.19
2026-09-02T20:25:15.171986+08:00,0, NVIDIA GeForce RTX 5060, 45, 3863, 8151, 55, 57.40
2026-09-02T20:25:20.213585+08:00,0, NVIDIA GeForce RTX 5060, 55, 3862, 8151, 57, 74.81
2026-09-02T20:25:25.299700+08:00,0, NVIDIA GeForce RTX 5060, 31, 3848, 8151, 57, 64.81
2026-09-02T20:25:30.360336+08:00,0, NVIDIA GeForce RTX 5060, 41, 3858, 8151, 56, 66.68
2026-09-02T20:25:35.403977+08:00,0, NVIDIA GeForce RTX 5060, 34, 3869, 8151, 57, 65.60
2026-09-02T20:25:40.453232+08:00,0, NVIDIA GeForce RTX 5060, 34, 3870, 8151, 57, 68.34
2026-09-02T20:25:45.511643+08:00,0, NVIDIA GeForce RTX 5060, 46, 3853, 8151, 55, 68.40
2026-09-02T20:25:50.556277+08:00,0, NVIDIA GeForce RTX 5060, 37, 3857, 8151, 58, 67.74
2026-09-02T20:25:55.615893+08:00,0, NVIDIA GeForce RTX 5060, 38, 3844, 8151, 58, 67.81
2026-09-02T20:26:00.672373+08:00,0, NVIDIA GeForce RTX 5060, 45, 3853, 8151, 56, 65.57
2026-09-02T20:26:05.723182+08:00,0, NVIDIA GeForce RTX 5060, 41, 3869, 8151, 55, 67.67
2026-09-02T20:26:10.772961+08:00,0, NVIDIA GeForce RTX 5060, 14, 3869, 8151, 54, 46.91
2026-09-02T20:26:15.913757+08:00,0, NVIDIA GeForce RTX 5060, 2, 3869, 8151, 53, 32.73
2026-09-02T20:26:20.976479+08:00,0, NVIDIA GeForce RTX 5060, 14, 3858, 8151, 51, 32.13
2026-09-02T20:26:26.025287+08:00,0, NVIDIA GeForce RTX 5060, 55, 3874, 8151, 55, 74.00
2026-09-02T20:26:31.073734+08:00,0, NVIDIA GeForce RTX 5060, 47, 3874, 8151, 55, 73.03
2026-09-02T20:26:36.122105+08:00,0, NVIDIA GeForce RTX 5060, 49, 3862, 8151, 58, 71.52
2026-09-02T20:26:41.167526+08:00,0, NVIDIA GeForce RTX 5060, 50, 3862, 8151, 57, 73.34
2026-09-02T20:26:46.214658+08:00,0, NVIDIA GeForce RTX 5060, 43, 3874, 8151, 55, 71.66
2026-09-02T20:26:51.277633+08:00,0, NVIDIA GeForce RTX 5060, 52, 3874, 8151, 56, 74.99
2026-09-02T20:26:56.334133+08:00,0, NVIDIA GeForce RTX 5060, 43, 3862, 8151, 58, 67.52
2026-09-02T20:27:01.394332+08:00,0, NVIDIA GeForce RTX 5060, 47, 3864, 8151, 56, 71.74
2026-09-02T20:27:06.446102+08:00,0, NVIDIA GeForce RTX 5060, 43, 3863, 8151, 58, 73.25
2026-09-02T20:27:11.505414+08:00,0, NVIDIA GeForce RTX 5060, 14, 3873, 8151, 52, 36.62
2026-09-02T20:27:16.547448+08:00,0, NVIDIA GeForce RTX 5060, 14, 3863, 8151, 51, 35.77
2026-09-02T20:27:21.594665+08:00,0, NVIDIA GeForce RTX 5060, 51, 3873, 8151, 56, 73.96
2026-09-02T20:27:26.644343+08:00,0, NVIDIA GeForce RTX 5060, 51, 3872, 8151, 56, 72.65
2026-09-02T20:27:31.686085+08:00,0, NVIDIA GeForce RTX 5060, 52, 3872, 8151, 58, 74.76
2026-09-02T20:27:36.734896+08:00,0, NVIDIA GeForce RTX 5060, 54, 3872, 8151, 58, 70.15
2026-09-02T20:27:41.790068+08:00,0, NVIDIA GeForce RTX 5060, 46, 3872, 8151, 59, 74.07
2026-09-02T20:27:46.838677+08:00,0, NVIDIA GeForce RTX 5060, 50, 3872, 8151, 56, 74.41
2026-09-02T20:27:51.884226+08:00,0, NVIDIA GeForce RTX 5060, 54, 3858, 8151, 58, 74.86
2026-09-02T20:27:56.928105+08:00,0, NVIDIA GeForce RTX 5060, 55, 3869, 8151, 58, 75.50
2026-09-02T20:28:01.995515+08:00,0, NVIDIA GeForce RTX 5060, 53, 3857, 8151, 57, 74.36
2026-09-02T20:28:07.065744+08:00,0, NVIDIA GeForce RTX 5060, 14, 3868, 8151, 55, 48.47
2026-09-02T20:28:12.109152+08:00,0, NVIDIA GeForce RTX 5060, 16, 3857, 8151, 52, 36.13
2026-09-02T20:28:17.158408+08:00,0, NVIDIA GeForce RTX 5060, 49, 3858, 8151, 56, 73.82
2026-09-02T20:28:22.212993+08:00,0, NVIDIA GeForce RTX 5060, 53, 3858, 8151, 58, 73.96
2026-09-02T20:28:27.277208+08:00,0, NVIDIA GeForce RTX 5060, 46, 3857, 8151, 58, 70.44
2026-09-02T20:28:32.318430+08:00,0, NVIDIA GeForce RTX 5060, 46, 3868, 8151, 58, 74.25
2026-09-02T20:28:37.360165+08:00,0, NVIDIA GeForce RTX 5060, 43, 3857, 8151, 58, 74.45
2026-09-02T20:28:42.404810+08:00,0, NVIDIA GeForce RTX 5060, 52, 3878, 8151, 56, 72.62
2026-09-02T20:28:47.460746+08:00,0, NVIDIA GeForce RTX 5060, 49, 3869, 8151, 57, 73.13
2026-09-02T20:28:52.510208+08:00,0, NVIDIA GeForce RTX 5060, 50, 3870, 8151, 58, 74.53
2026-09-02T20:28:57.561516+08:00,0, NVIDIA GeForce RTX 5060, 52, 3868, 8151, 57, 73.20
2026-09-02T20:29:02.598581+08:00,0, NVIDIA GeForce RTX 5060, 28, 3868, 8151, 56, 64.36
2026-09-02T20:29:07.634006+08:00,0, NVIDIA GeForce RTX 5060, 10, 3868, 8151, 51, 35.25
2026-09-02T20:29:12.675604+08:00,0, NVIDIA GeForce RTX 5060, 14, 3869, 8151, 50, 35.09
2026-09-02T20:29:17.719495+08:00,0, NVIDIA GeForce RTX 5060, 45, 3858, 8151, 57, 72.58
2026-09-02T20:29:22.760449+08:00,0, NVIDIA GeForce RTX 5060, 47, 3859, 8151, 58, 72.57
2026-09-02T20:29:27.806958+08:00,0, NVIDIA GeForce RTX 5060, 48, 3866, 8151, 56, 71.84
2026-09-02T20:29:32.859987+08:00,0, NVIDIA GeForce RTX 5060, 48, 3860, 8151, 58, 71.88
2026-09-02T20:29:37.899122+08:00,0, NVIDIA GeForce RTX 5060, 49, 3868, 8151, 58, 73.56
2026-09-02T20:29:42.971511+08:00,0, NVIDIA GeForce RTX 5060, 42, 3858, 8151, 57, 70.95
2026-09-02T20:29:48.013357+08:00,0, NVIDIA GeForce RTX 5060, 47, 3870, 8151, 58, 72.23
2026-09-02T20:29:53.052395+08:00,0, NVIDIA GeForce RTX 5060, 45, 3876, 8151, 57, 72.11
2026-09-02T20:29:58.128046+08:00,0, NVIDIA GeForce RTX 5060, 43, 3877, 8151, 57, 64.75
2026-09-02T20:30:03.179181+08:00,0, NVIDIA GeForce RTX 5060, 43, 3877, 8151, 57, 68.23
2026-09-02T20:30:08.221346+08:00,0, NVIDIA GeForce RTX 5060, 15, 3876, 8151, 51, 31.58
2026-09-02T20:30:13.272652+08:00,0, NVIDIA GeForce RTX 5060, 15, 3879, 8151, 53, 30.98
2026-09-02T20:30:18.312635+08:00,0, NVIDIA GeForce RTX 5060, 15, 3879, 8151, 48, 32.13
2026-09-02T20:30:23.360659+08:00,0, NVIDIA GeForce RTX 5060, 48, 3867, 8151, 56, 70.77
2026-09-02T20:30:28.401546+08:00,0, NVIDIA GeForce RTX 5060, 45, 3868, 8151, 56, 70.88
2026-09-02T20:30:33.440944+08:00,0, NVIDIA GeForce RTX 5060, 47, 3869, 8151, 54, 71.27
2026-09-02T20:30:38.487097+08:00,0, NVIDIA GeForce RTX 5060, 46, 3864, 8151, 57, 71.25
2026-09-02T20:30:43.540471+08:00,0, NVIDIA GeForce RTX 5060, 43, 3877, 8151, 57, 71.15
2026-09-02T20:30:48.582855+08:00,0, NVIDIA GeForce RTX 5060, 47, 3868, 8151, 55, 71.32
2026-09-02T20:30:53.628716+08:00,0, NVIDIA GeForce RTX 5060, 47, 3869, 8151, 55, 70.97
2026-09-02T20:30:58.679855+08:00,0, NVIDIA GeForce RTX 5060, 46, 3878, 8151, 58, 72.80
2026-09-02T20:31:03.720786+08:00,0, NVIDIA GeForce RTX 5060, 45, 3868, 8151, 56, 69.96
2026-09-02T20:31:08.769533+08:00,0, NVIDIA GeForce RTX 5060, 44, 3881, 8151, 56, 71.29
2026-09-02T20:31:13.812451+08:00,0, NVIDIA GeForce RTX 5060, 14, 3869, 8151, 50, 35.18
2026-09-02T20:31:18.853469+08:00,0, NVIDIA GeForce RTX 5060, 14, 3869, 8151, 50, 33.18
2026-09-02T20:31:23.890992+08:00,0, NVIDIA GeForce RTX 5060, 54, 3868, 8151, 56, 74.79
2026-09-02T20:31:28.942339+08:00,0, NVIDIA GeForce RTX 5060, 43, 3878, 8151, 58, 73.55
2026-09-02T20:31:33.978998+08:00,0, NVIDIA GeForce RTX 5060, 51, 3890, 8151, 58, 74.43
2026-09-02T20:31:39.030516+08:00,0, NVIDIA GeForce RTX 5060, 54, 3879, 8151, 57, 74.82
2026-09-02T20:31:44.104067+08:00,0, NVIDIA GeForce RTX 5060, 49, 3879, 8151, 59, 75.00
2026-09-02T20:31:49.151797+08:00,0, NVIDIA GeForce RTX 5060, 46, 3886, 8151, 55, 71.57
2026-09-02T20:31:54.200967+08:00,0, NVIDIA GeForce RTX 5060, 51, 3878, 8151, 56, 74.33
2026-09-02T20:31:59.244512+08:00,0, NVIDIA GeForce RTX 5060, 47, 3878, 8151, 58, 74.36
2026-09-02T20:32:04.293112+08:00,0, NVIDIA GeForce RTX 5060, 44, 3891, 8151, 58, 74.57
2026-09-02T20:32:09.334502+08:00,0, NVIDIA GeForce RTX 5060, 15, 3879, 8151, 51, 36.08
2026-09-02T20:32:14.372873+08:00,0, NVIDIA GeForce RTX 5060, 5, 3880, 8151, 51, 34.64
2026-09-02T20:32:19.411596+08:00,0, NVIDIA GeForce RTX 5060, 47, 3879, 8151, 57, 74.30
2026-09-02T20:32:24.455621+08:00,0, NVIDIA GeForce RTX 5060, 49, 3879, 8151, 56, 73.95
2026-09-02T20:32:29.504100+08:00,0, NVIDIA GeForce RTX 5060, 45, 3890, 8151, 58, 74.51
2026-09-02T20:32:34.545448+08:00,0, NVIDIA GeForce RTX 5060, 52, 3879, 8151, 56, 74.63
2026-09-02T20:32:39.588639+08:00,0, NVIDIA GeForce RTX 5060, 50, 3879, 8151, 56, 70.68
2026-09-02T20:32:44.630751+08:00,0, NVIDIA GeForce RTX 5060, 46, 3879, 8151, 59, 74.35
2026-09-02T20:32:49.679439+08:00,0, NVIDIA GeForce RTX 5060, 44, 3879, 8151, 59, 73.99
2026-09-02T20:32:54.712870+08:00,0, NVIDIA GeForce RTX 5060, 53, 3879, 8151, 59, 74.38
2026-09-02T20:32:59.751722+08:00,0, NVIDIA GeForce RTX 5060, 45, 3885, 8151, 57, 74.92
2026-09-02T20:33:04.807122+08:00,0, NVIDIA GeForce RTX 5060, 11, 3883, 8151, 54, 36.86
2026-09-02T20:33:09.843289+08:00,0, NVIDIA GeForce RTX 5060, 15, 3884, 8151, 51, 35.28
2026-09-02T20:33:14.895554+08:00,0, NVIDIA GeForce RTX 5060, 49, 3892, 8151, 56, 73.81
2026-09-02T20:33:19.932258+08:00,0, NVIDIA GeForce RTX 5060, 48, 3884, 8151, 56, 72.26
2026-09-02T20:33:24.987169+08:00,0, NVIDIA GeForce RTX 5060, 51, 3884, 8151, 56, 75.17
2026-09-02T20:33:30.023455+08:00,0, NVIDIA GeForce RTX 5060, 23, 3895, 8151, 58, 71.23
2026-09-02T20:33:35.066067+08:00,0, NVIDIA GeForce RTX 5060, 51, 3893, 8151, 58, 74.12
2026-09-02T20:33:40.104588+08:00,0, NVIDIA GeForce RTX 5060, 48, 3883, 8151, 57, 73.72
2026-09-02T20:33:45.141736+08:00,0, NVIDIA GeForce RTX 5060, 51, 3879, 8151, 58, 73.86
2026-09-02T20:33:50.206822+08:00,0, NVIDIA GeForce RTX 5060, 44, 3891, 8151, 60, 73.45
2026-09-02T20:33:55.245086+08:00,0, NVIDIA GeForce RTX 5060, 44, 3879, 8151, 58, 74.42
2026-09-02T20:34:00.295339+08:00,0, NVIDIA GeForce RTX 5060, 15, 3879, 8151, 55, 45.79
2026-09-02T20:34:05.337445+08:00,0, NVIDIA GeForce RTX 5060, 14, 3880, 8151, 51, 34.88
2026-09-02T20:34:10.387503+08:00,0, NVIDIA GeForce RTX 5060, 44, 3889, 8151, 56, 74.08
2026-09-02T20:34:15.428424+08:00,0, NVIDIA GeForce RTX 5060, 46, 3880, 8151, 56, 74.82
2026-09-02T20:34:20.486974+08:00,0, NVIDIA GeForce RTX 5060, 14, 3880, 8151, 58, 69.18
2026-09-02T20:34:25.544802+08:00,0, NVIDIA GeForce RTX 5060, 53, 3880, 8151, 57, 74.70
2026-09-02T20:34:30.599833+08:00,0, NVIDIA GeForce RTX 5060, 54, 3894, 8151, 56, 74.89
2026-09-02T20:34:35.648224+08:00,0, NVIDIA GeForce RTX 5060, 51, 3879, 8151, 56, 74.63
2026-09-02T20:34:40.696063+08:00,0, NVIDIA GeForce RTX 5060, 45, 3890, 8151, 59, 73.93
2026-09-02T20:34:45.739516+08:00,0, NVIDIA GeForce RTX 5060, 45, 3879, 8151, 58, 73.91
2026-09-02T20:34:50.785718+08:00,0, NVIDIA GeForce RTX 5060, 48, 3891, 8151, 57, 74.87
2026-09-02T20:34:55.820129+08:00,0, NVIDIA GeForce RTX 5060, 15, 3890, 8151, 55, 55.56
2026-09-02T20:35:00.872453+08:00,0, NVIDIA GeForce RTX 5060, 14, 3879, 8151, 52, 36.13
2026-09-02T20:35:05.931691+08:00,0, NVIDIA GeForce RTX 5060, 45, 3890, 8151, 57, 49.48
2026-09-02T20:35:10.979908+08:00,0, NVIDIA GeForce RTX 5060, 46, 3890, 8151, 58, 74.79
2026-09-02T20:35:16.028441+08:00,0, NVIDIA GeForce RTX 5060, 50, 3879, 8151, 57, 73.61
2026-09-02T20:35:21.069957+08:00,0, NVIDIA GeForce RTX 5060, 51, 3889, 8151, 57, 74.38
2026-09-02T20:35:26.117789+08:00,0, NVIDIA GeForce RTX 5060, 45, 3890, 8151, 60, 74.38
2026-09-02T20:35:31.169313+08:00,0, NVIDIA GeForce RTX 5060, 50, 3874, 8151, 58, 74.78
2026-09-02T20:35:36.208817+08:00,0, NVIDIA GeForce RTX 5060, 47, 3891, 8151, 58, 73.86
2026-09-02T20:35:41.251263+08:00,0, NVIDIA GeForce RTX 5060, 46, 3891, 8151, 58, 74.17
2026-09-02T20:35:46.298407+08:00,0, NVIDIA GeForce RTX 5060, 52, 3889, 8151, 59, 75.46
2026-09-02T20:35:51.339187+08:00,0, NVIDIA GeForce RTX 5060, 48, 3878, 8151, 59, 74.94
2026-09-02T20:35:56.378200+08:00,0, NVIDIA GeForce RTX 5060, 14, 3879, 8151, 51, 35.02
2026-09-02T20:36:01.414943+08:00,0, NVIDIA GeForce RTX 5060, 14, 3890, 8151, 52, 35.53
2026-09-02T20:36:06.460484+08:00,0, NVIDIA GeForce RTX 5060, 44, 3879, 8151, 57, 73.68
2026-09-02T20:36:11.501173+08:00,0, NVIDIA GeForce RTX 5060, 46, 3889, 8151, 59, 74.73
2026-09-02T20:36:16.548351+08:00,0, NVIDIA GeForce RTX 5060, 45, 3879, 8151, 59, 74.35
2026-09-02T20:36:21.621848+08:00,0, NVIDIA GeForce RTX 5060, 47, 3889, 8151, 58, 72.53
2026-09-02T20:36:26.660478+08:00,0, NVIDIA GeForce RTX 5060, 54, 3879, 8151, 59, 74.54
2026-09-02T20:36:31.711241+08:00,0, NVIDIA GeForce RTX 5060, 49, 3891, 8151, 58, 74.45
2026-09-02T20:36:36.748547+08:00,0, NVIDIA GeForce RTX 5060, 47, 3878, 8151, 57, 75.24
2026-09-02T20:36:41.791016+08:00,0, NVIDIA GeForce RTX 5060, 50, 3890, 8151, 57, 75.55
2026-09-02T20:36:46.839367+08:00,0, NVIDIA GeForce RTX 5060, 44, 3878, 8151, 59, 74.41
2026-09-02T20:36:51.889167+08:00,0, NVIDIA GeForce RTX 5060, 4, 3878, 8151, 56, 33.40
2026-09-02T20:36:56.925258+08:00,0, NVIDIA GeForce RTX 5060, 15, 3879, 8151, 51, 35.01
2026-09-02T20:37:01.973226+08:00,0, NVIDIA GeForce RTX 5060, 47, 3878, 8151, 57, 73.81
2026-09-02T20:37:07.009914+08:00,0, NVIDIA GeForce RTX 5060, 49, 3878, 8151, 57, 74.65
2026-09-02T20:37:12.052257+08:00,0, NVIDIA GeForce RTX 5060, 45, 3889, 8151, 58, 73.80
2026-09-02T20:37:17.097659+08:00,0, NVIDIA GeForce RTX 5060, 46, 3879, 8151, 58, 73.62
2026-09-02T20:37:22.141559+08:00,0, NVIDIA GeForce RTX 5060, 46, 3879, 8151, 59, 73.87
2026-09-02T20:37:27.181659+08:00,0, NVIDIA GeForce RTX 5060, 57, 3879, 8151, 58, 75.20
2026-09-02T20:37:32.232183+08:00,0, NVIDIA GeForce RTX 5060, 54, 3878, 8151, 58, 75.78
2026-09-02T20:37:37.272709+08:00,0, NVIDIA GeForce RTX 5060, 49, 3879, 8151, 57, 74.89
2026-09-02T20:37:42.311906+08:00,0, NVIDIA GeForce RTX 5060, 45, 3886, 8151, 57, 75.13
2026-09-02T20:37:47.365970+08:00,0, NVIDIA GeForce RTX 5060, 14, 3879, 8151, 56, 40.13
2026-09-02T20:37:52.432259+08:00,0, NVIDIA GeForce RTX 5060, 14, 3890, 8151, 51, 33.80
2026-09-02T20:37:57.472377+08:00,0, NVIDIA GeForce RTX 5060, 54, 3878, 8151, 57, 75.49
2026-09-02T20:38:02.517275+08:00,0, NVIDIA GeForce RTX 5060, 54, 3878, 8151, 57, 75.31
2026-09-02T20:38:07.554684+08:00,0, NVIDIA GeForce RTX 5060, 53, 3878, 8151, 57, 75.93
2026-09-02T20:38:12.591238+08:00,0, NVIDIA GeForce RTX 5060, 48, 3890, 8151, 59, 74.97
2026-09-02T20:38:17.626060+08:00,0, NVIDIA GeForce RTX 5060, 45, 3879, 8151, 60, 74.69
2026-09-02T20:38:22.663642+08:00,0, NVIDIA GeForce RTX 5060, 45, 3886, 8151, 57, 73.22
2026-09-02T20:38:27.712436+08:00,0, NVIDIA GeForce RTX 5060, 51, 3878, 8151, 57, 74.73
2026-09-02T20:38:32.755554+08:00,0, NVIDIA GeForce RTX 5060, 51, 3878, 8151, 60, 75.24
2026-09-02T20:38:37.801869+08:00,0, NVIDIA GeForce RTX 5060, 44, 3889, 8151, 58, 74.58
2026-09-02T20:38:42.842802+08:00,0, NVIDIA GeForce RTX 5060, 15, 3879, 8151, 55, 45.58
2026-09-02T20:38:47.897488+08:00,0, NVIDIA GeForce RTX 5060, 14, 3890, 8151, 52, 36.08
2026-09-02T20:38:52.939774+08:00,0, NVIDIA GeForce RTX 5060, 49, 3878, 8151, 55, 73.49
2026-09-02T20:38:57.993531+08:00,0, NVIDIA GeForce RTX 5060, 44, 3886, 8151, 57, 74.39
2026-09-02T20:39:03.033771+08:00,0, NVIDIA GeForce RTX 5060, 50, 3886, 8151, 59, 75.50
2026-09-02T20:39:08.069746+08:00,0, NVIDIA GeForce RTX 5060, 48, 3878, 8151, 58, 76.31
2026-09-02T20:39:13.112707+08:00,0, NVIDIA GeForce RTX 5060, 51, 3890, 8151, 57, 75.56
2026-09-02T20:39:18.152740+08:00,0, NVIDIA GeForce RTX 5060, 48, 3878, 8151, 60, 74.68
2026-09-02T20:39:23.197101+08:00,0, NVIDIA GeForce RTX 5060, 51, 3878, 8151, 58, 74.30
2026-09-02T20:39:28.236379+08:00,0, NVIDIA GeForce RTX 5060, 52, 3878, 8151, 57, 73.32
2026-09-02T20:39:33.295994+08:00,0, NVIDIA GeForce RTX 5060, 52, 3892, 8151, 57, 75.44
2026-09-02T20:39:38.341262+08:00,0, NVIDIA GeForce RTX 5060, 14, 3887, 8151, 54, 47.85
2026-09-02T20:39:43.409937+08:00,0, NVIDIA GeForce RTX 5060, 15, 3878, 8151, 54, 35.15
2026-09-02T20:39:48.456726+08:00,0, NVIDIA GeForce RTX 5060, 51, 3878, 8151, 57, 71.42
2026-09-02T20:39:53.494325+08:00,0, NVIDIA GeForce RTX 5060, 47, 3878, 8151, 58, 74.08
2026-09-02T20:39:58.536044+08:00,0, NVIDIA GeForce RTX 5060, 46, 3888, 8151, 59, 74.77
2026-09-02T20:40:03.578978+08:00,0, NVIDIA GeForce RTX 5060, 48, 3887, 8151, 56, 72.91
2026-09-02T20:40:08.619781+08:00,0, NVIDIA GeForce RTX 5060, 47, 3878, 8151, 59, 74.07
2026-09-02T20:40:13.664489+08:00,0, NVIDIA GeForce RTX 5060, 45, 3879, 8151, 60, 75.10
2026-09-02T20:40:18.706387+08:00,0, NVIDIA GeForce RTX 5060, 43, 3878, 8151, 59, 74.52
2026-09-02T20:40:23.745816+08:00,0, NVIDIA GeForce RTX 5060, 45, 3879, 8151, 59, 75.21
2026-09-02T20:40:28.777771+08:00,0, NVIDIA GeForce RTX 5060, 51, 3879, 8151, 59, 75.25
2026-09-02T20:40:33.814884+08:00,0, NVIDIA GeForce RTX 5060, 15, 3878, 8151, 55, 53.75
2026-09-02T20:40:38.858856+08:00,0, NVIDIA GeForce RTX 5060, 14, 3878, 8151, 52, 33.71
2026-09-02T20:40:43.897441+08:00,0, NVIDIA GeForce RTX 5060, 54, 3878, 8151, 56, 50.88
2026-09-02T20:40:48.948304+08:00,0, NVIDIA GeForce RTX 5060, 46, 3878, 8151, 58, 74.46
2026-09-02T20:40:54.000283+08:00,0, NVIDIA GeForce RTX 5060, 56, 3879, 8151, 58, 74.93
2026-09-02T20:40:59.037529+08:00,0, NVIDIA GeForce RTX 5060, 51, 3878, 8151, 58, 74.73
2026-09-02T20:41:04.077425+08:00,0, NVIDIA GeForce RTX 5060, 51, 3878, 8151, 57, 75.13
2026-09-02T20:41:09.130968+08:00,0, NVIDIA GeForce RTX 5060, 53, 3878, 8151, 57, 74.91
2026-09-02T20:41:14.179107+08:00,0, NVIDIA GeForce RTX 5060, 46, 3889, 8151, 60, 75.25
2026-09-02T20:41:19.225402+08:00,0, NVIDIA GeForce RTX 5060, 49, 3880, 8151, 59, 75.26
2026-09-02T20:41:24.266758+08:00,0, NVIDIA GeForce RTX 5060, 47, 3879, 8151, 60, 75.96
2026-09-02T20:41:29.315774+08:00,0, NVIDIA GeForce RTX 5060, 14, 3879, 8151, 55, 66.59
2026-09-02T20:41:34.362828+08:00,0, NVIDIA GeForce RTX 5060, 15, 3887, 8151, 52, 36.22
2026-09-02T20:41:39.405466+08:00,0, NVIDIA GeForce RTX 5060, 16, 3879, 8151, 53, 40.70
2026-09-02T20:41:44.447266+08:00,0, NVIDIA GeForce RTX 5060, 44, 3879, 8151, 56, 73.99
2026-09-02T20:41:49.496746+08:00,0, NVIDIA GeForce RTX 5060, 51, 3879, 8151, 56, 74.36
2026-09-02T20:41:54.540446+08:00,0, NVIDIA GeForce RTX 5060, 46, 3879, 8151, 58, 74.97
2026-09-02T20:41:59.597765+08:00,0, NVIDIA GeForce RTX 5060, 51, 3887, 8151, 57, 76.02
2026-09-02T20:42:04.637833+08:00,0, NVIDIA GeForce RTX 5060, 48, 3879, 8151, 59, 74.79
2026-09-02T20:42:09.674658+08:00,0, NVIDIA GeForce RTX 5060, 46, 3879, 8151, 59, 74.35
2026-09-02T20:42:14.718316+08:00,0, NVIDIA GeForce RTX 5060, 50, 3879, 8151, 57, 75.60
2026-09-02T20:42:19.760552+08:00,0, NVIDIA GeForce RTX 5060, 51, 3879, 8151, 57, 74.71
2026-09-02T20:42:24.797880+08:00,0, NVIDIA GeForce RTX 5060, 49, 3879, 8151, 59, 72.73
2026-09-02T20:42:29.829690+08:00,0, NVIDIA GeForce RTX 5060, 16, 3890, 8151, 52, 36.37
2026-09-02T20:42:34.886894+08:00,0, NVIDIA GeForce RTX 5060, 15, 3879, 8151, 54, 35.73
2026-09-02T20:42:39.941848+08:00,0, NVIDIA GeForce RTX 5060, 51, 3879, 8151, 59, 74.39
2026-09-02T20:42:44.982145+08:00,0, NVIDIA GeForce RTX 5060, 45, 3879, 8151, 56, 74.54
2026-09-02T20:42:50.032458+08:00,0, NVIDIA GeForce RTX 5060, 53, 3879, 8151, 59, 75.00
2026-09-02T20:42:55.068550+08:00,0, NVIDIA GeForce RTX 5060, 52, 3887, 8151, 59, 74.66
2026-09-02T20:43:00.108392+08:00,0, NVIDIA GeForce RTX 5060, 50, 3880, 8151, 58, 74.58
2026-09-02T20:43:05.161877+08:00,0, NVIDIA GeForce RTX 5060, 52, 3879, 8151, 58, 74.08
2026-09-02T20:43:10.206990+08:00,0, NVIDIA GeForce RTX 5060, 49, 3895, 8151, 59, 74.52
2026-09-02T20:43:15.241243+08:00,0, NVIDIA GeForce RTX 5060, 48, 3884, 8151, 57, 74.02
2026-09-02T20:43:20.296279+08:00,0, NVIDIA GeForce RTX 5060, 49, 3895, 8151, 58, 75.19
2026-09-02T20:43:25.342467+08:00,0, NVIDIA GeForce RTX 5060, 11, 3882, 8151, 53, 35.46
2026-09-02T20:43:30.385956+08:00,0, NVIDIA GeForce RTX 5060, 14, 3883, 8151, 51, 35.83
2026-09-02T20:43:35.439383+08:00,0, NVIDIA GeForce RTX 5060, 46, 3883, 8151, 57, 74.79
2026-09-02T20:43:40.483591+08:00,0, NVIDIA GeForce RTX 5060, 54, 3883, 8151, 59, 76.24
2026-09-02T20:43:45.531818+08:00,0, NVIDIA GeForce RTX 5060, 46, 3888, 8151, 58, 74.79
2026-09-02T20:43:50.567284+08:00,0, NVIDIA GeForce RTX 5060, 50, 3888, 8151, 58, 74.24
2026-09-02T20:43:55.613282+08:00,0, NVIDIA GeForce RTX 5060, 51, 3880, 8151, 57, 74.38
2026-09-02T20:44:00.649772+08:00,0, NVIDIA GeForce RTX 5060, 45, 3879, 8151, 57, 74.66
2026-09-02T20:44:05.700898+08:00,0, NVIDIA GeForce RTX 5060, 46, 3890, 8151, 57, 75.32
2026-09-02T20:44:10.751966+08:00,0, NVIDIA GeForce RTX 5060, 52, 3887, 8151, 57, 72.85
2026-09-02T20:44:15.793309+08:00,0, NVIDIA GeForce RTX 5060, 49, 3887, 8151, 60, 75.21
2026-09-02T20:44:20.833844+08:00,0, NVIDIA GeForce RTX 5060, 9, 3887, 8151, 52, 35.38
2026-09-02T20:44:25.869055+08:00,0, NVIDIA GeForce RTX 5060, 15, 3888, 8151, 55, 35.56
2026-09-02T20:44:30.907254+08:00,0, NVIDIA GeForce RTX 5060, 50, 3893, 8151, 57, 72.52
2026-09-02T20:44:35.951819+08:00,0, NVIDIA GeForce RTX 5060, 46, 3888, 8151, 58, 74.67
2026-09-02T20:44:41.004357+08:00,0, NVIDIA GeForce RTX 5060, 43, 3892, 8151, 58, 74.99
2026-09-02T20:44:46.051602+08:00,0, NVIDIA GeForce RTX 5060, 53, 3880, 8151, 58, 75.48
2026-09-02T20:44:51.088394+08:00,0, NVIDIA GeForce RTX 5060, 44, 3890, 8151, 60, 75.32
2026-09-02T20:44:56.143705+08:00,0, NVIDIA GeForce RTX 5060, 52, 3891, 8151, 58, 75.64
2026-09-02T20:45:01.202280+08:00,0, NVIDIA GeForce RTX 5060, 54, 3888, 8151, 58, 76.07
2026-09-02T20:45:06.243859+08:00,0, NVIDIA GeForce RTX 5060, 53, 3890, 8151, 57, 75.12
2026-09-02T20:45:11.304295+08:00,0, NVIDIA GeForce RTX 5060, 48, 3891, 8151, 59, 75.78
2026-09-02T20:45:16.342048+08:00,0, NVIDIA GeForce RTX 5060, 14, 3891, 8151, 55, 36.63
2026-09-02T20:45:21.388859+08:00,0, NVIDIA GeForce RTX 5060, 14, 3890, 8151, 51, 35.93
2026-09-02T20:45:26.435350+08:00,0, NVIDIA GeForce RTX 5060, 51, 3878, 8151, 57, 75.26
2026-09-02T20:45:31.472466+08:00,0, NVIDIA GeForce RTX 5060, 50, 3878, 8151, 57, 74.09
2026-09-02T20:45:36.512754+08:00,0, NVIDIA GeForce RTX 5060, 53, 3879, 8151, 58, 75.82
2026-09-02T20:45:41.563362+08:00,0, NVIDIA GeForce RTX 5060, 46, 3891, 8151, 58, 73.86
2026-09-02T20:45:46.602899+08:00,0, NVIDIA GeForce RTX 5060, 46, 3890, 8151, 59, 74.72
2026-09-02T20:45:51.659371+08:00,0, NVIDIA GeForce RTX 5060, 46, 3886, 8151, 58, 73.35
2026-09-02T20:45:56.703852+08:00,0, NVIDIA GeForce RTX 5060, 50, 3879, 8151, 58, 74.33
2026-09-02T20:46:01.744465+08:00,0, NVIDIA GeForce RTX 5060, 44, 3891, 8151, 59, 74.66
2026-09-02T20:46:06.787744+08:00,0, NVIDIA GeForce RTX 5060, 46, 3879, 8151, 60, 75.26
2026-09-02T20:46:11.824182+08:00,0, NVIDIA GeForce RTX 5060, 16, 3890, 8151, 53, 40.27
2026-09-02T20:46:16.878544+08:00,0, NVIDIA GeForce RTX 5060, 12, 3887, 8151, 51, 34.67
2026-09-02T20:46:21.914322+08:00,0, NVIDIA GeForce RTX 5060, 51, 3888, 8151, 58, 74.38
2026-09-02T20:46:26.966033+08:00,0, NVIDIA GeForce RTX 5060, 51, 3880, 8151, 59, 73.21
2026-09-02T20:46:32.006364+08:00,0, NVIDIA GeForce RTX 5060, 55, 3888, 8151, 58, 75.15
2026-09-02T20:46:37.046640+08:00,0, NVIDIA GeForce RTX 5060, 52, 3888, 8151, 59, 74.88
2026-09-02T20:46:42.089536+08:00,0, NVIDIA GeForce RTX 5060, 53, 3888, 8151, 59, 76.22
2026-09-02T20:46:47.137539+08:00,0, NVIDIA GeForce RTX 5060, 47, 3887, 8151, 59, 75.53
2026-09-02T20:46:52.185511+08:00,0, NVIDIA GeForce RTX 5060, 51, 3887, 8151, 59, 75.40
2026-09-02T20:46:57.236573+08:00,0, NVIDIA GeForce RTX 5060, 49, 3888, 8151, 60, 75.22
2026-09-02T20:47:02.287303+08:00,0, NVIDIA GeForce RTX 5060, 45, 3887, 8151, 61, 75.96
2026-09-02T20:47:07.328625+08:00,0, NVIDIA GeForce RTX 5060, 13, 3887, 8151, 54, 46.46
2026-09-02T20:47:12.374640+08:00,0, NVIDIA GeForce RTX 5060, 14, 3878, 8151, 54, 35.27
2026-09-02T20:47:17.420888+08:00,0, NVIDIA GeForce RTX 5060, 55, 3887, 8151, 58, 76.79
2026-09-02T20:47:22.459825+08:00,0, NVIDIA GeForce RTX 5060, 53, 3887, 8151, 58, 74.46
2026-09-02T20:47:27.517428+08:00,0, NVIDIA GeForce RTX 5060, 45, 3887, 8151, 58, 74.44
2026-09-02T20:47:32.555803+08:00,0, NVIDIA GeForce RTX 5060, 46, 3887, 8151, 59, 76.28
2026-09-02T20:47:37.608177+08:00,0, NVIDIA GeForce RTX 5060, 50, 3887, 8151, 57, 75.37
2026-09-02T20:47:42.645175+08:00,0, NVIDIA GeForce RTX 5060, 49, 3879, 8151, 57, 75.45
2026-09-02T20:47:47.692122+08:00,0, NVIDIA GeForce RTX 5060, 47, 3879, 8151, 59, 74.98
2026-09-02T20:47:52.735469+08:00,0, NVIDIA GeForce RTX 5060, 45, 3878, 8151, 58, 74.91
2026-09-02T20:47:57.779273+08:00,0, NVIDIA GeForce RTX 5060, 53, 3879, 8151, 58, 76.00
2026-09-02T20:48:02.816798+08:00,0, NVIDIA GeForce RTX 5060, 14, 3878, 8151, 55, 44.74
2026-09-02T20:48:07.859610+08:00,0, NVIDIA GeForce RTX 5060, 2, 3889, 8151, 52, 35.09
2026-09-02T20:48:12.894352+08:00,0, NVIDIA GeForce RTX 5060, 50, 3879, 8151, 58, 74.76
2026-09-02T20:48:17.937796+08:00,0, NVIDIA GeForce RTX 5060, 54, 3879, 8151, 57, 76.04
2026-09-02T20:48:22.978609+08:00,0, NVIDIA GeForce RTX 5060, 49, 3879, 8151, 59, 75.39
2026-09-02T20:48:28.027299+08:00,0, NVIDIA GeForce RTX 5060, 47, 3879, 8151, 59, 75.00
2026-09-02T20:48:33.068915+08:00,0, NVIDIA GeForce RTX 5060, 48, 3889, 8151, 58, 76.42
2026-09-02T20:48:38.114667+08:00,0, NVIDIA GeForce RTX 5060, 51, 3891, 8151, 57, 75.41
2026-09-02T20:48:43.163044+08:00,0, NVIDIA GeForce RTX 5060, 54, 3887, 8151, 58, 77.11
2026-09-02T20:48:48.207449+08:00,0, NVIDIA GeForce RTX 5060, 53, 3879, 8151, 58, 75.94
2026-09-02T20:48:53.250526+08:00,0, NVIDIA GeForce RTX 5060, 50, 3886, 8151, 57, 74.14
2026-09-02T20:48:58.288344+08:00,0, NVIDIA GeForce RTX 5060, 14, 3887, 8151, 57, 44.23
2026-09-02T20:49:03.336057+08:00,0, NVIDIA GeForce RTX 5060, 15, 3880, 8151, 52, 33.70
2026-09-02T20:49:08.373361+08:00,0, NVIDIA GeForce RTX 5060, 51, 3878, 8151, 57, 74.96
2026-09-02T20:49:13.410158+08:00,0, NVIDIA GeForce RTX 5060, 51, 3886, 8151, 58, 74.56
2026-09-02T20:49:18.460518+08:00,0, NVIDIA GeForce RTX 5060, 45, 3878, 8151, 57, 74.09
2026-09-02T20:49:23.503590+08:00,0, NVIDIA GeForce RTX 5060, 46, 3887, 8151, 57, 71.61
2026-09-02T20:49:28.566329+08:00,0, NVIDIA GeForce RTX 5060, 47, 3880, 8151, 57, 73.65
2026-09-02T20:49:33.619353+08:00,0, NVIDIA GeForce RTX 5060, 42, 3892, 8151, 59, 74.23
2026-09-02T20:49:38.684389+08:00,0, NVIDIA GeForce RTX 5060, 49, 3892, 8151, 60, 75.39
2026-09-02T20:49:43.730952+08:00,0, NVIDIA GeForce RTX 5060, 54, 3883, 8151, 57, 75.15
2026-09-02T20:49:48.771239+08:00,0, NVIDIA GeForce RTX 5060, 50, 3883, 8151, 61, 75.54
2026-09-02T20:49:53.818149+08:00,0, NVIDIA GeForce RTX 5060, 14, 3884, 8151, 56, 48.84
2026-09-02T20:49:58.855521+08:00,0, NVIDIA GeForce RTX 5060, 10, 3884, 8151, 52, 33.74
2026-09-02T20:50:03.912388+08:00,0, NVIDIA GeForce RTX 5060, 51, 3883, 8151, 56, 74.14
2026-09-02T20:50:08.952400+08:00,0, NVIDIA GeForce RTX 5060, 48, 3891, 8151, 57, 73.65
2026-09-02T20:50:13.993243+08:00,0, NVIDIA GeForce RTX 5060, 48, 3894, 8151, 56, 74.58
2026-09-02T20:50:19.032627+08:00,0, NVIDIA GeForce RTX 5060, 45, 3895, 8151, 60, 74.60
2026-09-02T20:50:24.079826+08:00,0, NVIDIA GeForce RTX 5060, 50, 3883, 8151, 57, 74.70
2026-09-02T20:50:29.116781+08:00,0, NVIDIA GeForce RTX 5060, 49, 3879, 8151, 58, 75.95
2026-09-02T20:50:34.160091+08:00,0, NVIDIA GeForce RTX 5060, 45, 3878, 8151, 59, 75.28
2026-09-02T20:50:39.212259+08:00,0, NVIDIA GeForce RTX 5060, 45, 3891, 8151, 60, 74.99
2026-09-02T20:50:44.249826+08:00,0, NVIDIA GeForce RTX 5060, 45, 3879, 8151, 61, 75.50
2026-09-02T20:50:49.295680+08:00,0, NVIDIA GeForce RTX 5060, 14, 3879, 8151, 56, 47.99
2026-09-02T20:50:54.347641+08:00,0, NVIDIA GeForce RTX 5060, 14, 3880, 8151, 52, 36.08
2026-09-02T20:50:59.401403+08:00,0, NVIDIA GeForce RTX 5060, 55, 3880, 8151, 57, 75.68
2026-09-02T20:51:04.439332+08:00,0, NVIDIA GeForce RTX 5060, 54, 3880, 8151, 57, 76.05
2026-09-02T20:51:09.482934+08:00,0, NVIDIA GeForce RTX 5060, 48, 3889, 8151, 60, 75.50
2026-09-02T20:51:14.522443+08:00,0, NVIDIA GeForce RTX 5060, 53, 3880, 8151, 57, 75.74
2026-09-02T20:51:19.561053+08:00,0, NVIDIA GeForce RTX 5060, 46, 3879, 8151, 60, 74.93
2026-09-02T20:51:24.612070+08:00,0, NVIDIA GeForce RTX 5060, 48, 3880, 8151, 59, 76.15
2026-09-02T20:51:29.654562+08:00,0, NVIDIA GeForce RTX 5060, 48, 3879, 8151, 58, 75.80
2026-09-02T20:51:34.692954+08:00,0, NVIDIA GeForce RTX 5060, 53, 3879, 8151, 59, 75.66
2026-09-02T20:51:39.743367+08:00,0, NVIDIA GeForce RTX 5060, 47, 3879, 8151, 60, 75.51
2026-09-02T20:51:44.780446+08:00,0, NVIDIA GeForce RTX 5060, 14, 3879, 8151, 55, 46.11
2026-09-02T20:51:49.818725+08:00,0, NVIDIA GeForce RTX 5060, 14, 3879, 8151, 53, 35.01
2026-09-02T20:51:54.861519+08:00,0, NVIDIA GeForce RTX 5060, 46, 3890, 8151, 57, 70.70
2026-09-02T20:51:59.904391+08:00,0, NVIDIA GeForce RTX 5060, 54, 3887, 8151, 57, 76.23
2026-09-02T20:52:04.964081+08:00,0, NVIDIA GeForce RTX 5060, 52, 3879, 8151, 58, 75.75
2026-09-02T20:52:10.015333+08:00,0, NVIDIA GeForce RTX 5060, 45, 3879, 8151, 59, 75.18
2026-09-02T20:52:15.070064+08:00,0, NVIDIA GeForce RTX 5060, 45, 3889, 8151, 59, 75.03
2026-09-02T20:52:20.113093+08:00,0, NVIDIA GeForce RTX 5060, 53, 3880, 8151, 59, 75.30
2026-09-02T20:52:25.154833+08:00,0, NVIDIA GeForce RTX 5060, 48, 3891, 8151, 57, 73.08
2026-09-02T20:52:30.195071+08:00,0, NVIDIA GeForce RTX 5060, 48, 3888, 8151, 58, 72.55
2026-09-02T20:52:35.237122+08:00,0, NVIDIA GeForce RTX 5060, 47, 3888, 8151, 60, 74.56
2026-09-02T20:52:40.281922+08:00,0, NVIDIA GeForce RTX 5060, 13, 3879, 8151, 60, 64.20
2026-09-02T20:52:45.336050+08:00,0, NVIDIA GeForce RTX 5060, 15, 3891, 8151, 54, 36.45
2026-09-02T20:52:50.383362+08:00,0, NVIDIA GeForce RTX 5060, 19, 3891, 8151, 53, 36.28
2026-09-02T20:52:55.424543+08:00,0, NVIDIA GeForce RTX 5060, 47, 3890, 8151, 56, 72.61
2026-09-02T20:53:00.473506+08:00,0, NVIDIA GeForce RTX 5060, 48, 3879, 8151, 58, 72.71
2026-09-02T20:53:05.513553+08:00,0, NVIDIA GeForce RTX 5060, 51, 3879, 8151, 58, 73.80
2026-09-02T20:53:10.553206+08:00,0, NVIDIA GeForce RTX 5060, 47, 3879, 8151, 57, 74.63
2026-09-02T20:53:15.598765+08:00,0, NVIDIA GeForce RTX 5060, 54, 3879, 8151, 58, 74.76
2026-09-02T20:53:20.645876+08:00,0, NVIDIA GeForce RTX 5060, 50, 3878, 8151, 59, 74.94
2026-09-02T20:53:25.683535+08:00,0, NVIDIA GeForce RTX 5060, 52, 3879, 8151, 59, 75.09
2026-09-02T20:53:30.725826+08:00,0, NVIDIA GeForce RTX 5060, 51, 3890, 8151, 58, 74.27
2026-09-02T20:53:35.776235+08:00,0, NVIDIA GeForce RTX 5060, 53, 3879, 8151, 57, 75.30
2026-09-02T20:53:40.814056+08:00,0, NVIDIA GeForce RTX 5060, 15, 3889, 8151, 53, 33.30
2026-09-02T20:53:45.860201+08:00,0, NVIDIA GeForce RTX 5060, 14, 3879, 8151, 51, 34.20
2026-09-02T20:53:50.918234+08:00,0, NVIDIA GeForce RTX 5060, 44, 3879, 8151, 59, 70.42
2026-09-02T20:53:55.962630+08:00,0, NVIDIA GeForce RTX 5060, 48, 3890, 8151, 58, 74.65
2026-09-02T20:54:01.008084+08:00,0, NVIDIA GeForce RTX 5060, 51, 3879, 8151, 59, 74.89
2026-09-02T20:54:06.045036+08:00,0, NVIDIA GeForce RTX 5060, 45, 3879, 8151, 56, 72.85
2026-09-02T20:54:11.100097+08:00,0, NVIDIA GeForce RTX 5060, 50, 3879, 8151, 59, 75.53
2026-09-02T20:54:16.149085+08:00,0, NVIDIA GeForce RTX 5060, 54, 3887, 8151, 58, 74.54
2026-09-02T20:54:21.199131+08:00,0, NVIDIA GeForce RTX 5060, 46, 3887, 8151, 60, 75.27
2026-09-02T20:54:26.259627+08:00,0, NVIDIA GeForce RTX 5060, 48, 3891, 8151, 58, 75.56
2026-09-02T20:54:31.303281+08:00,0, NVIDIA GeForce RTX 5060, 49, 3884, 8151, 59, 74.44
2026-09-02T20:54:36.348295+08:00,0, NVIDIA GeForce RTX 5060, 14, 3901, 8151, 52, 34.90
2026-09-02T20:54:41.385861+08:00,0, NVIDIA GeForce RTX 5060, 12, 3888, 8151, 51, 35.51
2026-09-02T20:54:46.439028+08:00,0, NVIDIA GeForce RTX 5060, 54, 3887, 8151, 58, 75.08
2026-09-02T20:54:51.476940+08:00,0, NVIDIA GeForce RTX 5060, 50, 3887, 8151, 59, 75.39
2026-09-02T20:54:56.512081+08:00,0, NVIDIA GeForce RTX 5060, 55, 3888, 8151, 57, 77.37
2026-09-02T20:55:01.560097+08:00,0, NVIDIA GeForce RTX 5060, 53, 3888, 8151, 57, 74.90
2026-09-02T20:55:06.599084+08:00,0, NVIDIA GeForce RTX 5060, 48, 3887, 8151, 57, 75.96
2026-09-02T20:55:11.639213+08:00,0, NVIDIA GeForce RTX 5060, 44, 3888, 8151, 60, 75.31
2026-09-02T20:55:16.679525+08:00,0, NVIDIA GeForce RTX 5060, 45, 3897, 8151, 60, 74.81
2026-09-02T20:55:21.728870+08:00,0, NVIDIA GeForce RTX 5060, 44, 3887, 8151, 61, 74.64
2026-09-02T20:55:26.766034+08:00,0, NVIDIA GeForce RTX 5060, 47, 3887, 8151, 59, 75.71
2026-09-02T20:55:31.823969+08:00,0, NVIDIA GeForce RTX 5060, 15, 3887, 8151, 53, 34.88
2026-09-02T20:55:36.859416+08:00,0, NVIDIA GeForce RTX 5060, 15, 3898, 8151, 52, 34.77
2026-09-02T20:55:41.920154+08:00,0, NVIDIA GeForce RTX 5060, 50, 3887, 8151, 56, 75.03
2026-09-02T20:55:46.979649+08:00,0, NVIDIA GeForce RTX 5060, 49, 3887, 8151, 58, 73.10
2026-09-02T20:55:52.014607+08:00,0, NVIDIA GeForce RTX 5060, 52, 3888, 8151, 58, 73.43
2026-09-02T20:55:57.061852+08:00,0, NVIDIA GeForce RTX 5060, 51, 3888, 8151, 59, 73.77
2026-09-02T20:56:02.104163+08:00,0, NVIDIA GeForce RTX 5060, 46, 3887, 8151, 60, 74.57
2026-09-02T20:56:07.149490+08:00,0, NVIDIA GeForce RTX 5060, 46, 3887, 8151, 59, 71.68
2026-09-02T20:56:12.191557+08:00,0, NVIDIA GeForce RTX 5060, 46, 3888, 8151, 60, 74.86
2026-09-02T20:56:17.241915+08:00,0, NVIDIA GeForce RTX 5060, 45, 3887, 8151, 61, 75.58
2026-09-02T20:56:22.275170+08:00,0, NVIDIA GeForce RTX 5060, 52, 3887, 8151, 59, 74.94
2026-09-02T20:56:27.324209+08:00,0, NVIDIA GeForce RTX 5060, 14, 3883, 8151, 54, 42.13
2026-09-02T20:56:32.371081+08:00,0, NVIDIA GeForce RTX 5060, 14, 3879, 8151, 51, 33.56
2026-09-02T20:56:37.407993+08:00,0, NVIDIA GeForce RTX 5060, 47, 3887, 8151, 57, 75.09
2026-09-02T20:56:42.450272+08:00,0, NVIDIA GeForce RTX 5060, 51, 3887, 8151, 58, 75.49
2026-09-02T20:56:47.489511+08:00,0, NVIDIA GeForce RTX 5060, 48, 3880, 8151, 58, 75.61
2026-09-02T20:56:52.529757+08:00,0, NVIDIA GeForce RTX 5060, 44, 3879, 8151, 59, 74.93
2026-09-02T20:56:57.579626+08:00,0, NVIDIA GeForce RTX 5060, 51, 3879, 8151, 58, 70.92
2026-09-02T20:57:02.622829+08:00,0, NVIDIA GeForce RTX 5060, 50, 3886, 8151, 60, 75.41
2026-09-02T20:57:07.661720+08:00,0, NVIDIA GeForce RTX 5060, 47, 3878, 8151, 58, 75.90
2026-09-02T20:57:12.711917+08:00,0, NVIDIA GeForce RTX 5060, 51, 3887, 8151, 58, 75.48
2026-09-02T20:57:17.752472+08:00,0, NVIDIA GeForce RTX 5060, 46, 3887, 8151, 60, 76.31
2026-09-02T20:57:22.794530+08:00,0, NVIDIA GeForce RTX 5060, 14, 3886, 8151, 53, 41.74
2026-09-02T20:57:27.853135+08:00,0, NVIDIA GeForce RTX 5060, 11, 3879, 8151, 52, 34.75
2026-09-02T20:57:32.907277+08:00,0, NVIDIA GeForce RTX 5060, 48, 3879, 8151, 56, 74.58
2026-09-02T20:57:37.950834+08:00,0, NVIDIA GeForce RTX 5060, 54, 3889, 8151, 58, 75.15
2026-09-02T20:57:43.005854+08:00,0, NVIDIA GeForce RTX 5060, 54, 3879, 8151, 58, 76.11
2026-09-02T20:57:48.053697+08:00,0, NVIDIA GeForce RTX 5060, 53, 3879, 8151, 60, 75.73
2026-09-02T20:57:53.103777+08:00,0, NVIDIA GeForce RTX 5060, 47, 3879, 8151, 59, 75.29
2026-09-02T20:57:58.151209+08:00,0, NVIDIA GeForce RTX 5060, 55, 3879, 8151, 58, 75.79
2026-09-02T20:58:03.194601+08:00,0, NVIDIA GeForce RTX 5060, 52, 3879, 8151, 58, 75.99
2026-09-02T20:58:08.231876+08:00,0, NVIDIA GeForce RTX 5060, 46, 3879, 8151, 61, 75.26
2026-09-02T20:58:13.281755+08:00,0, NVIDIA GeForce RTX 5060, 52, 3887, 8151, 59, 74.71
2026-09-02T20:58:18.326430+08:00,0, NVIDIA GeForce RTX 5060, 15, 3890, 8151, 54, 37.73
2026-09-02T20:58:23.361563+08:00,0, NVIDIA GeForce RTX 5060, 15, 3879, 8151, 51, 34.94
2026-09-02T20:58:28.399691+08:00,0, NVIDIA GeForce RTX 5060, 49, 3878, 8151, 58, 74.94
2026-09-02T20:58:33.433459+08:00,0, NVIDIA GeForce RTX 5060, 46, 3879, 8151, 59, 74.19
2026-09-02T20:58:38.475518+08:00,0, NVIDIA GeForce RTX 5060, 53, 3878, 8151, 60, 74.82
2026-09-02T20:58:43.524778+08:00,0, NVIDIA GeForce RTX 5060, 48, 3886, 8151, 57, 74.72
2026-09-02T20:58:48.562120+08:00,0, NVIDIA GeForce RTX 5060, 50, 3887, 8151, 57, 74.41
2026-09-02T20:58:53.605413+08:00,0, NVIDIA GeForce RTX 5060, 51, 3879, 8151, 57, 75.97
2026-09-02T20:58:58.647521+08:00,0, NVIDIA GeForce RTX 5060, 49, 3879, 8151, 59, 74.26
2026-09-02T20:59:03.694657+08:00,0, NVIDIA GeForce RTX 5060, 49, 3878, 8151, 57, 73.26
2026-09-02T20:59:08.742862+08:00,0, NVIDIA GeForce RTX 5060, 45, 3878, 8151, 58, 73.31
2026-09-02T20:59:13.775757+08:00,0, NVIDIA GeForce RTX 5060, 14, 3887, 8151, 55, 47.99
2026-09-02T20:59:18.814569+08:00,0, NVIDIA GeForce RTX 5060, 14, 3887, 8151, 53, 34.83
2026-09-02T20:59:23.866593+08:00,0, NVIDIA GeForce RTX 5060, 46, 3888, 8151, 55, 71.33
2026-09-02T20:59:28.906654+08:00,0, NVIDIA GeForce RTX 5060, 47, 3887, 8151, 55, 71.63
2026-09-02T20:59:33.956697+08:00,0, NVIDIA GeForce RTX 5060, 46, 3892, 8151, 57, 75.47
2026-09-02T20:59:38.993882+08:00,0, NVIDIA GeForce RTX 5060, 44, 3889, 8151, 57, 74.70
2026-09-02T20:59:44.026579+08:00,0, NVIDIA GeForce RTX 5060, 49, 3887, 8151, 59, 74.34
2026-09-02T20:59:49.076188+08:00,0, NVIDIA GeForce RTX 5060, 56, 3880, 8151, 60, 77.20
2026-09-02T20:59:54.118062+08:00,0, NVIDIA GeForce RTX 5060, 44, 3872, 8151, 59, 74.48
2026-09-02T20:59:59.157230+08:00,0, NVIDIA GeForce RTX 5060, 47, 3876, 8151, 60, 76.16
2026-09-02T21:00:04.196114+08:00,0, NVIDIA GeForce RTX 5060, 52, 3868, 8151, 57, 75.70
2026-09-02T21:00:09.267087+08:00,0, NVIDIA GeForce RTX 5060, 14, 3869, 8151, 55, 49.12
2026-09-02T21:00:14.315095+08:00,0, NVIDIA GeForce RTX 5060, 14, 3869, 8151, 52, 35.25
2026-09-02T21:00:19.355083+08:00,0, NVIDIA GeForce RTX 5060, 44, 3876, 8151, 56, 58.85
2026-09-02T21:00:24.397102+08:00,0, NVIDIA GeForce RTX 5060, 56, 3877, 8151, 56, 76.01
2026-09-02T21:00:29.437442+08:00,0, NVIDIA GeForce RTX 5060, 49, 3879, 8151, 58, 74.95
2026-09-02T21:00:34.476326+08:00,0, NVIDIA GeForce RTX 5060, 48, 3870, 8151, 58, 75.81
2026-09-02T21:00:39.529091+08:00,0, NVIDIA GeForce RTX 5060, 45, 3865, 8151, 59, 74.89
2026-09-02T21:00:44.566472+08:00,0, NVIDIA GeForce RTX 5060, 47, 3876, 8151, 58, 75.10
2026-09-02T21:00:49.609562+08:00,0, NVIDIA GeForce RTX 5060, 44, 3869, 8151, 58, 74.99
2026-09-02T21:00:54.650595+08:00,0, NVIDIA GeForce RTX 5060, 54, 3880, 8151, 59, 76.61
2026-09-02T21:00:59.695448+08:00,0, NVIDIA GeForce RTX 5060, 44, 3865, 8151, 57, 74.43
2026-09-02T21:01:04.736997+08:00,0, NVIDIA GeForce RTX 5060, 14, 3876, 8151, 55, 53.47
2026-09-02T21:01:09.769930+08:00,0, NVIDIA GeForce RTX 5060, 15, 3878, 8151, 52, 36.20
2026-09-02T21:01:14.809376+08:00,0, NVIDIA GeForce RTX 5060, 47, 3877, 8151, 58, 58.99
2026-09-02T21:01:19.857705+08:00,0, NVIDIA GeForce RTX 5060, 51, 3869, 8151, 58, 74.41
2026-09-02T21:01:24.900546+08:00,0, NVIDIA GeForce RTX 5060, 48, 3869, 8151, 58, 74.08
2026-09-02T21:01:29.936222+08:00,0, NVIDIA GeForce RTX 5060, 47, 3869, 8151, 57, 76.64
2026-09-02T21:01:34.979935+08:00,0, NVIDIA GeForce RTX 5060, 49, 3868, 8151, 58, 75.89
2026-09-02T21:01:40.014864+08:00,0, NVIDIA GeForce RTX 5060, 54, 3879, 8151, 60, 76.93
2026-09-02T21:01:45.074437+08:00,0, NVIDIA GeForce RTX 5060, 47, 3869, 8151, 58, 75.47
2026-09-02T21:01:50.116082+08:00,0, NVIDIA GeForce RTX 5060, 52, 3869, 8151, 58, 76.08
2026-09-02T21:01:55.158821+08:00,0, NVIDIA GeForce RTX 5060, 46, 3868, 8151, 60, 75.52
2026-09-02T21:02:00.196898+08:00,0, NVIDIA GeForce RTX 5060, 14, 3868, 8151, 56, 48.84
2026-09-02T21:02:05.244026+08:00,0, NVIDIA GeForce RTX 5060, 15, 3869, 8151, 53, 33.73
2026-09-02T21:02:10.298223+08:00,0, NVIDIA GeForce RTX 5060, 56, 3869, 8151, 57, 69.10
2026-09-02T21:02:15.342651+08:00,0, NVIDIA GeForce RTX 5060, 49, 3869, 8151, 58, 74.99
2026-09-02T21:02:20.378249+08:00,0, NVIDIA GeForce RTX 5060, 44, 3869, 8151, 59, 74.94
2026-09-02T21:02:25.416481+08:00,0, NVIDIA GeForce RTX 5060, 55, 3870, 8151, 57, 76.43
2026-09-02T21:02:30.468937+08:00,0, NVIDIA GeForce RTX 5060, 50, 3868, 8151, 58, 75.75
2026-09-02T21:02:35.506636+08:00,0, NVIDIA GeForce RTX 5060, 55, 3880, 8151, 60, 75.53
2026-09-02T21:02:40.550010+08:00,0, NVIDIA GeForce RTX 5060, 46, 3869, 8151, 59, 76.09
2026-09-02T21:02:45.601202+08:00,0, NVIDIA GeForce RTX 5060, 54, 3869, 8151, 59, 76.51
2026-09-02T21:02:50.651079+08:00,0, NVIDIA GeForce RTX 5060, 48, 3880, 8151, 58, 75.57
2026-09-02T21:02:55.692283+08:00,0, NVIDIA GeForce RTX 5060, 14, 3880, 8151, 55, 48.06
2026-09-02T21:03:00.731357+08:00,0, NVIDIA GeForce RTX 5060, 16, 3868, 8151, 52, 35.39
2026-09-02T21:03:05.781822+08:00,0, NVIDIA GeForce RTX 5060, 55, 3876, 8151, 57, 74.01
2026-09-02T21:03:10.829468+08:00,0, NVIDIA GeForce RTX 5060, 53, 3869, 8151, 57, 76.27
2026-09-02T21:03:15.869794+08:00,0, NVIDIA GeForce RTX 5060, 49, 3877, 8151, 59, 74.55
2026-09-02T21:03:20.913172+08:00,0, NVIDIA GeForce RTX 5060, 52, 3869, 8151, 57, 75.36
2026-09-02T21:03:25.970157+08:00,0, NVIDIA GeForce RTX 5060, 47, 3869, 8151, 57, 75.54
2026-09-02T21:03:31.013370+08:00,0, NVIDIA GeForce RTX 5060, 52, 3868, 8151, 60, 76.32
2026-09-02T21:03:36.062442+08:00,0, NVIDIA GeForce RTX 5060, 46, 3869, 8151, 59, 75.66
2026-09-02T21:03:41.113246+08:00,0, NVIDIA GeForce RTX 5060, 46, 3869, 8151, 58, 75.94
2026-09-02T21:03:46.148526+08:00,0, NVIDIA GeForce RTX 5060, 45, 3880, 8151, 61, 75.95
2026-09-02T21:03:51.185056+08:00,0, NVIDIA GeForce RTX 5060, 14, 3869, 8151, 57, 46.45
2026-09-02T21:03:56.222319+08:00,0, NVIDIA GeForce RTX 5060, 15, 3869, 8151, 52, 34.99
2026-09-02T21:04:01.279270+08:00,0, NVIDIA GeForce RTX 5060, 45, 3868, 8151, 57, 74.47
2026-09-02T21:04:06.330367+08:00,0, NVIDIA GeForce RTX 5060, 53, 3877, 8151, 57, 76.06
2026-09-02T21:04:11.372410+08:00,0, NVIDIA GeForce RTX 5060, 46, 3877, 8151, 58, 71.00
2026-09-02T21:04:16.409041+08:00,0, NVIDIA GeForce RTX 5060, 47, 3877, 8151, 60, 74.91
2026-09-02T21:04:21.443711+08:00,0, NVIDIA GeForce RTX 5060, 54, 3876, 8151, 58, 76.85
2026-09-02T21:04:26.491537+08:00,0, NVIDIA GeForce RTX 5060, 46, 3876, 8151, 58, 75.07
2026-09-02T21:04:31.563437+08:00,0, NVIDIA GeForce RTX 5060, 46, 3890, 8151, 58, 75.47
2026-09-02T21:04:36.617453+08:00,0, NVIDIA GeForce RTX 5060, 46, 3877, 8151, 60, 76.10
2026-09-02T21:04:41.659883+08:00,0, NVIDIA GeForce RTX 5060, 50, 3877, 8151, 59, 73.61
2026-09-02T21:04:46.693321+08:00,0, NVIDIA GeForce RTX 5060, 15, 3876, 8151, 58, 45.15
2026-09-02T21:04:51.731821+08:00,0, NVIDIA GeForce RTX 5060, 15, 3876, 8151, 53, 35.12
2026-09-02T21:04:56.772154+08:00,0, NVIDIA GeForce RTX 5060, 48, 3887, 8151, 57, 75.09
2026-09-02T21:05:01.813017+08:00,0, NVIDIA GeForce RTX 5060, 50, 3877, 8151, 58, 71.29
2026-09-02T21:05:06.854779+08:00,0, NVIDIA GeForce RTX 5060, 50, 3877, 8151, 59, 75.62
2026-09-02T21:05:11.893409+08:00,0, NVIDIA GeForce RTX 5060, 44, 3878, 8151, 60, 75.23
2026-09-02T21:05:16.935400+08:00,0, NVIDIA GeForce RTX 5060, 52, 3877, 8151, 57, 76.93
2026-09-02T21:05:21.996866+08:00,0, NVIDIA GeForce RTX 5060, 53, 3877, 8151, 59, 76.47
2026-09-02T21:05:27.052506+08:00,0, NVIDIA GeForce RTX 5060, 50, 3877, 8151, 59, 74.70
2026-09-02T21:05:32.095208+08:00,0, NVIDIA GeForce RTX 5060, 48, 3878, 8151, 58, 75.73
2026-09-02T21:05:37.136074+08:00,0, NVIDIA GeForce RTX 5060, 46, 3877, 8151, 60, 76.46
2026-09-02T21:05:42.178249+08:00,0, NVIDIA GeForce RTX 5060, 14, 3886, 8151, 54, 43.24
2026-09-02T21:05:47.239652+08:00,0, NVIDIA GeForce RTX 5060, 15, 3877, 8151, 53, 34.96
2026-09-02T21:05:52.288893+08:00,0, NVIDIA GeForce RTX 5060, 48, 3876, 8151, 57, 75.82
2026-09-02T21:05:57.333050+08:00,0, NVIDIA GeForce RTX 5060, 50, 3886, 8151, 57, 76.94
2026-09-02T21:06:02.374063+08:00,0, NVIDIA GeForce RTX 5060, 47, 3876, 8151, 59, 75.47
2026-09-02T21:06:07.416951+08:00,0, NVIDIA GeForce RTX 5060, 44, 3868, 8151, 59, 75.02
2026-09-02T21:06:12.464086+08:00,0, NVIDIA GeForce RTX 5060, 44, 3876, 8151, 59, 73.99
2026-09-02T21:06:17.506931+08:00,0, NVIDIA GeForce RTX 5060, 52, 3868, 8151, 60, 74.96
2026-09-02T21:06:22.546977+08:00,0, NVIDIA GeForce RTX 5060, 46, 3877, 8151, 59, 75.53
2026-09-02T21:06:27.589676+08:00,0, NVIDIA GeForce RTX 5060, 55, 3877, 8151, 59, 76.28
2026-09-02T21:06:32.634429+08:00,0, NVIDIA GeForce RTX 5060, 53, 3886, 8151, 60, 77.42
2026-09-02T21:06:37.700332+08:00,0, NVIDIA GeForce RTX 5060, 15, 3877, 8151, 53, 34.18
2026-09-02T21:06:42.740844+08:00,0, NVIDIA GeForce RTX 5060, 15, 3877, 8151, 56, 36.10
2026-09-02T21:06:47.788674+08:00,0, NVIDIA GeForce RTX 5060, 45, 3875, 8151, 58, 75.17
2026-09-02T21:06:52.836759+08:00,0, NVIDIA GeForce RTX 5060, 52, 3877, 8151, 57, 75.41
2026-09-02T21:06:57.875676+08:00,0, NVIDIA GeForce RTX 5060, 50, 3877, 8151, 60, 75.62
2026-09-02T21:07:02.909629+08:00,0, NVIDIA GeForce RTX 5060, 46, 3877, 8151, 58, 74.58
2026-09-02T21:07:07.949831+08:00,0, NVIDIA GeForce RTX 5060, 46, 3877, 8151, 59, 75.03
2026-09-02T21:07:12.988184+08:00,0, NVIDIA GeForce RTX 5060, 45, 3878, 8151, 60, 74.10
2026-09-02T21:07:18.037363+08:00,0, NVIDIA GeForce RTX 5060, 51, 3877, 8151, 59, 73.61
2026-09-02T21:07:23.086035+08:00,0, NVIDIA GeForce RTX 5060, 46, 3876, 8151, 60, 74.95
2026-09-02T21:07:28.130527+08:00,0, NVIDIA GeForce RTX 5060, 44, 3880, 8151, 59, 75.15
2026-09-02T21:07:33.170858+08:00,0, NVIDIA GeForce RTX 5060, 14, 3872, 8151, 54, 43.89
2026-09-02T21:07:38.203915+08:00,0, NVIDIA GeForce RTX 5060, 14, 3881, 8151, 52, 35.92
2026-09-02T21:07:43.247394+08:00,0, NVIDIA GeForce RTX 5060, 53, 3880, 8151, 57, 74.44
2026-09-02T21:07:48.297717+08:00,0, NVIDIA GeForce RTX 5060, 49, 3876, 8151, 57, 74.01
2026-09-02T21:07:53.348755+08:00,0, NVIDIA GeForce RTX 5060, 44, 3877, 8151, 60, 75.13
2026-09-02T21:07:58.386731+08:00,0, NVIDIA GeForce RTX 5060, 45, 3878, 8151, 60, 75.81
2026-09-02T21:08:03.427384+08:00,0, NVIDIA GeForce RTX 5060, 53, 3867, 8151, 58, 76.57
2026-09-02T21:08:08.471201+08:00,0, NVIDIA GeForce RTX 5060, 48, 3875, 8151, 58, 76.23
2026-09-02T21:08:13.522543+08:00,0, NVIDIA GeForce RTX 5060, 47, 3868, 8151, 59, 75.74
2026-09-02T21:08:18.579469+08:00,0, NVIDIA GeForce RTX 5060, 46, 3877, 8151, 58, 75.23
2026-09-02T21:08:23.623804+08:00,0, NVIDIA GeForce RTX 5060, 51, 3868, 8151, 60, 75.67
2026-09-02T21:08:28.665253+08:00,0, NVIDIA GeForce RTX 5060, 14, 3886, 8151, 54, 40.74
2026-09-02T21:08:33.706848+08:00,0, NVIDIA GeForce RTX 5060, 14, 3868, 8151, 53, 36.60
2026-09-02T21:08:38.749753+08:00,0, NVIDIA GeForce RTX 5060, 46, 3868, 8151, 58, 75.89
2026-09-02T21:08:43.789298+08:00,0, NVIDIA GeForce RTX 5060, 45, 3868, 8151, 59, 74.70
2026-09-02T21:08:48.840501+08:00,0, NVIDIA GeForce RTX 5060, 49, 3869, 8151, 58, 75.83
2026-09-02T21:08:53.889326+08:00,0, NVIDIA GeForce RTX 5060, 52, 3869, 8151, 57, 76.71
2026-09-02T21:08:58.936055+08:00,0, NVIDIA GeForce RTX 5060, 44, 3868, 8151, 60, 74.46
2026-09-02T21:09:03.971745+08:00,0, NVIDIA GeForce RTX 5060, 46, 3868, 8151, 60, 75.10
2026-09-02T21:09:09.024809+08:00,0, NVIDIA GeForce RTX 5060, 52, 3868, 8151, 60, 76.16
2026-09-02T21:09:14.069883+08:00,0, NVIDIA GeForce RTX 5060, 51, 3880, 8151, 59, 75.60
2026-09-02T21:09:19.108931+08:00,0, NVIDIA GeForce RTX 5060, 52, 3876, 8151, 60, 76.57
2026-09-02T21:09:24.161962+08:00,0, NVIDIA GeForce RTX 5060, 16, 3868, 8151, 57, 38.78
2026-09-02T21:09:29.201896+08:00,0, NVIDIA GeForce RTX 5060, 14, 3869, 8151, 52, 34.78
2026-09-02T21:09:34.240233+08:00,0, NVIDIA GeForce RTX 5060, 52, 3871, 8151, 57, 74.07
2026-09-02T21:09:39.289644+08:00,0, NVIDIA GeForce RTX 5060, 55, 3878, 8151, 59, 74.88
2026-09-02T21:09:44.342653+08:00,0, NVIDIA GeForce RTX 5060, 53, 3887, 8151, 58, 75.71
2026-09-02T21:09:49.391060+08:00,0, NVIDIA GeForce RTX 5060, 55, 3877, 8151, 57, 75.29
2026-09-02T21:09:54.425221+08:00,0, NVIDIA GeForce RTX 5060, 48, 3877, 8151, 59, 74.90
2026-09-02T21:09:59.473258+08:00,0, NVIDIA GeForce RTX 5060, 56, 3877, 8151, 58, 75.56
2026-09-02T21:10:04.515188+08:00,0, NVIDIA GeForce RTX 5060, 47, 3878, 8151, 59, 75.52
2026-09-02T21:10:09.561937+08:00,0, NVIDIA GeForce RTX 5060, 53, 3869, 8151, 60, 76.84
2026-09-02T21:10:14.600987+08:00,0, NVIDIA GeForce RTX 5060, 51, 3877, 8151, 60, 76.31
2026-09-02T21:10:19.642596+08:00,0, NVIDIA GeForce RTX 5060, 14, 3868, 8151, 54, 40.46
2026-09-02T21:10:24.682460+08:00,0, NVIDIA GeForce RTX 5060, 14, 3868, 8151, 52, 34.93
2026-09-02T21:10:29.722935+08:00,0, NVIDIA GeForce RTX 5060, 51, 3868, 8151, 58, 73.93
2026-09-02T21:10:34.761968+08:00,0, NVIDIA GeForce RTX 5060, 47, 3868, 8151, 57, 73.23
2026-09-02T21:10:39.801701+08:00,0, NVIDIA GeForce RTX 5060, 46, 3868, 8151, 57, 74.26
2026-09-02T21:10:44.841870+08:00,0, NVIDIA GeForce RTX 5060, 47, 3868, 8151, 59, 74.31
2026-09-02T21:10:49.879908+08:00,0, NVIDIA GeForce RTX 5060, 56, 3868, 8151, 59, 75.52
2026-09-02T21:10:54.919902+08:00,0, NVIDIA GeForce RTX 5060, 45, 3868, 8151, 60, 75.37
2026-09-02T21:10:59.967723+08:00,0, NVIDIA GeForce RTX 5060, 48, 3868, 8151, 61, 72.63
2026-09-02T21:11:05.013141+08:00,0, NVIDIA GeForce RTX 5060, 47, 3868, 8151, 60, 74.75
2026-09-02T21:11:10.057867+08:00,0, NVIDIA GeForce RTX 5060, 52, 3877, 8151, 61, 74.81
2026-09-02T21:11:15.104892+08:00,0, NVIDIA GeForce RTX 5060, 11, 3868, 8151, 57, 47.95
2026-09-02T21:11:20.152923+08:00,0, NVIDIA GeForce RTX 5060, 15, 3868, 8151, 52, 35.24
2026-09-02T21:11:25.201549+08:00,0, NVIDIA GeForce RTX 5060, 42, 3868, 8151, 57, 69.92
2026-09-02T21:11:30.242646+08:00,0, NVIDIA GeForce RTX 5060, 46, 3868, 8151, 59, 73.36
2026-09-02T21:11:35.283040+08:00,0, NVIDIA GeForce RTX 5060, 48, 3869, 8151, 57, 75.27
2026-09-02T21:11:40.346846+08:00,0, NVIDIA GeForce RTX 5060, 43, 3880, 8151, 59, 74.28
2026-09-02T21:11:45.395491+08:00,0, NVIDIA GeForce RTX 5060, 44, 3876, 8151, 60, 73.55
2026-09-02T21:11:50.444506+08:00,0, NVIDIA GeForce RTX 5060, 50, 3880, 8151, 58, 74.38
2026-09-02T21:11:55.505169+08:00,0, NVIDIA GeForce RTX 5060, 47, 3869, 8151, 57, 72.41
2026-09-02T21:12:00.545884+08:00,0, NVIDIA GeForce RTX 5060, 44, 3878, 8151, 58, 69.04
2026-09-02T21:12:05.594478+08:00,0, NVIDIA GeForce RTX 5060, 39, 3877, 8151, 59, 68.97
2026-09-02T21:12:10.637072+08:00,0, NVIDIA GeForce RTX 5060, 51, 3886, 8151, 59, 71.79
2026-09-02T21:12:15.678844+08:00,0, NVIDIA GeForce RTX 5060, 15, 3877, 8151, 52, 33.51
2026-09-02T21:12:20.717069+08:00,0, NVIDIA GeForce RTX 5060, 12, 3877, 8151, 51, 35.57
2026-09-02T21:12:25.756249+08:00,0, NVIDIA GeForce RTX 5060, 44, 3877, 8151, 57, 72.12
2026-09-02T21:12:30.807161+08:00,0, NVIDIA GeForce RTX 5060, 44, 3877, 8151, 58, 73.29
2026-09-02T21:12:35.856549+08:00,0, NVIDIA GeForce RTX 5060, 45, 3876, 8151, 55, 66.03
2026-09-02T21:12:40.894480+08:00,0, NVIDIA GeForce RTX 5060, 48, 3878, 8151, 59, 74.45
2026-09-02T21:12:45.946303+08:00,0, NVIDIA GeForce RTX 5060, 50, 3877, 8151, 59, 74.51
2026-09-02T21:12:50.995455+08:00,0, NVIDIA GeForce RTX 5060, 49, 3877, 8151, 58, 73.41
2026-09-02T21:12:56.086638+08:00,0, NVIDIA GeForce RTX 5060, 45, 3877, 8151, 55, 72.13
2026-09-02T21:13:01.146229+08:00,0, NVIDIA GeForce RTX 5060, 45, 3877, 8151, 57, 71.90
2026-09-02T21:13:06.206063+08:00,0, NVIDIA GeForce RTX 5060, 45, 3882, 8151, 59, 73.60
2026-09-02T21:13:11.254597+08:00,0, NVIDIA GeForce RTX 5060, 15, 3882, 8151, 56, 56.97
2026-09-02T21:13:16.308553+08:00,0, NVIDIA GeForce RTX 5060, 14, 3882, 8151, 53, 34.84
2026-09-02T21:13:21.354616+08:00,0, NVIDIA GeForce RTX 5060, 14, 3873, 8151, 50, 32.91
2026-09-02T21:13:26.399019+08:00,0, NVIDIA GeForce RTX 5060, 47, 3884, 8151, 59, 74.58
2026-09-02T21:13:31.444858+08:00,0, NVIDIA GeForce RTX 5060, 53, 3881, 8151, 58, 75.72
2026-09-02T21:13:36.481104+08:00,0, NVIDIA GeForce RTX 5060, 49, 3872, 8151, 59, 75.48
2026-09-02T21:13:41.528034+08:00,0, NVIDIA GeForce RTX 5060, 53, 3871, 8151, 57, 75.73
2026-09-02T21:13:46.576092+08:00,0, NVIDIA GeForce RTX 5060, 51, 3883, 8151, 58, 75.62
2026-09-02T21:13:51.617337+08:00,0, NVIDIA GeForce RTX 5060, 50, 3877, 8151, 59, 74.69
2026-09-02T21:13:56.667496+08:00,0, NVIDIA GeForce RTX 5060, 45, 3879, 8151, 57, 73.74
2026-09-02T21:14:01.720834+08:00,0, NVIDIA GeForce RTX 5060, 48, 3878, 8151, 58, 72.44
2026-09-02T21:14:06.757262+08:00,0, NVIDIA GeForce RTX 5060, 14, 3867, 8151, 58, 70.29
2026-09-02T21:14:11.864390+08:00,0, NVIDIA GeForce RTX 5060, 15, 3877, 8151, 52, 34.94
2026-09-02T21:14:16.909430+08:00,0, NVIDIA GeForce RTX 5060, 30, 3876, 8151, 51, 42.76
2026-09-02T21:14:21.946433+08:00,0, NVIDIA GeForce RTX 5060, 56, 3876, 8151, 56, 76.71
2026-09-02T21:14:26.991375+08:00,0, NVIDIA GeForce RTX 5060, 52, 3876, 8151, 56, 76.30
2026-09-02T21:14:32.049977+08:00,0, NVIDIA GeForce RTX 5060, 48, 3879, 8151, 59, 74.78
2026-09-02T21:14:37.096996+08:00,0, NVIDIA GeForce RTX 5060, 54, 3890, 8151, 59, 76.77
2026-09-02T21:14:42.141334+08:00,0, NVIDIA GeForce RTX 5060, 54, 3877, 8151, 59, 75.63
2026-09-02T21:14:47.179243+08:00,0, NVIDIA GeForce RTX 5060, 48, 3877, 8151, 60, 76.26
2026-09-02T21:14:52.232138+08:00,0, NVIDIA GeForce RTX 5060, 46, 3878, 8151, 60, 74.31
2026-09-02T21:14:57.276963+08:00,0, NVIDIA GeForce RTX 5060, 46, 3877, 8151, 58, 75.30
2026-09-02T21:15:02.313133+08:00,0, NVIDIA GeForce RTX 5060, 35, 3877, 8151, 59, 70.48
2026-09-02T21:15:07.370203+08:00,0, NVIDIA GeForce RTX 5060, 14, 3877, 8151, 52, 35.99
2026-09-02T21:15:12.412833+08:00,0, NVIDIA GeForce RTX 5060, 19, 3877, 8151, 52, 36.31
2026-09-02T21:15:17.456873+08:00,0, NVIDIA GeForce RTX 5060, 50, 3877, 8151, 58, 75.58
2026-09-02T21:15:22.503965+08:00,0, NVIDIA GeForce RTX 5060, 52, 3883, 8151, 57, 75.97
2026-09-02T21:15:27.548225+08:00,0, NVIDIA GeForce RTX 5060, 48, 3877, 8151, 60, 74.33
2026-09-02T21:15:32.591716+08:00,0, NVIDIA GeForce RTX 5060, 52, 3876, 8151, 59, 75.74
2026-09-02T21:15:37.650444+08:00,0, NVIDIA GeForce RTX 5060, 48, 3879, 8151, 58, 74.14
2026-09-02T21:15:42.701944+08:00,0, NVIDIA GeForce RTX 5060, 43, 3876, 8151, 57, 75.42
2026-09-02T21:15:47.748460+08:00,0, NVIDIA GeForce RTX 5060, 54, 3881, 8151, 60, 77.60
2026-09-02T21:15:52.791117+08:00,0, NVIDIA GeForce RTX 5060, 50, 3880, 8151, 60, 76.00
2026-09-02T21:15:57.858790+08:00,0, NVIDIA GeForce RTX 5060, 14, 3873, 8151, 56, 50.89
2026-09-02T21:16:02.935481+08:00,0, NVIDIA GeForce RTX 5060, 15, 3885, 8151, 54, 34.96
2026-09-02T21:16:07.986359+08:00,0, NVIDIA GeForce RTX 5060, 49, 3880, 8151, 55, 67.81
2026-09-02T21:16:13.032255+08:00,0, NVIDIA GeForce RTX 5060, 55, 3872, 8151, 57, 75.37
2026-09-02T21:16:18.072815+08:00,0, NVIDIA GeForce RTX 5060, 45, 3872, 8151, 58, 71.82
2026-09-02T21:16:23.114320+08:00,0, NVIDIA GeForce RTX 5060, 51, 3883, 8151, 57, 75.52
2026-09-02T21:16:28.150776+08:00,0, NVIDIA GeForce RTX 5060, 51, 3881, 8151, 59, 75.83
2026-09-02T21:16:33.187874+08:00,0, NVIDIA GeForce RTX 5060, 49, 3881, 8151, 58, 74.26
2026-09-02T21:16:38.239029+08:00,0, NVIDIA GeForce RTX 5060, 53, 3881, 8151, 59, 74.30
2026-09-02T21:16:43.281411+08:00,0, NVIDIA GeForce RTX 5060, 51, 3872, 8151, 60, 73.69
2026-09-02T21:16:48.317041+08:00,0, NVIDIA GeForce RTX 5060, 50, 3879, 8151, 60, 74.83
2026-09-02T21:16:53.353206+08:00,0, NVIDIA GeForce RTX 5060, 14, 3869, 8151, 58, 47.91
2026-09-02T21:16:58.400852+08:00,0, NVIDIA GeForce RTX 5060, 14, 3877, 8151, 52, 34.98
2026-09-02T21:17:03.436177+08:00,0, NVIDIA GeForce RTX 5060, 55, 3869, 8151, 58, 71.86
2026-09-02T21:17:08.473291+08:00,0, NVIDIA GeForce RTX 5060, 54, 3880, 8151, 57, 70.70
2026-09-02T21:17:13.515728+08:00,0, NVIDIA GeForce RTX 5060, 43, 3880, 8151, 60, 74.39
2026-09-02T21:17:18.563910+08:00,0, NVIDIA GeForce RTX 5060, 48, 3868, 8151, 60, 74.85
2026-09-02T21:17:23.612104+08:00,0, NVIDIA GeForce RTX 5060, 45, 3876, 8151, 57, 75.18
2026-09-02T21:17:28.652310+08:00,0, NVIDIA GeForce RTX 5060, 52, 3867, 8151, 59, 74.47
2026-09-02T21:17:33.697938+08:00,0, NVIDIA GeForce RTX 5060, 49, 3868, 8151, 59, 75.36
2026-09-02T21:17:38.751236+08:00,0, NVIDIA GeForce RTX 5060, 49, 3869, 8151, 58, 74.75
2026-09-02T21:17:43.791712+08:00,0, NVIDIA GeForce RTX 5060, 53, 3876, 8151, 58, 75.82
2026-09-02T21:17:48.826868+08:00,0, NVIDIA GeForce RTX 5060, 14, 3876, 8151, 55, 48.83
2026-09-02T21:17:53.891638+08:00,0, NVIDIA GeForce RTX 5060, 7, 3868, 8151, 54, 36.04
2026-09-02T21:17:58.933399+08:00,0, NVIDIA GeForce RTX 5060, 51, 3869, 8151, 57, 67.29
2026-09-02T21:18:03.977533+08:00,0, NVIDIA GeForce RTX 5060, 48, 3868, 8151, 59, 75.12
2026-09-02T21:18:09.054191+08:00,0, NVIDIA GeForce RTX 5060, 55, 3868, 8151, 58, 75.54
2026-09-02T21:18:14.094172+08:00,0, NVIDIA GeForce RTX 5060, 51, 3876, 8151, 59, 73.34
2026-09-02T21:18:19.142946+08:00,0, NVIDIA GeForce RTX 5060, 44, 3880, 8151, 57, 75.00
2026-09-02T21:18:24.183911+08:00,0, NVIDIA GeForce RTX 5060, 50, 3869, 8151, 58, 75.59
2026-09-02T21:18:29.226130+08:00,0, NVIDIA GeForce RTX 5060, 52, 3868, 8151, 58, 75.96
2026-09-02T21:18:34.262641+08:00,0, NVIDIA GeForce RTX 5060, 44, 3876, 8151, 58, 73.46
2026-09-02T21:18:39.316734+08:00,0, NVIDIA GeForce RTX 5060, 42, 3877, 8151, 60, 73.39
2026-09-02T21:18:44.368407+08:00,0, NVIDIA GeForce RTX 5060, 14, 3880, 8151, 57, 56.44
2026-09-02T21:18:49.416317+08:00,0, NVIDIA GeForce RTX 5060, 14, 3869, 8151, 52, 35.05
2026-09-02T21:18:54.464890+08:00,0, NVIDIA GeForce RTX 5060, 43, 3868, 8151, 56, 51.67
2026-09-02T21:18:59.504954+08:00,0, NVIDIA GeForce RTX 5060, 47, 3869, 8151, 58, 75.06
2026-09-02T21:19:04.546532+08:00,0, NVIDIA GeForce RTX 5060, 45, 3869, 8151, 59, 74.09
2026-09-02T21:19:09.583299+08:00,0, NVIDIA GeForce RTX 5060, 53, 3869, 8151, 57, 74.23
2026-09-02T21:19:14.624658+08:00,0, NVIDIA GeForce RTX 5060, 53, 3869, 8151, 60, 76.05
2026-09-02T21:19:19.676168+08:00,0, NVIDIA GeForce RTX 5060, 54, 3877, 8151, 60, 76.12
2026-09-02T21:19:24.715767+08:00,0, NVIDIA GeForce RTX 5060, 50, 3869, 8151, 58, 75.07
2026-09-02T21:19:29.756812+08:00,0, NVIDIA GeForce RTX 5060, 46, 3874, 8151, 58, 75.41
2026-09-02T21:19:34.795959+08:00,0, NVIDIA GeForce RTX 5060, 48, 3870, 8151, 60, 73.98
2026-09-02T21:19:39.845177+08:00,0, NVIDIA GeForce RTX 5060, 12, 3869, 8151, 58, 67.12
2026-09-02T21:19:44.894392+08:00,0, NVIDIA GeForce RTX 5060, 15, 3881, 8151, 53, 36.35
2026-09-02T21:19:49.942452+08:00,0, NVIDIA GeForce RTX 5060, 14, 3869, 8151, 52, 39.00
2026-09-02T21:19:54.988701+08:00,0, NVIDIA GeForce RTX 5060, 55, 3880, 8151, 57, 74.19
2026-09-02T21:20:00.037116+08:00,0, NVIDIA GeForce RTX 5060, 56, 3879, 8151, 57, 75.41
2026-09-02T21:20:05.076147+08:00,0, NVIDIA GeForce RTX 5060, 51, 3869, 8151, 59, 76.00
2026-09-02T21:20:10.118285+08:00,0, NVIDIA GeForce RTX 5060, 48, 3880, 8151, 59, 75.60
2026-09-02T21:20:15.157106+08:00,0, NVIDIA GeForce RTX 5060, 41, 3880, 8151, 59, 73.61
2026-09-02T21:20:20.210762+08:00,0, NVIDIA GeForce RTX 5060, 49, 3877, 8151, 59, 76.13
2026-09-02T21:20:25.258339+08:00,0, NVIDIA GeForce RTX 5060, 53, 3869, 8151, 59, 74.94
2026-09-02T21:20:30.317423+08:00,0, NVIDIA GeForce RTX 5060, 51, 3869, 8151, 60, 76.60
2026-09-02T21:20:35.377486+08:00,0, NVIDIA GeForce RTX 5060, 7, 3869, 8151, 57, 63.78
2026-09-02T21:20:40.419004+08:00,0, NVIDIA GeForce RTX 5060, 11, 3869, 8151, 53, 33.68
2026-09-02T21:20:45.467769+08:00,0, NVIDIA GeForce RTX 5060, 53, 3877, 8151, 51, 44.94
2026-09-02T21:20:50.505320+08:00,0, NVIDIA GeForce RTX 5060, 50, 3868, 8151, 58, 76.38
2026-09-02T21:20:55.556679+08:00,0, NVIDIA GeForce RTX 5060, 53, 3868, 8151, 59, 76.03
2026-09-02T21:21:00.596709+08:00,0, NVIDIA GeForce RTX 5060, 51, 3869, 8151, 59, 74.17
2026-09-02T21:21:05.640200+08:00,0, NVIDIA GeForce RTX 5060, 44, 3880, 8151, 57, 72.75
2026-09-02T21:21:10.688808+08:00,0, NVIDIA GeForce RTX 5060, 49, 3869, 8151, 59, 74.27
2026-09-02T21:21:15.729987+08:00,0, NVIDIA GeForce RTX 5060, 44, 3868, 8151, 58, 74.34
2026-09-02T21:21:20.767436+08:00,0, NVIDIA GeForce RTX 5060, 53, 3879, 8151, 58, 76.17
2026-09-02T21:21:25.806014+08:00,0, NVIDIA GeForce RTX 5060, 48, 3869, 8151, 60, 75.56
2026-09-02T21:21:30.850798+08:00,0, NVIDIA GeForce RTX 5060, 48, 3869, 8151, 58, 75.78
2026-09-02T21:21:35.885298+08:00,0, NVIDIA GeForce RTX 5060, 14, 3879, 8151, 52, 35.14
2026-09-02T21:21:40.923210+08:00,0, NVIDIA GeForce RTX 5060, 14, 3869, 8151, 51, 36.19
2026-09-02T21:21:45.970392+08:00,0, NVIDIA GeForce RTX 5060, 48, 3869, 8151, 59, 75.00
2026-09-02T21:21:51.007020+08:00,0, NVIDIA GeForce RTX 5060, 49, 3868, 8151, 59, 75.57
2026-09-02T21:21:56.049148+08:00,0, NVIDIA GeForce RTX 5060, 47, 3869, 8151, 59, 74.82
2026-09-02T21:22:01.090532+08:00,0, NVIDIA GeForce RTX 5060, 45, 3869, 8151, 59, 74.26
2026-09-02T21:22:06.125107+08:00,0, NVIDIA GeForce RTX 5060, 48, 3869, 8151, 59, 75.26
2026-09-02T21:22:11.159806+08:00,0, NVIDIA GeForce RTX 5060, 46, 3869, 8151, 59, 73.54
2026-09-02T21:22:16.198856+08:00,0, NVIDIA GeForce RTX 5060, 47, 3877, 8151, 58, 73.39
2026-09-02T21:22:21.242795+08:00,0, NVIDIA GeForce RTX 5060, 51, 3869, 8151, 60, 75.47
2026-09-02T21:22:26.279529+08:00,0, NVIDIA GeForce RTX 5060, 51, 3880, 8151, 59, 76.03
2026-09-02T21:22:31.337449+08:00,0, NVIDIA GeForce RTX 5060, 15, 3880, 8151, 54, 36.09
2026-09-02T21:22:36.400062+08:00,0, NVIDIA GeForce RTX 5060, 14, 3878, 8151, 54, 35.76
2026-09-02T21:22:41.444059+08:00,0, NVIDIA GeForce RTX 5060, 47, 3885, 8151, 56, 73.89
2026-09-02T21:22:46.513156+08:00,0, NVIDIA GeForce RTX 5060, 51, 3885, 8151, 60, 75.24
2026-09-02T21:22:51.562092+08:00,0, NVIDIA GeForce RTX 5060, 43, 3873, 8151, 58, 74.89
2026-09-02T21:22:56.620241+08:00,0, NVIDIA GeForce RTX 5060, 52, 3873, 8151, 60, 76.04
2026-09-02T21:23:01.663786+08:00,0, NVIDIA GeForce RTX 5060, 50, 3884, 8151, 59, 75.89
2026-09-02T21:23:06.699476+08:00,0, NVIDIA GeForce RTX 5060, 46, 3872, 8151, 58, 75.22
2026-09-02T21:23:11.746153+08:00,0, NVIDIA GeForce RTX 5060, 54, 3872, 8151, 60, 75.66
2026-09-02T21:23:16.784659+08:00,0, NVIDIA GeForce RTX 5060, 53, 3873, 8151, 60, 77.67
2026-09-02T21:23:21.843594+08:00,0, NVIDIA GeForce RTX 5060, 53, 3878, 8151, 59, 77.08
2026-09-02T21:23:26.904109+08:00,0, NVIDIA GeForce RTX 5060, 15, 3879, 8151, 52, 31.37
2026-09-02T21:23:31.963374+08:00,0, NVIDIA GeForce RTX 5060, 14, 3868, 8151, 51, 31.08
2026-09-02T21:23:37.022640+08:00,0, NVIDIA GeForce RTX 5060, 2, 3869, 8151, 50, 30.11
2026-09-02T21:23:42.063144+08:00,0, NVIDIA GeForce RTX 5060, 46, 3868, 8151, 55, 70.02
2026-09-02T21:23:47.111478+08:00,0, NVIDIA GeForce RTX 5060, 45, 3868, 8151, 56, 72.20
2026-09-02T21:23:52.160731+08:00,0, NVIDIA GeForce RTX 5060, 35, 3881, 8151, 58, 69.36
2026-09-02T21:23:57.203661+08:00,0, NVIDIA GeForce RTX 5060, 44, 3893, 8151, 59, 70.29
2026-09-02T21:24:02.246901+08:00,0, NVIDIA GeForce RTX 5060, 44, 3880, 8151, 56, 71.55
2026-09-02T21:24:07.292348+08:00,0, NVIDIA GeForce RTX 5060, 45, 3868, 8151, 59, 72.12
2026-09-02T21:24:12.331877+08:00,0, NVIDIA GeForce RTX 5060, 42, 3878, 8151, 56, 71.06
2026-09-02T21:24:17.374669+08:00,0, NVIDIA GeForce RTX 5060, 50, 3869, 8151, 56, 72.32
2026-09-02T21:24:22.423280+08:00,0, NVIDIA GeForce RTX 5060, 45, 3876, 8151, 59, 71.81
2026-09-02T21:24:27.469488+08:00,0, NVIDIA GeForce RTX 5060, 43, 3869, 8151, 59, 70.93
2026-09-02T21:24:32.517559+08:00,0, NVIDIA GeForce RTX 5060, 14, 3881, 8151, 52, 33.90
2026-09-02T21:24:37.556048+08:00,0, NVIDIA GeForce RTX 5060, 15, 3868, 8151, 50, 31.95
2026-09-02T21:24:42.605260+08:00,0, NVIDIA GeForce RTX 5060, 54, 3868, 8151, 55, 73.82
2026-09-02T21:24:47.647232+08:00,0, NVIDIA GeForce RTX 5060, 45, 3869, 8151, 56, 74.38
2026-09-02T21:24:52.690718+08:00,0, NVIDIA GeForce RTX 5060, 46, 3876, 8151, 58, 74.93
2026-09-02T21:24:57.730532+08:00,0, NVIDIA GeForce RTX 5060, 44, 3876, 8151, 59, 72.15
2026-09-02T21:25:02.777135+08:00,0, NVIDIA GeForce RTX 5060, 47, 3878, 8151, 58, 72.81
2026-09-02T21:25:07.822907+08:00,0, NVIDIA GeForce RTX 5060, 51, 3868, 8151, 58, 75.21
2026-09-02T21:25:12.875674+08:00,0, NVIDIA GeForce RTX 5060, 51, 3880, 8151, 58, 74.85
2026-09-02T21:25:17.915022+08:00,0, NVIDIA GeForce RTX 5060, 46, 3877, 8151, 58, 74.99
2026-09-02T21:25:22.977386+08:00,0, NVIDIA GeForce RTX 5060, 45, 3869, 8151, 60, 73.29
2026-09-02T21:25:28.015075+08:00,0, NVIDIA GeForce RTX 5060, 14, 3870, 8151, 55, 48.79
2026-09-02T21:25:33.057067+08:00,0, NVIDIA GeForce RTX 5060, 12, 3870, 8151, 54, 33.77
2026-09-02T21:25:38.113301+08:00,0, NVIDIA GeForce RTX 5060, 50, 3876, 8151, 55, 72.11
2026-09-02T21:25:43.166693+08:00,0, NVIDIA GeForce RTX 5060, 49, 3875, 8151, 59, 74.69
2026-09-02T21:25:48.206384+08:00,0, NVIDIA GeForce RTX 5060, 51, 3875, 8151, 58, 73.78
2026-09-02T21:25:53.243023+08:00,0, NVIDIA GeForce RTX 5060, 47, 3882, 8151, 57, 75.26
2026-09-02T21:25:58.304307+08:00,0, NVIDIA GeForce RTX 5060, 45, 3884, 8151, 60, 74.96
2026-09-02T21:26:03.359583+08:00,0, NVIDIA GeForce RTX 5060, 53, 3883, 8151, 58, 75.89
2026-09-02T21:26:08.404138+08:00,0, NVIDIA GeForce RTX 5060, 53, 3882, 8151, 58, 75.03
2026-09-02T21:26:13.449939+08:00,0, NVIDIA GeForce RTX 5060, 43, 3882, 8151, 59, 74.87
2026-09-02T21:26:18.495891+08:00,0, NVIDIA GeForce RTX 5060, 45, 3882, 8151, 60, 75.09
2026-09-02T21:26:23.621970+08:00,0, NVIDIA GeForce RTX 5060, 14, 3878, 8151, 55, 46.85
2026-09-02T21:26:28.666060+08:00,0, NVIDIA GeForce RTX 5060, 15, 3878, 8151, 51, 34.84
2026-09-02T21:26:33.704880+08:00,0, NVIDIA GeForce RTX 5060, 45, 3869, 8151, 56, 73.90
2026-09-02T21:26:38.744586+08:00,0, NVIDIA GeForce RTX 5060, 48, 3876, 8151, 57, 74.28
2026-09-02T21:26:43.787794+08:00,0, NVIDIA GeForce RTX 5060, 47, 3869, 8151, 59, 75.32
2026-09-02T21:26:48.827093+08:00,0, NVIDIA GeForce RTX 5060, 46, 3869, 8151, 60, 75.87
2026-09-02T21:26:53.861983+08:00,0, NVIDIA GeForce RTX 5060, 46, 3869, 8151, 57, 73.76
2026-09-02T21:26:58.897500+08:00,0, NVIDIA GeForce RTX 5060, 47, 3879, 8151, 57, 75.91
2026-09-02T21:27:03.951359+08:00,0, NVIDIA GeForce RTX 5060, 45, 3869, 8151, 59, 75.89
2026-09-02T21:27:08.999398+08:00,0, NVIDIA GeForce RTX 5060, 45, 3870, 8151, 59, 76.18
2026-09-02T21:27:14.050637+08:00,0, NVIDIA GeForce RTX 5060, 52, 3869, 8151, 59, 76.86
2026-09-02T21:27:19.097044+08:00,0, NVIDIA GeForce RTX 5060, 14, 3880, 8151, 55, 45.02
2026-09-02T21:27:24.139413+08:00,0, NVIDIA GeForce RTX 5060, 15, 3879, 8151, 56, 35.11
2026-09-02T21:27:29.179095+08:00,0, NVIDIA GeForce RTX 5060, 57, 3880, 8151, 59, 76.75
2026-09-02T21:27:34.216191+08:00,0, NVIDIA GeForce RTX 5060, 48, 3882, 8151, 56, 73.57
2026-09-02T21:27:39.268368+08:00,0, NVIDIA GeForce RTX 5060, 43, 3869, 8151, 59, 74.93
2026-09-02T21:27:44.307742+08:00,0, NVIDIA GeForce RTX 5060, 48, 3869, 8151, 57, 73.92
2026-09-02T21:27:49.350817+08:00,0, NVIDIA GeForce RTX 5060, 54, 3880, 8151, 58, 75.12
2026-09-02T21:27:54.402346+08:00,0, NVIDIA GeForce RTX 5060, 43, 3870, 8151, 60, 74.57
2026-09-02T21:27:59.450428+08:00,0, NVIDIA GeForce RTX 5060, 54, 3870, 8151, 58, 75.14
2026-09-02T21:28:04.498806+08:00,0, NVIDIA GeForce RTX 5060, 44, 3870, 8151, 60, 74.58
2026-09-02T21:28:09.538356+08:00,0, NVIDIA GeForce RTX 5060, 49, 3878, 8151, 60, 74.96
2026-09-02T21:28:14.578501+08:00,0, NVIDIA GeForce RTX 5060, 11, 3882, 8151, 58, 47.78
2026-09-02T21:28:19.619949+08:00,0, NVIDIA GeForce RTX 5060, 8, 3882, 8151, 55, 35.60
2026-09-02T21:28:24.659962+08:00,0, NVIDIA GeForce RTX 5060, 46, 3870, 8151, 57, 70.16
2026-09-02T21:28:29.710730+08:00,0, NVIDIA GeForce RTX 5060, 49, 3878, 8151, 58, 75.08
2026-09-02T21:28:34.754636+08:00,0, NVIDIA GeForce RTX 5060, 48, 3870, 8151, 57, 74.99
2026-09-02T21:28:39.796381+08:00,0, NVIDIA GeForce RTX 5060, 50, 3870, 8151, 58, 75.65
2026-09-02T21:28:44.836900+08:00,0, NVIDIA GeForce RTX 5060, 51, 3870, 8151, 57, 75.47
2026-09-02T21:28:49.891020+08:00,0, NVIDIA GeForce RTX 5060, 50, 3870, 8151, 60, 75.40
2026-09-02T21:28:54.933035+08:00,0, NVIDIA GeForce RTX 5060, 44, 3871, 8151, 59, 74.94
2026-09-02T21:28:59.977209+08:00,0, NVIDIA GeForce RTX 5060, 44, 3870, 8151, 61, 75.06
2026-09-02T21:29:05.031438+08:00,0, NVIDIA GeForce RTX 5060, 52, 3879, 8151, 58, 74.89
2026-09-02T21:29:10.076443+08:00,0, NVIDIA GeForce RTX 5060, 14, 3870, 8151, 56, 51.19
2026-09-02T21:29:15.124493+08:00,0, NVIDIA GeForce RTX 5060, 15, 3870, 8151, 52, 35.07
2026-09-02T21:29:20.172057+08:00,0, NVIDIA GeForce RTX 5060, 51, 3870, 8151, 55, 64.69
2026-09-02T21:29:25.230900+08:00,0, NVIDIA GeForce RTX 5060, 52, 3870, 8151, 59, 73.75
2026-09-02T21:29:30.270076+08:00,0, NVIDIA GeForce RTX 5060, 53, 3874, 8151, 57, 74.80
2026-09-02T21:29:35.311882+08:00,0, NVIDIA GeForce RTX 5060, 51, 3880, 8151, 58, 73.75
2026-09-02T21:29:40.370554+08:00,0, NVIDIA GeForce RTX 5060, 52, 3884, 8151, 57, 75.36
2026-09-02T21:29:45.411955+08:00,0, NVIDIA GeForce RTX 5060, 44, 3881, 8151, 59, 74.66
2026-09-02T21:29:50.449379+08:00,0, NVIDIA GeForce RTX 5060, 49, 3880, 8151, 59, 74.76
2026-09-02T21:29:55.493744+08:00,0, NVIDIA GeForce RTX 5060, 52, 3870, 8151, 59, 74.03
2026-09-02T21:30:00.529487+08:00,0, NVIDIA GeForce RTX 5060, 45, 3871, 8151, 60, 75.00
2026-09-02T21:30:05.564947+08:00,0, NVIDIA GeForce RTX 5060, 30, 3880, 8151, 59, 73.44
2026-09-02T21:30:10.611002+08:00,0, NVIDIA GeForce RTX 5060, 15, 3871, 8151, 52, 35.09
2026-09-02T21:30:15.752598+08:00,0, NVIDIA GeForce RTX 5060, 10, 3890, 8151, 52, 33.77
2026-09-02T21:30:20.798957+08:00,0, NVIDIA GeForce RTX 5060, 45, 3878, 8151, 59, 74.71
2026-09-02T21:30:25.842497+08:00,0, NVIDIA GeForce RTX 5060, 51, 3878, 8151, 56, 74.96
2026-09-02T21:30:30.884958+08:00,0, NVIDIA GeForce RTX 5060, 45, 3878, 8151, 59, 74.83
2026-09-02T21:30:35.931650+08:00,0, NVIDIA GeForce RTX 5060, 54, 3878, 8151, 58, 76.66
2026-09-02T21:30:40.980176+08:00,0, NVIDIA GeForce RTX 5060, 51, 3892, 8151, 58, 77.27
2026-09-02T21:30:46.031218+08:00,0, NVIDIA GeForce RTX 5060, 49, 3878, 8151, 59, 76.35
2026-09-02T21:30:51.072139+08:00,0, NVIDIA GeForce RTX 5060, 56, 3878, 8151, 58, 76.25
2026-09-02T21:30:56.108011+08:00,0, NVIDIA GeForce RTX 5060, 49, 3878, 8151, 60, 75.52
2026-09-02T21:31:01.152129+08:00,0, NVIDIA GeForce RTX 5060, 14, 3878, 8151, 57, 63.90
2026-09-02T21:31:06.189542+08:00,0, NVIDIA GeForce RTX 5060, 14, 3878, 8151, 56, 35.99
2026-09-02T21:31:11.224062+08:00,0, NVIDIA GeForce RTX 5060, 51, 3878, 8151, 58, 46.55
2026-09-02T21:31:16.259111+08:00,0, NVIDIA GeForce RTX 5060, 53, 3878, 8151, 59, 75.32
2026-09-02T21:31:21.301842+08:00,0, NVIDIA GeForce RTX 5060, 53, 3878, 8151, 58, 75.93
2026-09-02T21:31:26.342362+08:00,0, NVIDIA GeForce RTX 5060, 50, 3870, 8151, 59, 75.59
2026-09-02T21:31:31.384373+08:00,0, NVIDIA GeForce RTX 5060, 50, 3870, 8151, 59, 76.33
2026-09-02T21:31:36.424165+08:00,0, NVIDIA GeForce RTX 5060, 49, 3875, 8151, 58, 74.54
2026-09-02T21:31:41.473882+08:00,0, NVIDIA GeForce RTX 5060, 50, 3874, 8151, 59, 77.06
2026-09-02T21:31:46.513661+08:00,0, NVIDIA GeForce RTX 5060, 50, 3875, 8151, 58, 74.86
2026-09-02T21:31:51.554791+08:00,0, NVIDIA GeForce RTX 5060, 42, 3875, 8151, 61, 75.16
2026-09-02T21:31:56.613526+08:00,0, NVIDIA GeForce RTX 5060, 10, 3874, 8151, 59, 59.13
2026-09-02T21:32:01.656147+08:00,0, NVIDIA GeForce RTX 5060, 14, 3874, 8151, 54, 34.17
2026-09-02T21:32:06.706748+08:00,0, NVIDIA GeForce RTX 5060, 55, 3883, 8151, 58, 50.99
2026-09-02T21:32:11.755926+08:00,0, NVIDIA GeForce RTX 5060, 55, 3882, 8151, 60, 76.09
2026-09-02T21:32:16.798167+08:00,0, NVIDIA GeForce RTX 5060, 47, 3882, 8151, 60, 76.43
2026-09-02T21:32:21.835381+08:00,0, NVIDIA GeForce RTX 5060, 50, 3882, 8151, 57, 74.71
2026-09-02T21:32:26.877523+08:00,0, NVIDIA GeForce RTX 5060, 56, 3882, 8151, 59, 77.01
2026-09-02T21:32:31.915755+08:00,0, NVIDIA GeForce RTX 5060, 53, 3882, 8151, 59, 76.64
2026-09-02T21:32:36.977314+08:00,0, NVIDIA GeForce RTX 5060, 54, 3882, 8151, 59, 77.12
2026-09-02T21:32:42.017472+08:00,0, NVIDIA GeForce RTX 5060, 48, 3878, 8151, 58, 75.93
2026-09-02T21:32:47.068924+08:00,0, NVIDIA GeForce RTX 5060, 49, 3878, 8151, 60, 75.13
2026-09-02T21:32:52.101771+08:00,0, NVIDIA GeForce RTX 5060, 14, 3878, 8151, 56, 47.37
2026-09-02T21:32:57.140355+08:00,0, NVIDIA GeForce RTX 5060, 14, 3878, 8151, 54, 33.98
2026-09-02T21:33:02.187392+08:00,0, NVIDIA GeForce RTX 5060, 54, 3879, 8151, 56, 73.84
2026-09-02T21:33:07.236224+08:00,0, NVIDIA GeForce RTX 5060, 53, 3878, 8151, 59, 76.73
2026-09-02T21:33:12.276070+08:00,0, NVIDIA GeForce RTX 5060, 53, 3878, 8151, 60, 75.64
2026-09-02T21:33:17.318599+08:00,0, NVIDIA GeForce RTX 5060, 30, 3878, 8151, 57, 70.36
2026-09-02T21:33:22.363178+08:00,0, NVIDIA GeForce RTX 5060, 40, 3878, 8151, 59, 74.83
2026-09-02T21:33:27.409011+08:00,0, NVIDIA GeForce RTX 5060, 53, 3878, 8151, 58, 75.85
2026-09-02T21:33:32.460249+08:00,0, NVIDIA GeForce RTX 5060, 45, 3886, 8151, 59, 75.19
2026-09-02T21:33:37.501998+08:00,0, NVIDIA GeForce RTX 5060, 46, 3869, 8151, 59, 75.85
2026-09-02T21:33:42.549663+08:00,0, NVIDIA GeForce RTX 5060, 52, 3870, 8151, 58, 75.71
2026-09-02T21:33:47.599831+08:00,0, NVIDIA GeForce RTX 5060, 14, 3869, 8151, 56, 48.63
2026-09-02T21:33:52.632822+08:00,0, NVIDIA GeForce RTX 5060, 7, 3877, 8151, 55, 33.86
2026-09-02T21:33:57.680747+08:00,0, NVIDIA GeForce RTX 5060, 52, 3869, 8151, 58, 75.68
2026-09-02T21:34:02.717129+08:00,0, NVIDIA GeForce RTX 5060, 47, 3879, 8151, 56, 75.26
2026-09-02T21:34:07.759311+08:00,0, NVIDIA GeForce RTX 5060, 52, 3870, 8151, 59, 76.41
2026-09-02T21:34:12.800436+08:00,0, NVIDIA GeForce RTX 5060, 46, 3878, 8151, 60, 75.96
2026-09-02T21:34:17.848704+08:00,0, NVIDIA GeForce RTX 5060, 50, 3878, 8151, 58, 75.39
2026-09-02T21:34:22.886698+08:00,0, NVIDIA GeForce RTX 5060, 52, 3878, 8151, 59, 76.29
2026-09-02T21:34:27.940741+08:00,0, NVIDIA GeForce RTX 5060, 52, 3869, 8151, 58, 76.67
2026-09-02T21:34:32.979916+08:00,0, NVIDIA GeForce RTX 5060, 47, 3880, 8151, 60, 75.47
2026-09-02T21:34:38.018424+08:00,0, NVIDIA GeForce RTX 5060, 53, 3870, 8151, 60, 74.04
2026-09-02T21:34:43.078462+08:00,0, NVIDIA GeForce RTX 5060, 12, 3871, 8151, 55, 48.37
2026-09-02T21:34:48.140957+08:00,0, NVIDIA GeForce RTX 5060, 14, 3888, 8151, 52, 34.89
2026-09-02T21:34:53.191310+08:00,0, NVIDIA GeForce RTX 5060, 53, 3877, 8151, 56, 75.37
2026-09-02T21:34:58.228198+08:00,0, NVIDIA GeForce RTX 5060, 45, 3878, 8151, 57, 71.39
2026-09-02T21:35:03.269253+08:00,0, NVIDIA GeForce RTX 5060, 54, 3877, 8151, 60, 75.33
2026-09-02T21:35:08.318829+08:00,0, NVIDIA GeForce RTX 5060, 54, 3869, 8151, 61, 76.52
2026-09-02T21:35:13.373983+08:00,0, NVIDIA GeForce RTX 5060, 51, 3881, 8151, 57, 75.71
2026-09-02T21:35:18.408836+08:00,0, NVIDIA GeForce RTX 5060, 45, 3879, 8151, 61, 76.08
2026-09-02T21:35:23.451836+08:00,0, NVIDIA GeForce RTX 5060, 50, 3878, 8151, 59, 75.04
2026-09-02T21:35:28.499909+08:00,0, NVIDIA GeForce RTX 5060, 54, 3878, 8151, 60, 76.40
2026-09-02T21:35:33.552511+08:00,0, NVIDIA GeForce RTX 5060, 54, 3879, 8151, 58, 76.97
2026-09-02T21:35:38.586424+08:00,0, NVIDIA GeForce RTX 5060, 14, 3878, 8151, 56, 46.47
2026-09-02T21:35:43.629567+08:00,0, NVIDIA GeForce RTX 5060, 14, 3878, 8151, 52, 34.79
2026-09-02T21:35:48.666011+08:00,0, NVIDIA GeForce RTX 5060, 53, 3878, 8151, 56, 76.10
2026-09-02T21:35:53.708264+08:00,0, NVIDIA GeForce RTX 5060, 45, 3878, 8151, 58, 74.47
2026-09-02T21:35:58.751903+08:00,0, NVIDIA GeForce RTX 5060, 54, 3878, 8151, 59, 77.00
2026-09-02T21:36:03.790956+08:00,0, NVIDIA GeForce RTX 5060, 55, 3888, 8151, 59, 74.70
2026-09-02T21:36:08.847638+08:00,0, NVIDIA GeForce RTX 5060, 50, 3878, 8151, 57, 75.65
2026-09-02T21:36:13.892011+08:00,0, NVIDIA GeForce RTX 5060, 53, 3869, 8151, 60, 76.65
2026-09-02T21:36:18.930218+08:00,0, NVIDIA GeForce RTX 5060, 45, 3869, 8151, 59, 74.87
2026-09-02T21:36:23.983957+08:00,0, NVIDIA GeForce RTX 5060, 46, 3870, 8151, 60, 75.26
2026-09-02T21:36:29.021389+08:00,0, NVIDIA GeForce RTX 5060, 50, 3869, 8151, 60, 75.54
2026-09-02T21:36:34.065684+08:00,0, NVIDIA GeForce RTX 5060, 14, 3870, 8151, 53, 37.23
2026-09-02T21:36:39.115427+08:00,0, NVIDIA GeForce RTX 5060, 10, 3878, 8151, 52, 34.79
2026-09-02T21:36:44.153174+08:00,0, NVIDIA GeForce RTX 5060, 55, 3869, 8151, 58, 76.01
2026-09-02T21:36:49.188773+08:00,0, NVIDIA GeForce RTX 5060, 55, 3871, 8151, 58, 76.72
2026-09-02T21:36:54.228963+08:00,0, NVIDIA GeForce RTX 5060, 47, 3869, 8151, 59, 74.85
2026-09-02T21:36:59.264278+08:00,0, NVIDIA GeForce RTX 5060, 51, 3870, 8151, 60, 75.80
2026-09-02T21:37:04.302007+08:00,0, NVIDIA GeForce RTX 5060, 53, 3870, 8151, 59, 76.46
2026-09-02T21:37:09.351151+08:00,0, NVIDIA GeForce RTX 5060, 52, 3870, 8151, 59, 76.31
2026-09-02T21:37:14.394515+08:00,0, NVIDIA GeForce RTX 5060, 55, 3871, 8151, 60, 77.40
2026-09-02T21:37:19.434485+08:00,0, NVIDIA GeForce RTX 5060, 55, 3871, 8151, 59, 75.69
2026-09-02T21:37:24.482593+08:00,0, NVIDIA GeForce RTX 5060, 46, 3870, 8151, 59, 75.24
2026-09-02T21:37:29.524469+08:00,0, NVIDIA GeForce RTX 5060, 15, 3879, 8151, 53, 36.16
2026-09-02T21:37:34.579034+08:00,0, NVIDIA GeForce RTX 5060, 15, 3881, 8151, 52, 35.80
2026-09-02T21:37:39.619541+08:00,0, NVIDIA GeForce RTX 5060, 49, 3870, 8151, 56, 74.24
2026-09-02T21:37:44.665035+08:00,0, NVIDIA GeForce RTX 5060, 51, 3870, 8151, 56, 75.25
2026-09-02T21:37:49.700896+08:00,0, NVIDIA GeForce RTX 5060, 45, 3881, 8151, 59, 74.76
2026-09-02T21:37:54.746320+08:00,0, NVIDIA GeForce RTX 5060, 49, 3888, 8151, 60, 76.28
2026-09-02T21:37:59.784090+08:00,0, NVIDIA GeForce RTX 5060, 52, 3887, 8151, 58, 70.33
2026-09-02T21:38:04.822467+08:00,0, NVIDIA GeForce RTX 5060, 46, 3878, 8151, 60, 74.51
2026-09-02T21:38:09.867168+08:00,0, NVIDIA GeForce RTX 5060, 48, 3878, 8151, 59, 73.65
2026-09-02T21:38:14.904138+08:00,0, NVIDIA GeForce RTX 5060, 47, 3878, 8151, 58, 76.34
2026-09-02T21:38:19.944450+08:00,0, NVIDIA GeForce RTX 5060, 47, 3878, 8151, 61, 75.49
2026-09-02T21:38:24.990377+08:00,0, NVIDIA GeForce RTX 5060, 14, 3870, 8151, 53, 36.33
2026-09-02T21:38:30.027873+08:00,0, NVIDIA GeForce RTX 5060, 14, 3882, 8151, 52, 36.15
2026-09-02T21:38:35.075883+08:00,0, NVIDIA GeForce RTX 5060, 14, 3883, 8151, 51, 33.18
2026-09-02T21:38:40.126140+08:00,0, NVIDIA GeForce RTX 5060, 14, 3883, 8151, 52, 35.15
2026-09-02T21:38:45.170130+08:00,0, NVIDIA GeForce RTX 5060, 53, 3120, 8151, 57, 74.98
2026-09-02T21:38:50.209856+08:00,0, NVIDIA GeForce RTX 5060, 47, 3210, 8151, 57, 75.26
2026-09-02T21:38:55.240482+08:00,0, NVIDIA GeForce RTX 5060, 44, 3223, 8151, 57, 73.68
2026-09-02T21:39:00.285419+08:00,0, NVIDIA GeForce RTX 5060, 51, 3224, 8151, 58, 73.36
2026-09-02T21:39:05.327862+08:00,0, NVIDIA GeForce RTX 5060, 52, 3214, 8151, 58, 74.75
2026-09-02T21:39:10.387406+08:00,0, NVIDIA GeForce RTX 5060, 51, 3215, 8151, 57, 75.81
2026-09-02T21:39:15.428762+08:00,0, NVIDIA GeForce RTX 5060, 53, 3214, 8151, 57, 75.61
2026-09-02T21:39:20.466098+08:00,0, NVIDIA GeForce RTX 5060, 50, 3215, 8151, 59, 75.19
2026-09-02T21:39:25.512061+08:00,0, NVIDIA GeForce RTX 5060, 55, 3215, 8151, 59, 77.01
2026-09-02T21:39:30.550526+08:00,0, NVIDIA GeForce RTX 5060, 15, 3594, 8151, 53, 39.25
2026-09-02T21:39:35.592546+08:00,0, NVIDIA GeForce RTX 5060, 4, 3577, 8151, 54, 35.21
2026-09-02T21:39:40.641047+08:00,0, NVIDIA GeForce RTX 5060, 54, 3598, 8151, 55, 76.45
2026-09-02T21:39:45.678121+08:00,0, NVIDIA GeForce RTX 5060, 52, 3576, 8151, 57, 75.04
2026-09-02T21:39:50.718484+08:00,0, NVIDIA GeForce RTX 5060, 53, 3576, 8151, 58, 74.51
2026-09-02T21:39:55.770509+08:00,0, NVIDIA GeForce RTX 5060, 46, 3577, 8151, 57, 75.07
2026-09-02T21:40:00.806991+08:00,0, NVIDIA GeForce RTX 5060, 50, 3577, 8151, 57, 75.14
2026-09-02T21:40:05.846338+08:00,0, NVIDIA GeForce RTX 5060, 45, 3576, 8151, 59, 75.54
2026-09-02T21:40:10.889019+08:00,0, NVIDIA GeForce RTX 5060, 50, 3586, 8151, 60, 76.68
2026-09-02T21:40:15.937325+08:00,0, NVIDIA GeForce RTX 5060, 53, 3588, 8151, 60, 75.15
2026-09-02T21:40:20.986428+08:00,0, NVIDIA GeForce RTX 5060, 57, 3588, 8151, 58, 75.01
2026-09-02T21:40:26.031512+08:00,0, NVIDIA GeForce RTX 5060, 14, 3584, 8151, 53, 39.23
2026-09-02T21:40:31.077260+08:00,0, NVIDIA GeForce RTX 5060, 14, 3576, 8151, 52, 34.96
2026-09-02T21:40:36.115486+08:00,0, NVIDIA GeForce RTX 5060, 45, 3576, 8151, 58, 74.69
2026-09-02T21:40:41.156235+08:00,0, NVIDIA GeForce RTX 5060, 56, 3587, 8151, 56, 77.40
2026-09-02T21:40:46.209951+08:00,0, NVIDIA GeForce RTX 5060, 48, 3584, 8151, 59, 74.78
2026-09-02T21:40:51.247327+08:00,0, NVIDIA GeForce RTX 5060, 52, 3576, 8151, 58, 75.38
2026-09-02T21:40:56.300454+08:00,0, NVIDIA GeForce RTX 5060, 48, 3576, 8151, 59, 76.22
2026-09-02T21:41:01.350039+08:00,0, NVIDIA GeForce RTX 5060, 45, 3577, 8151, 59, 75.11
2026-09-02T21:41:06.387821+08:00,0, NVIDIA GeForce RTX 5060, 56, 3587, 8151, 60, 76.74
2026-09-02T21:41:11.430272+08:00,0, NVIDIA GeForce RTX 5060, 56, 3584, 8151, 60, 76.13
2026-09-02T21:41:16.470581+08:00,0, NVIDIA GeForce RTX 5060, 44, 3584, 8151, 60, 75.59
2026-09-02T21:41:21.512060+08:00,0, NVIDIA GeForce RTX 5060, 14, 3584, 8151, 53, 35.34
2026-09-02T21:41:26.561203+08:00,0, NVIDIA GeForce RTX 5060, 14, 3584, 8151, 53, 35.97
2026-09-02T21:41:31.608406+08:00,0, NVIDIA GeForce RTX 5060, 45, 3584, 8151, 58, 75.10
2026-09-02T21:41:36.659001+08:00,0, NVIDIA GeForce RTX 5060, 53, 3584, 8151, 56, 76.22
2026-09-02T21:41:41.691147+08:00,0, NVIDIA GeForce RTX 5060, 50, 3584, 8151, 58, 74.49
2026-09-02T21:41:46.732544+08:00,0, NVIDIA GeForce RTX 5060, 51, 3584, 8151, 57, 74.53
2026-09-02T21:41:51.773717+08:00,0, NVIDIA GeForce RTX 5060, 46, 3584, 8151, 59, 75.05
2026-09-02T21:41:56.810666+08:00,0, NVIDIA GeForce RTX 5060, 45, 3584, 8151, 57, 74.96
2026-09-02T21:42:01.859094+08:00,0, NVIDIA GeForce RTX 5060, 44, 3584, 8151, 58, 75.00
2026-09-02T21:42:06.911185+08:00,0, NVIDIA GeForce RTX 5060, 45, 3576, 8151, 58, 75.20
2026-09-02T21:42:11.948156+08:00,0, NVIDIA GeForce RTX 5060, 47, 3588, 8151, 60, 74.97
2026-09-02T21:42:17.012018+08:00,0, NVIDIA GeForce RTX 5060, 15, 3594, 8151, 53, 37.26
2026-09-02T21:42:22.060600+08:00,0, NVIDIA GeForce RTX 5060, 14, 3584, 8151, 52, 33.50
2026-09-02T21:42:27.103582+08:00,0, NVIDIA GeForce RTX 5060, 56, 3586, 8151, 58, 76.06
2026-09-02T21:42:32.139937+08:00,0, NVIDIA GeForce RTX 5060, 54, 3587, 8151, 58, 76.50
2026-09-02T21:42:37.180665+08:00,0, NVIDIA GeForce RTX 5060, 47, 3576, 8151, 59, 74.53
2026-09-02T21:42:42.220684+08:00,0, NVIDIA GeForce RTX 5060, 46, 3583, 8151, 59, 75.31
2026-09-02T21:42:47.262259+08:00,0, NVIDIA GeForce RTX 5060, 45, 3576, 8151, 58, 73.88
2026-09-02T21:42:52.314616+08:00,0, NVIDIA GeForce RTX 5060, 46, 3575, 8151, 58, 75.36
2026-09-02T21:42:57.361377+08:00,0, NVIDIA GeForce RTX 5060, 45, 3593, 8151, 57, 75.16
2026-09-02T21:43:02.402137+08:00,0, NVIDIA GeForce RTX 5060, 50, 3584, 8151, 57, 74.69
2026-09-02T21:43:07.444499+08:00,0, NVIDIA GeForce RTX 5060, 49, 3585, 8151, 58, 75.48
2026-09-02T21:43:12.486474+08:00,0, NVIDIA GeForce RTX 5060, 4, 3584, 8151, 54, 45.13
2026-09-02T21:43:17.535257+08:00,0, NVIDIA GeForce RTX 5060, 14, 3584, 8151, 51, 33.48
2026-09-02T21:43:22.582333+08:00,0, NVIDIA GeForce RTX 5060, 49, 3584, 8151, 56, 74.35
2026-09-02T21:43:27.621876+08:00,0, NVIDIA GeForce RTX 5060, 53, 3584, 8151, 56, 75.43
2026-09-02T21:43:32.677330+08:00,0, NVIDIA GeForce RTX 5060, 41, 3584, 8151, 57, 71.27
2026-09-02T21:43:37.734620+08:00,0, NVIDIA GeForce RTX 5060, 54, 3584, 8151, 58, 76.52
2026-09-02T21:43:42.778589+08:00,0, NVIDIA GeForce RTX 5060, 47, 3594, 8151, 58, 74.07
2026-09-02T21:43:47.833139+08:00,0, NVIDIA GeForce RTX 5060, 46, 3584, 8151, 58, 75.46
2026-09-02T21:43:52.875831+08:00,0, NVIDIA GeForce RTX 5060, 53, 3584, 8151, 60, 75.11
2026-09-02T21:43:57.912859+08:00,0, NVIDIA GeForce RTX 5060, 50, 3584, 8151, 59, 75.93
2026-09-02T21:44:02.951934+08:00,0, NVIDIA GeForce RTX 5060, 45, 3584, 8151, 58, 74.95
2026-09-02T21:44:07.993700+08:00,0, NVIDIA GeForce RTX 5060, 9, 3584, 8151, 55, 47.97
2026-09-02T21:44:13.037029+08:00,0, NVIDIA GeForce RTX 5060, 13, 3584, 8151, 53, 34.51
2026-09-02T21:44:18.072043+08:00,0, NVIDIA GeForce RTX 5060, 47, 3576, 8151, 59, 75.11
2026-09-02T21:44:23.114763+08:00,0, NVIDIA GeForce RTX 5060, 53, 3576, 8151, 59, 75.45
2026-09-02T21:44:28.153491+08:00,0, NVIDIA GeForce RTX 5060, 44, 3584, 8151, 58, 74.70
2026-09-02T21:44:33.192593+08:00,0, NVIDIA GeForce RTX 5060, 52, 3578, 8151, 59, 74.97
2026-09-02T21:44:38.234499+08:00,0, NVIDIA GeForce RTX 5060, 46, 3577, 8151, 59, 74.40
2026-09-02T21:44:43.275586+08:00,0, NVIDIA GeForce RTX 5060, 47, 3577, 8151, 60, 75.46
2026-09-02T21:44:48.325213+08:00,0, NVIDIA GeForce RTX 5060, 50, 3589, 8151, 58, 75.07
2026-09-02T21:44:53.366736+08:00,0, NVIDIA GeForce RTX 5060, 54, 3593, 8151, 60, 77.10
2026-09-02T21:44:58.405739+08:00,0, NVIDIA GeForce RTX 5060, 45, 3583, 8151, 58, 75.28
2026-09-02T21:45:03.443907+08:00,0, NVIDIA GeForce RTX 5060, 4, 3576, 8151, 55, 46.89
2026-09-02T21:45:08.500715+08:00,0, NVIDIA GeForce RTX 5060, 10, 3586, 8151, 52, 35.97
2026-09-02T21:45:13.548487+08:00,0, NVIDIA GeForce RTX 5060, 55, 3585, 8151, 57, 73.30
2026-09-02T21:45:18.588954+08:00,0, NVIDIA GeForce RTX 5060, 52, 3576, 8151, 56, 75.35
2026-09-02T21:45:23.635968+08:00,0, NVIDIA GeForce RTX 5060, 51, 3576, 8151, 58, 74.78
2026-09-02T21:45:28.676477+08:00,0, NVIDIA GeForce RTX 5060, 48, 3586, 8151, 58, 75.66
2026-09-02T21:45:33.725819+08:00,0, NVIDIA GeForce RTX 5060, 52, 3576, 8151, 59, 75.79
2026-09-02T21:45:38.766883+08:00,0, NVIDIA GeForce RTX 5060, 44, 3583, 8151, 58, 74.17
2026-09-02T21:45:43.803737+08:00,0, NVIDIA GeForce RTX 5060, 53, 3575, 8151, 59, 76.50
2026-09-02T21:45:48.842493+08:00,0, NVIDIA GeForce RTX 5060, 45, 3576, 8151, 58, 75.89
2026-09-02T21:45:53.876728+08:00,0, NVIDIA GeForce RTX 5060, 47, 3576, 8151, 59, 75.35
2026-09-02T21:45:58.909158+08:00,0, NVIDIA GeForce RTX 5060, 7, 3577, 8151, 56, 47.82
2026-09-02T21:46:03.944387+08:00,0, NVIDIA GeForce RTX 5060, 14, 3576, 8151, 56, 35.82
2026-09-02T21:46:08.990411+08:00,0, NVIDIA GeForce RTX 5060, 53, 3576, 8151, 56, 70.53
2026-09-02T21:46:14.045306+08:00,0, NVIDIA GeForce RTX 5060, 44, 3586, 8151, 58, 74.35
2026-09-02T21:46:19.087934+08:00,0, NVIDIA GeForce RTX 5060, 53, 3584, 8151, 58, 74.39
2026-09-02T21:46:24.138152+08:00,0, NVIDIA GeForce RTX 5060, 46, 3575, 8151, 56, 71.22
2026-09-02T21:46:29.478120+08:00,0, NVIDIA GeForce RTX 5060, 45, 3577, 8151, 57, 68.59
2026-09-02T21:46:34.518553+08:00,0, NVIDIA GeForce RTX 5060, 46, 3588, 8151, 57, 74.29
2026-09-02T21:46:39.566787+08:00,0, NVIDIA GeForce RTX 5060, 45, 3589, 8151, 57, 74.61
2026-09-02T21:46:44.606203+08:00,0, NVIDIA GeForce RTX 5060, 45, 3578, 8151, 59, 74.36
2026-09-02T21:46:49.655971+08:00,0, NVIDIA GeForce RTX 5060, 47, 3577, 8151, 58, 73.13
2026-09-02T21:46:54.699568+08:00,0, NVIDIA GeForce RTX 5060, 52, 3578, 8151, 60, 74.94
2026-09-02T21:46:59.739337+08:00,0, NVIDIA GeForce RTX 5060, 15, 3587, 8151, 52, 36.07
2026-09-02T21:47:04.800883+08:00,0, NVIDIA GeForce RTX 5060, 14, 3578, 8151, 52, 35.37
2026-09-02T21:47:09.840791+08:00,0, NVIDIA GeForce RTX 5060, 50, 3577, 8151, 58, 73.47
2026-09-02T21:47:14.881046+08:00,0, NVIDIA GeForce RTX 5060, 51, 3577, 8151, 58, 75.46
2026-09-02T21:47:19.919351+08:00,0, NVIDIA GeForce RTX 5060, 48, 3589, 8151, 58, 74.81
2026-09-02T21:47:24.988449+08:00,0, NVIDIA GeForce RTX 5060, 26, 3578, 8151, 59, 64.90
2026-09-02T21:47:30.029346+08:00,0, NVIDIA GeForce RTX 5060, 38, 3578, 8151, 58, 68.10
2026-09-02T21:47:35.088737+08:00,0, NVIDIA GeForce RTX 5060, 39, 3577, 8151, 57, 66.93
2026-09-02T21:47:40.129492+08:00,0, NVIDIA GeForce RTX 5060, 33, 3585, 8151, 59, 67.06
2026-09-02T21:47:45.179119+08:00,0, NVIDIA GeForce RTX 5060, 38, 3586, 8151, 57, 68.27
2026-09-02T21:47:50.230881+08:00,0, NVIDIA GeForce RTX 5060, 45, 3589, 8151, 56, 68.72
2026-09-02T21:47:55.280052+08:00,0, NVIDIA GeForce RTX 5060, 39, 3585, 8151, 56, 66.57
2026-09-02T21:48:00.322604+08:00,0, NVIDIA GeForce RTX 5060, 14, 3577, 8151, 54, 44.95
2026-09-02T21:48:05.369860+08:00,0, NVIDIA GeForce RTX 5060, 15, 3577, 8151, 51, 33.22
2026-09-02T21:48:10.416156+08:00,0, NVIDIA GeForce RTX 5060, 14, 3578, 8151, 52, 32.71
2026-09-02T21:48:15.471697+08:00,0, NVIDIA GeForce RTX 5060, 50, 3578, 8151, 57, 72.35
2026-09-02T21:48:20.519288+08:00,0, NVIDIA GeForce RTX 5060, 43, 3589, 8151, 58, 71.50
2026-09-02T21:48:25.569152+08:00,0, NVIDIA GeForce RTX 5060, 44, 3588, 8151, 57, 72.59
2026-09-02T21:48:30.609645+08:00,0, NVIDIA GeForce RTX 5060, 44, 3588, 8151, 57, 72.66
2026-09-02T21:48:35.666175+08:00,0, NVIDIA GeForce RTX 5060, 47, 3577, 8151, 57, 72.61
2026-09-02T21:48:40.722253+08:00,0, NVIDIA GeForce RTX 5060, 47, 3589, 8151, 58, 74.43
2026-09-02T21:48:45.767952+08:00,0, NVIDIA GeForce RTX 5060, 44, 3577, 8151, 56, 72.06
2026-09-02T21:48:50.822988+08:00,0, NVIDIA GeForce RTX 5060, 46, 3576, 8151, 57, 71.75
2026-09-02T21:48:55.873294+08:00,0, NVIDIA GeForce RTX 5060, 45, 3576, 8151, 58, 74.19
2026-09-02T21:49:00.919810+08:00,0, NVIDIA GeForce RTX 5060, 15, 3588, 8151, 54, 56.23
2026-09-02T21:49:05.988038+08:00,0, NVIDIA GeForce RTX 5060, 14, 3576, 8151, 54, 35.96
2026-09-02T21:49:11.045798+08:00,0, NVIDIA GeForce RTX 5060, 33, 3576, 8151, 52, 38.08
2026-09-02T21:49:16.095905+08:00,0, NVIDIA GeForce RTX 5060, 43, 3585, 8151, 56, 71.69
2026-09-02T21:49:21.133994+08:00,0, NVIDIA GeForce RTX 5060, 47, 3577, 8151, 59, 74.11
2026-09-02T21:49:26.171196+08:00,0, NVIDIA GeForce RTX 5060, 45, 3577, 8151, 59, 74.78
2026-09-02T21:49:31.223247+08:00,0, NVIDIA GeForce RTX 5060, 48, 3582, 8151, 58, 74.22
2026-09-02T21:49:36.267111+08:00,0, NVIDIA GeForce RTX 5060, 46, 3578, 8151, 56, 72.84
2026-09-02T21:49:41.311844+08:00,0, NVIDIA GeForce RTX 5060, 44, 3581, 8151, 58, 70.90
2026-09-02T21:49:46.372272+08:00,0, NVIDIA GeForce RTX 5060, 45, 3591, 8151, 58, 73.26
2026-09-02T21:49:51.424482+08:00,0, NVIDIA GeForce RTX 5060, 46, 3577, 8151, 57, 72.80
2026-09-02T21:49:56.487894+08:00,0, NVIDIA GeForce RTX 5060, 43, 3587, 8151, 59, 73.72
2026-09-02T21:50:01.539381+08:00,0, NVIDIA GeForce RTX 5060, 14, 3576, 8151, 52, 36.42
2026-09-02T21:50:06.577384+08:00,0, NVIDIA GeForce RTX 5060, 14, 3585, 8151, 51, 35.46
2026-09-02T21:50:11.621892+08:00,0, NVIDIA GeForce RTX 5060, 45, 3577, 8151, 57, 72.47
2026-09-02T21:50:16.668847+08:00,0, NVIDIA GeForce RTX 5060, 45, 3578, 8151, 58, 73.89
2026-09-02T21:50:21.731483+08:00,0, NVIDIA GeForce RTX 5060, 52, 3588, 8151, 58, 74.91
2026-09-02T21:50:26.773241+08:00,0, NVIDIA GeForce RTX 5060, 52, 3576, 8151, 57, 74.97
2026-09-02T21:50:31.821951+08:00,0, NVIDIA GeForce RTX 5060, 52, 3577, 8151, 57, 76.12
2026-09-02T21:50:36.863929+08:00,0, NVIDIA GeForce RTX 5060, 50, 3576, 8151, 58, 74.80
2026-09-02T21:50:41.903414+08:00,0, NVIDIA GeForce RTX 5060, 51, 3577, 8151, 57, 73.99
2026-09-02T21:50:46.942601+08:00,0, NVIDIA GeForce RTX 5060, 46, 3577, 8151, 58, 75.30
2026-09-02T21:50:51.987443+08:00,0, NVIDIA GeForce RTX 5060, 46, 3568, 8151, 57, 73.59
2026-09-02T21:50:57.030044+08:00,0, NVIDIA GeForce RTX 5060, 14, 3589, 8151, 53, 38.63
2026-09-02T21:51:02.078063+08:00,0, NVIDIA GeForce RTX 5060, 14, 3576, 8151, 51, 35.22
2026-09-02T21:51:07.124232+08:00,0, NVIDIA GeForce RTX 5060, 54, 3580, 8151, 57, 76.31
2026-09-02T21:51:12.165562+08:00,0, NVIDIA GeForce RTX 5060, 44, 3592, 8151, 58, 74.69
2026-09-02T21:51:17.200360+08:00,0, NVIDIA GeForce RTX 5060, 52, 3593, 8151, 57, 75.41
2026-09-02T21:51:22.243191+08:00,0, NVIDIA GeForce RTX 5060, 45, 3581, 8151, 57, 69.80
2026-09-02T21:51:27.304277+08:00,0, NVIDIA GeForce RTX 5060, 50, 3577, 8151, 57, 73.42
2026-09-02T21:51:32.345460+08:00,0, NVIDIA GeForce RTX 5060, 50, 3586, 8151, 57, 75.25
2026-09-02T21:51:37.400054+08:00,0, NVIDIA GeForce RTX 5060, 45, 3586, 8151, 57, 71.67
2026-09-02T21:51:42.434688+08:00,0, NVIDIA GeForce RTX 5060, 48, 3586, 8151, 58, 73.52
2026-09-02T21:51:47.489265+08:00,0, NVIDIA GeForce RTX 5060, 45, 3585, 8151, 59, 75.14
2026-09-02T21:51:52.547653+08:00,0, NVIDIA GeForce RTX 5060, 14, 3585, 8151, 56, 44.19
2026-09-02T21:51:57.585418+08:00,0, NVIDIA GeForce RTX 5060, 14, 3586, 8151, 51, 35.94
2026-09-02T21:52:02.632913+08:00,0, NVIDIA GeForce RTX 5060, 51, 3584, 8151, 56, 74.52
2026-09-02T21:52:07.677922+08:00,0, NVIDIA GeForce RTX 5060, 53, 3585, 8151, 56, 75.53
2026-09-02T21:52:12.713006+08:00,0, NVIDIA GeForce RTX 5060, 29, 3577, 8151, 58, 70.67
2026-09-02T21:52:17.753906+08:00,0, NVIDIA GeForce RTX 5060, 52, 3576, 8151, 57, 75.83
2026-09-02T21:52:22.806070+08:00,0, NVIDIA GeForce RTX 5060, 52, 3587, 8151, 57, 74.04
2026-09-02T21:52:27.845362+08:00,0, NVIDIA GeForce RTX 5060, 47, 3594, 8151, 58, 73.66
2026-09-02T21:52:32.883793+08:00,0, NVIDIA GeForce RTX 5060, 51, 3585, 8151, 59, 74.40
2026-09-02T21:52:37.927636+08:00,0, NVIDIA GeForce RTX 5060, 55, 3585, 8151, 60, 76.47
2026-09-02T21:52:42.965776+08:00,0, NVIDIA GeForce RTX 5060, 55, 3586, 8151, 60, 74.74
2026-09-02T21:52:48.007730+08:00,0, NVIDIA GeForce RTX 5060, 14, 3586, 8151, 55, 48.72
2026-09-02T21:52:53.056020+08:00,0, NVIDIA GeForce RTX 5060, 15, 3585, 8151, 52, 35.41
2026-09-02T21:52:58.106509+08:00,0, NVIDIA GeForce RTX 5060, 49, 3585, 8151, 57, 73.54
2026-09-02T21:53:03.145999+08:00,0, NVIDIA GeForce RTX 5060, 56, 3586, 8151, 58, 75.91
2026-09-02T21:53:08.206176+08:00,0, NVIDIA GeForce RTX 5060, 55, 3587, 8151, 58, 75.62
2026-09-02T21:53:13.245932+08:00,0, NVIDIA GeForce RTX 5060, 44, 3598, 8151, 59, 71.54
2026-09-02T21:53:18.288483+08:00,0, NVIDIA GeForce RTX 5060, 45, 3576, 8151, 59, 73.93
2026-09-02T21:53:23.327514+08:00,0, NVIDIA GeForce RTX 5060, 48, 3588, 8151, 59, 75.01
2026-09-02T21:53:28.377795+08:00,0, NVIDIA GeForce RTX 5060, 46, 3585, 8151, 58, 74.58
2026-09-02T21:53:33.418427+08:00,0, NVIDIA GeForce RTX 5060, 54, 3585, 8151, 60, 76.44
2026-09-02T21:53:38.458511+08:00,0, NVIDIA GeForce RTX 5060, 51, 3588, 8151, 61, 72.17
2026-09-02T21:53:43.500772+08:00,0, NVIDIA GeForce RTX 5060, 14, 3571, 8151, 56, 47.91
2026-09-02T21:53:48.557068+08:00,0, NVIDIA GeForce RTX 5060, 2, 3584, 8151, 52, 36.11
2026-09-02T21:53:53.611190+08:00,0, NVIDIA GeForce RTX 5060, 45, 3577, 8151, 57, 58.88
2026-09-02T21:53:58.650620+08:00,0, NVIDIA GeForce RTX 5060, 48, 3575, 8151, 57, 75.47
2026-09-02T21:54:03.703737+08:00,0, NVIDIA GeForce RTX 5060, 44, 3566, 8151, 59, 74.52
2026-09-02T21:54:08.748374+08:00,0, NVIDIA GeForce RTX 5060, 53, 3576, 8151, 58, 75.75
2026-09-02T21:54:13.810379+08:00,0, NVIDIA GeForce RTX 5060, 50, 3567, 8151, 58, 75.45
2026-09-02T21:54:18.847687+08:00,0, NVIDIA GeForce RTX 5060, 51, 3567, 8151, 60, 75.30
2026-09-02T21:54:23.890360+08:00,0, NVIDIA GeForce RTX 5060, 47, 3567, 8151, 60, 75.67
2026-09-02T21:54:28.932806+08:00,0, NVIDIA GeForce RTX 5060, 32, 3574, 8151, 58, 72.80
2026-09-02T21:54:33.976196+08:00,0, NVIDIA GeForce RTX 5060, 47, 3580, 8151, 60, 75.18
2026-09-02T21:54:39.048975+08:00,0, NVIDIA GeForce RTX 5060, 14, 3585, 8151, 55, 62.28
2026-09-02T21:54:44.087367+08:00,0, NVIDIA GeForce RTX 5060, 14, 3576, 8151, 52, 37.02
2026-09-02T21:54:49.134312+08:00,0, NVIDIA GeForce RTX 5060, 42, 3575, 8151, 53, 42.62
2026-09-02T21:54:54.172253+08:00,0, NVIDIA GeForce RTX 5060, 45, 3575, 8151, 56, 72.26
2026-09-02T21:54:59.212362+08:00,0, NVIDIA GeForce RTX 5060, 45, 3575, 8151, 57, 72.72
2026-09-02T21:55:04.249632+08:00,0, NVIDIA GeForce RTX 5060, 45, 3576, 8151, 57, 73.98
2026-09-02T21:55:09.291853+08:00,0, NVIDIA GeForce RTX 5060, 46, 3576, 8151, 57, 72.09
2026-09-02T21:55:14.335608+08:00,0, NVIDIA GeForce RTX 5060, 48, 3576, 8151, 58, 72.06
2026-09-02T21:55:19.370287+08:00,0, NVIDIA GeForce RTX 5060, 48, 3567, 8151, 60, 75.99
2026-09-02T21:55:24.409829+08:00,0, NVIDIA GeForce RTX 5060, 53, 3567, 8151, 59, 74.01
2026-09-02T21:55:29.451483+08:00,0, NVIDIA GeForce RTX 5060, 45, 3569, 8151, 58, 74.56
2026-09-02T21:55:34.494805+08:00,0, NVIDIA GeForce RTX 5060, 49, 3567, 8151, 60, 75.27
2026-09-02T21:55:39.531881+08:00,0, NVIDIA GeForce RTX 5060, 14, 3567, 8151, 52, 36.06
2026-09-02T21:55:44.579073+08:00,0, NVIDIA GeForce RTX 5060, 14, 3577, 8151, 51, 35.53
2026-09-02T21:55:49.624831+08:00,0, NVIDIA GeForce RTX 5060, 50, 3572, 8151, 58, 75.62
2026-09-02T21:55:54.673103+08:00,0, NVIDIA GeForce RTX 5060, 55, 3572, 8151, 56, 75.98
2026-09-02T21:55:59.731307+08:00,0, NVIDIA GeForce RTX 5060, 45, 3572, 8151, 59, 75.17
2026-09-02T21:56:04.773314+08:00,0, NVIDIA GeForce RTX 5060, 45, 3573, 8151, 58, 74.78
2026-09-02T21:56:09.817341+08:00,0, NVIDIA GeForce RTX 5060, 47, 3573, 8151, 60, 74.96
2026-09-02T21:56:14.873307+08:00,0, NVIDIA GeForce RTX 5060, 55, 3573, 8151, 58, 75.06
2026-09-02T21:56:19.913398+08:00,0, NVIDIA GeForce RTX 5060, 45, 3580, 8151, 58, 75.38
2026-09-02T21:56:24.951882+08:00,0, NVIDIA GeForce RTX 5060, 49, 3580, 8151, 60, 75.08
2026-09-02T21:56:29.993688+08:00,0, NVIDIA GeForce RTX 5060, 47, 3573, 8151, 59, 74.63
2026-09-02T21:56:35.053704+08:00,0, NVIDIA GeForce RTX 5060, 14, 3584, 8151, 54, 36.04
2026-09-02T21:56:40.103313+08:00,0, NVIDIA GeForce RTX 5060, 14, 3582, 8151, 51, 33.38
2026-09-02T21:56:45.135620+08:00,0, NVIDIA GeForce RTX 5060, 51, 3572, 8151, 56, 74.36
2026-09-02T21:56:50.183047+08:00,0, NVIDIA GeForce RTX 5060, 52, 3581, 8151, 59, 74.77
2026-09-02T21:56:55.221274+08:00,0, NVIDIA GeForce RTX 5060, 49, 3581, 8151, 58, 74.90
2026-09-02T21:57:00.261911+08:00,0, NVIDIA GeForce RTX 5060, 45, 3580, 8151, 60, 74.76
2026-09-02T21:57:05.305863+08:00,0, NVIDIA GeForce RTX 5060, 48, 3573, 8151, 59, 74.78
2026-09-02T21:57:10.341196+08:00,0, NVIDIA GeForce RTX 5060, 51, 3573, 8151, 59, 75.04
2026-09-02T21:57:15.382972+08:00,0, NVIDIA GeForce RTX 5060, 50, 3580, 8151, 61, 76.25
2026-09-02T21:57:20.420661+08:00,0, NVIDIA GeForce RTX 5060, 45, 3572, 8151, 58, 75.13
2026-09-02T21:57:25.475504+08:00,0, NVIDIA GeForce RTX 5060, 54, 3592, 8151, 60, 75.94
2026-09-02T21:57:30.513093+08:00,0, NVIDIA GeForce RTX 5060, 14, 3580, 8151, 52, 35.43
2026-09-02T21:57:35.547749+08:00,0, NVIDIA GeForce RTX 5060, 14, 3580, 8151, 51, 35.59
2026-09-02T21:57:40.583456+08:00,0, NVIDIA GeForce RTX 5060, 45, 3583, 8151, 58, 74.62
2026-09-02T21:57:45.626309+08:00,0, NVIDIA GeForce RTX 5060, 56, 3573, 8151, 58, 75.07
2026-09-02T21:57:50.771089+08:00,0, NVIDIA GeForce RTX 5060, 46, 3572, 8151, 59, 74.73
2026-09-02T21:57:55.815731+08:00,0, NVIDIA GeForce RTX 5060, 55, 3571, 8151, 57, 75.96
2026-09-02T21:58:00.863264+08:00,0, NVIDIA GeForce RTX 5060, 53, 3582, 8151, 58, 74.14
2026-09-02T21:58:05.914382+08:00,0, NVIDIA GeForce RTX 5060, 48, 3571, 8151, 58, 75.39
2026-09-02T21:58:10.954716+08:00,0, NVIDIA GeForce RTX 5060, 44, 3572, 8151, 58, 74.33
2026-09-02T21:58:15.989491+08:00,0, NVIDIA GeForce RTX 5060, 47, 3571, 8151, 60, 75.00
2026-09-02T21:58:21.052221+08:00,0, NVIDIA GeForce RTX 5060, 45, 3582, 8151, 60, 75.36
2026-09-02T21:58:26.170216+08:00,0, NVIDIA GeForce RTX 5060, 14, 3580, 8151, 52, 35.13
2026-09-02T21:58:31.217166+08:00,0, NVIDIA GeForce RTX 5060, 14, 3580, 8151, 51, 35.47
2026-09-02T21:58:36.256683+08:00,0, NVIDIA GeForce RTX 5060, 54, 3580, 8151, 56, 74.96
2026-09-02T21:58:41.299886+08:00,0, NVIDIA GeForce RTX 5060, 51, 3580, 8151, 56, 73.34
2026-09-02T21:58:46.345178+08:00,0, NVIDIA GeForce RTX 5060, 43, 3580, 8151, 59, 74.28
2026-09-02T21:58:51.419656+08:00,0, NVIDIA GeForce RTX 5060, 47, 3581, 8151, 58, 74.91
2026-09-02T21:58:56.462463+08:00,0, NVIDIA GeForce RTX 5060, 51, 3580, 8151, 57, 75.91
2026-09-02T21:59:01.514210+08:00,0, NVIDIA GeForce RTX 5060, 52, 3580, 8151, 60, 75.56
2026-09-02T21:59:06.556697+08:00,0, NVIDIA GeForce RTX 5060, 51, 3580, 8151, 59, 75.04
2026-09-02T21:59:11.600099+08:00,0, NVIDIA GeForce RTX 5060, 52, 3580, 8151, 59, 74.82
2026-09-02T21:59:16.649924+08:00,0, NVIDIA GeForce RTX 5060, 46, 3580, 8151, 59, 70.75
2026-09-02T21:59:21.687933+08:00,0, NVIDIA GeForce RTX 5060, 2, 3570, 8151, 54, 33.68
2026-09-02T21:59:26.749204+08:00,0, NVIDIA GeForce RTX 5060, 14, 3579, 8151, 52, 34.85
2026-09-02T21:59:31.786213+08:00,0, NVIDIA GeForce RTX 5060, 50, 3585, 8151, 57, 74.13
2026-09-02T21:59:36.822246+08:00,0, NVIDIA GeForce RTX 5060, 44, 3594, 8151, 58, 75.00
2026-09-02T21:59:41.867780+08:00,0, NVIDIA GeForce RTX 5060, 45, 3588, 8151, 59, 75.04
2026-09-02T21:59:46.909756+08:00,0, NVIDIA GeForce RTX 5060, 53, 3580, 8151, 59, 74.82
2026-09-02T21:59:51.956446+08:00,0, NVIDIA GeForce RTX 5060, 50, 3580, 8151, 59, 74.76
2026-09-02T21:59:57.001229+08:00,0, NVIDIA GeForce RTX 5060, 50, 3580, 8151, 59, 75.24
2026-09-02T22:00:02.037473+08:00,0, NVIDIA GeForce RTX 5060, 45, 3571, 8151, 58, 74.77
2026-09-02T22:00:07.090718+08:00,0, NVIDIA GeForce RTX 5060, 48, 3572, 8151, 59, 75.35
2026-09-02T22:00:12.123640+08:00,0, NVIDIA GeForce RTX 5060, 49, 3570, 8151, 60, 73.75
2026-09-02T22:00:17.165734+08:00,0, NVIDIA GeForce RTX 5060, 14, 3588, 8151, 53, 37.89
2026-09-02T22:00:22.222061+08:00,0, NVIDIA GeForce RTX 5060, 12, 3579, 8151, 51, 34.85
2026-09-02T22:00:27.259622+08:00,0, NVIDIA GeForce RTX 5060, 47, 3579, 8151, 58, 74.88
2026-09-02T22:00:32.303337+08:00,0, NVIDIA GeForce RTX 5060, 47, 3580, 8151, 58, 75.18
2026-09-02T22:00:37.349439+08:00,0, NVIDIA GeForce RTX 5060, 50, 3575, 8151, 59, 74.38
2026-09-02T22:00:42.391273+08:00,0, NVIDIA GeForce RTX 5060, 48, 3576, 8151, 58, 74.52
2026-09-02T22:00:47.447715+08:00,0, NVIDIA GeForce RTX 5060, 44, 3575, 8151, 58, 75.00
2026-09-02T22:00:52.491993+08:00,0, NVIDIA GeForce RTX 5060, 54, 3575, 8151, 59, 75.64
2026-09-02T22:00:57.529297+08:00,0, NVIDIA GeForce RTX 5060, 33, 3576, 8151, 58, 71.72
2026-09-02T22:01:02.569754+08:00,0, NVIDIA GeForce RTX 5060, 53, 3575, 8151, 60, 76.39
2026-09-02T22:01:07.618193+08:00,0, NVIDIA GeForce RTX 5060, 49, 3575, 8151, 58, 75.42
2026-09-02T22:01:12.680661+08:00,0, NVIDIA GeForce RTX 5060, 15, 3567, 8151, 53, 35.29
2026-09-02T22:01:17.722639+08:00,0, NVIDIA GeForce RTX 5060, 15, 3567, 8151, 51, 34.24
2026-09-02T22:01:22.759102+08:00,0, NVIDIA GeForce RTX 5060, 53, 3567, 8151, 58, 75.66
2026-09-02T22:01:27.792652+08:00,0, NVIDIA GeForce RTX 5060, 51, 3574, 8151, 56, 74.77
2026-09-02T22:01:32.826199+08:00,0, NVIDIA GeForce RTX 5060, 54, 3566, 8151, 57, 75.98
2026-09-02T22:01:37.864610+08:00,0, NVIDIA GeForce RTX 5060, 55, 3578, 8151, 56, 74.51
2026-09-02T22:01:42.920150+08:00,0, NVIDIA GeForce RTX 5060, 44, 3567, 8151, 57, 73.92
2026-09-02T22:01:47.964189+08:00,0, NVIDIA GeForce RTX 5060, 49, 3577, 8151, 59, 71.94
2026-09-02T22:01:53.011987+08:00,0, NVIDIA GeForce RTX 5060, 47, 3566, 8151, 60, 75.26
2026-09-02T22:01:58.052561+08:00,0, NVIDIA GeForce RTX 5060, 55, 3577, 8151, 59, 76.54
2026-09-02T22:02:03.091007+08:00,0, NVIDIA GeForce RTX 5060, 54, 3568, 8151, 60, 75.13
2026-09-02T22:02:08.127952+08:00,0, NVIDIA GeForce RTX 5060, 14, 3566, 8151, 54, 38.03
2026-09-02T22:02:13.172189+08:00,0, NVIDIA GeForce RTX 5060, 14, 3567, 8151, 53, 35.58
2026-09-02T22:02:18.212868+08:00,0, NVIDIA GeForce RTX 5060, 53, 3567, 8151, 56, 76.39
2026-09-02T22:02:23.262193+08:00,0, NVIDIA GeForce RTX 5060, 43, 3568, 8151, 59, 74.41
2026-09-02T22:02:28.304041+08:00,0, NVIDIA GeForce RTX 5060, 52, 3568, 8151, 57, 75.99
2026-09-02T22:02:33.349139+08:00,0, NVIDIA GeForce RTX 5060, 45, 3567, 8151, 59, 74.94
2026-09-02T22:02:38.394801+08:00,0, NVIDIA GeForce RTX 5060, 45, 3566, 8151, 60, 74.29
2026-09-02T22:02:43.456910+08:00,0, NVIDIA GeForce RTX 5060, 47, 3578, 8151, 57, 74.61
2026-09-02T22:02:48.492235+08:00,0, NVIDIA GeForce RTX 5060, 45, 3567, 8151, 58, 75.21
2026-09-02T22:02:53.534424+08:00,0, NVIDIA GeForce RTX 5060, 53, 3567, 8151, 59, 75.52
2026-09-02T22:02:58.572055+08:00,0, NVIDIA GeForce RTX 5060, 46, 3566, 8151, 59, 75.53
2026-09-02T22:03:03.618995+08:00,0, NVIDIA GeForce RTX 5060, 5, 3577, 8151, 54, 36.34
2026-09-02T22:03:08.665085+08:00,0, NVIDIA GeForce RTX 5060, 6, 3566, 8151, 53, 34.72
2026-09-02T22:03:13.718648+08:00,0, NVIDIA GeForce RTX 5060, 51, 3578, 8151, 56, 75.79
2026-09-02T22:03:18.763460+08:00,0, NVIDIA GeForce RTX 5060, 54, 3575, 8151, 58, 77.29
2026-09-02T22:03:23.804344+08:00,0, NVIDIA GeForce RTX 5060, 52, 3575, 8151, 58, 74.96
2026-09-02T22:03:28.850992+08:00,0, NVIDIA GeForce RTX 5060, 45, 3567, 8151, 60, 74.87
2026-09-02T22:03:33.891084+08:00,0, NVIDIA GeForce RTX 5060, 44, 3578, 8151, 59, 74.66
2026-09-02T22:03:38.937671+08:00,0, NVIDIA GeForce RTX 5060, 44, 3578, 8151, 59, 74.36
2026-09-02T22:03:43.983601+08:00,0, NVIDIA GeForce RTX 5060, 48, 3567, 8151, 59, 76.04
2026-09-02T22:03:49.035617+08:00,0, NVIDIA GeForce RTX 5060, 47, 3575, 8151, 60, 75.93
2026-09-02T22:03:54.084829+08:00,0, NVIDIA GeForce RTX 5060, 53, 3576, 8151, 59, 76.47
2026-09-02T22:03:59.135089+08:00,0, NVIDIA GeForce RTX 5060, 14, 3576, 8151, 56, 35.66
2026-09-02T22:04:04.278024+08:00,0, NVIDIA GeForce RTX 5060, 14, 3575, 8151, 52, 34.88
2026-09-02T22:04:09.328274+08:00,0, NVIDIA GeForce RTX 5060, 54, 3566, 8151, 58, 74.71
2026-09-02T22:04:14.365124+08:00,0, NVIDIA GeForce RTX 5060, 53, 3567, 8151, 57, 76.41
2026-09-02T22:04:19.427498+08:00,0, NVIDIA GeForce RTX 5060, 51, 3567, 8151, 58, 75.58
2026-09-02T22:04:24.472453+08:00,0, NVIDIA GeForce RTX 5060, 56, 3568, 8151, 60, 76.14
2026-09-02T22:04:29.516236+08:00,0, NVIDIA GeForce RTX 5060, 45, 3572, 8151, 59, 75.32
2026-09-02T22:04:34.567576+08:00,0, NVIDIA GeForce RTX 5060, 53, 3569, 8151, 59, 74.99
2026-09-02T22:04:39.627235+08:00,0, NVIDIA GeForce RTX 5060, 46, 3580, 8151, 58, 74.21
2026-09-02T22:04:44.666405+08:00,0, NVIDIA GeForce RTX 5060, 54, 3576, 8151, 58, 76.61
2026-09-02T22:04:49.743978+08:00,0, NVIDIA GeForce RTX 5060, 46, 3568, 8151, 59, 73.20
2026-09-02T22:04:54.795293+08:00,0, NVIDIA GeForce RTX 5060, 14, 3568, 8151, 53, 37.20
2026-09-02T22:04:59.831660+08:00,0, NVIDIA GeForce RTX 5060, 14, 3567, 8151, 53, 34.71
2026-09-02T22:05:04.874733+08:00,0, NVIDIA GeForce RTX 5060, 56, 3553, 8151, 56, 76.37
2026-09-02T22:05:09.925262+08:00,0, NVIDIA GeForce RTX 5060, 45, 3575, 8151, 59, 75.35
2026-09-02T22:05:14.965745+08:00,0, NVIDIA GeForce RTX 5060, 51, 3568, 8151, 56, 73.37
2026-09-02T22:05:20.009779+08:00,0, NVIDIA GeForce RTX 5060, 48, 3579, 8151, 58, 72.99
2026-09-02T22:05:25.068451+08:00,0, NVIDIA GeForce RTX 5060, 53, 3588, 8151, 59, 75.52
2026-09-02T22:05:30.128816+08:00,0, NVIDIA GeForce RTX 5060, 45, 3591, 8151, 60, 75.49
2026-09-02T22:05:35.165225+08:00,0, NVIDIA GeForce RTX 5060, 52, 3568, 8151, 57, 75.94
2026-09-02T22:05:40.210693+08:00,0, NVIDIA GeForce RTX 5060, 53, 3584, 8151, 60, 75.11
2026-09-02T22:05:45.258334+08:00,0, NVIDIA GeForce RTX 5060, 55, 3580, 8151, 59, 74.58
2026-09-02T22:05:50.312378+08:00,0, NVIDIA GeForce RTX 5060, 14, 3583, 8151, 55, 46.88
2026-09-02T22:05:55.406180+08:00,0, NVIDIA GeForce RTX 5060, 14, 3571, 8151, 52, 32.70
2026-09-02T22:06:00.456280+08:00,0, NVIDIA GeForce RTX 5060, 52, 3581, 8151, 57, 72.23
2026-09-02T22:06:05.498645+08:00,0, NVIDIA GeForce RTX 5060, 52, 3579, 8151, 58, 75.07
2026-09-02T22:06:10.535466+08:00,0, NVIDIA GeForce RTX 5060, 50, 3579, 8151, 58, 74.46
2026-09-02T22:06:15.578970+08:00,0, NVIDIA GeForce RTX 5060, 52, 3580, 8151, 59, 74.08
2026-09-02T22:06:20.627561+08:00,0, NVIDIA GeForce RTX 5060, 50, 3579, 8151, 59, 75.65
2026-09-02T22:06:25.702569+08:00,0, NVIDIA GeForce RTX 5060, 49, 3575, 8151, 58, 71.44
2026-09-02T22:06:30.737406+08:00,0, NVIDIA GeForce RTX 5060, 46, 3575, 8151, 58, 74.12
2026-09-02T22:06:35.777714+08:00,0, NVIDIA GeForce RTX 5060, 44, 3576, 8151, 61, 73.95
2026-09-02T22:06:40.814415+08:00,0, NVIDIA GeForce RTX 5060, 53, 3575, 8151, 59, 75.58
2026-09-02T22:06:45.856262+08:00,0, NVIDIA GeForce RTX 5060, 13, 3567, 8151, 55, 50.07
2026-09-02T22:06:50.899006+08:00,0, NVIDIA GeForce RTX 5060, 15, 3576, 8151, 52, 34.85
2026-09-02T22:06:55.941265+08:00,0, NVIDIA GeForce RTX 5060, 51, 3577, 8151, 56, 62.47
2026-09-02T22:07:00.989472+08:00,0, NVIDIA GeForce RTX 5060, 52, 3566, 8151, 58, 75.93
2026-09-02T22:07:06.028700+08:00,0, NVIDIA GeForce RTX 5060, 54, 3566, 8151, 59, 74.92
2026-09-02T22:07:11.070275+08:00,0, NVIDIA GeForce RTX 5060, 47, 3578, 8151, 59, 74.79
2026-09-02T22:07:16.112631+08:00,0, NVIDIA GeForce RTX 5060, 44, 3566, 8151, 58, 74.61
2026-09-02T22:07:21.160298+08:00,0, NVIDIA GeForce RTX 5060, 45, 3566, 8151, 59, 75.30
2026-09-02T22:07:26.211457+08:00,0, NVIDIA GeForce RTX 5060, 46, 3586, 8151, 58, 72.42
2026-09-02T22:07:31.270273+08:00,0, NVIDIA GeForce RTX 5060, 52, 3576, 8151, 59, 74.98
2026-09-02T22:07:36.320071+08:00,0, NVIDIA GeForce RTX 5060, 53, 3576, 8151, 58, 76.30
2026-09-02T22:07:41.361180+08:00,0, NVIDIA GeForce RTX 5060, 14, 3576, 8151, 57, 54.32
2026-09-02T22:07:46.401281+08:00,0, NVIDIA GeForce RTX 5060, 15, 3581, 8151, 54, 34.96
2026-09-02T22:07:51.449698+08:00,0, NVIDIA GeForce RTX 5060, 47, 3566, 8151, 52, 51.36
2026-09-02T22:07:56.511474+08:00,0, NVIDIA GeForce RTX 5060, 48, 3586, 8151, 56, 75.79
2026-09-02T22:08:01.558227+08:00,0, NVIDIA GeForce RTX 5060, 47, 3576, 8151, 57, 74.87
2026-09-02T22:08:06.612752+08:00,0, NVIDIA GeForce RTX 5060, 52, 3576, 8151, 58, 75.56
2026-09-02T22:08:11.663562+08:00,0, NVIDIA GeForce RTX 5060, 55, 3576, 8151, 59, 77.18
2026-09-02T22:08:16.701405+08:00,0, NVIDIA GeForce RTX 5060, 44, 3567, 8151, 59, 75.42
2026-09-02T22:08:21.742018+08:00,0, NVIDIA GeForce RTX 5060, 45, 3568, 8151, 60, 75.04
2026-09-02T22:08:26.790071+08:00,0, NVIDIA GeForce RTX 5060, 42, 3567, 8151, 59, 74.70
2026-09-02T22:08:31.835032+08:00,0, NVIDIA GeForce RTX 5060, 51, 3575, 8151, 59, 75.94
2026-09-02T22:08:36.880579+08:00,0, NVIDIA GeForce RTX 5060, 14, 3566, 8151, 55, 50.25
2026-09-02T22:08:41.932763+08:00,0, NVIDIA GeForce RTX 5060, 15, 3566, 8151, 53, 32.89
2026-09-02T22:08:46.979559+08:00,0, NVIDIA GeForce RTX 5060, 52, 3578, 8151, 55, 57.31
2026-09-02T22:08:52.032720+08:00,0, NVIDIA GeForce RTX 5060, 53, 3566, 8151, 58, 74.75
2026-09-02T22:08:57.083888+08:00,0, NVIDIA GeForce RTX 5060, 53, 3567, 8151, 59, 76.57
2026-09-02T22:09:02.132123+08:00,0, NVIDIA GeForce RTX 5060, 46, 3567, 8151, 57, 75.56
2026-09-02T22:09:07.171513+08:00,0, NVIDIA GeForce RTX 5060, 55, 3567, 8151, 59, 76.15
2026-09-02T22:09:12.231257+08:00,0, NVIDIA GeForce RTX 5060, 49, 3567, 8151, 57, 75.39
2026-09-02T22:09:17.284199+08:00,0, NVIDIA GeForce RTX 5060, 46, 3575, 8151, 60, 74.72
2026-09-02T22:09:22.364571+08:00,0, NVIDIA GeForce RTX 5060, 39, 3567, 8151, 59, 72.65
2026-09-02T22:09:27.408810+08:00,0, NVIDIA GeForce RTX 5060, 46, 3567, 8151, 58, 75.43
2026-09-02T22:09:32.452366+08:00,0, NVIDIA GeForce RTX 5060, 6, 3572, 8151, 60, 63.24
2026-09-02T22:09:37.499351+08:00,0, NVIDIA GeForce RTX 5060, 16, 3568, 8151, 53, 35.31
2026-09-02T22:09:42.543786+08:00,0, NVIDIA GeForce RTX 5060, 15, 3568, 8151, 52, 38.15
2026-09-02T22:09:47.594727+08:00,0, NVIDIA GeForce RTX 5060, 53, 3579, 8151, 58, 75.39
2026-09-02T22:09:52.644400+08:00,0, NVIDIA GeForce RTX 5060, 48, 3568, 8151, 59, 75.60
2026-09-02T22:09:57.686891+08:00,0, NVIDIA GeForce RTX 5060, 52, 3568, 8151, 58, 73.94
2026-09-02T22:10:02.754965+08:00,0, NVIDIA GeForce RTX 5060, 49, 3575, 8151, 57, 74.00
2026-09-02T22:10:07.803088+08:00,0, NVIDIA GeForce RTX 5060, 51, 3574, 8151, 59, 73.99
2026-09-02T22:10:12.852630+08:00,0, NVIDIA GeForce RTX 5060, 48, 3579, 8151, 60, 75.29
2026-09-02T22:10:17.894269+08:00,0, NVIDIA GeForce RTX 5060, 49, 3568, 8151, 60, 75.33
2026-09-02T22:10:22.941551+08:00,0, NVIDIA GeForce RTX 5060, 47, 3577, 8151, 60, 74.73
2026-09-02T22:10:27.995606+08:00,0, NVIDIA GeForce RTX 5060, 47, 3583, 8151, 60, 75.43
2026-09-02T22:10:33.032306+08:00,0, NVIDIA GeForce RTX 5060, 14, 3567, 8151, 52, 36.38
2026-09-02T22:10:38.078188+08:00,0, NVIDIA GeForce RTX 5060, 14, 3568, 8151, 51, 34.44
2026-09-02T22:10:43.136353+08:00,0, NVIDIA GeForce RTX 5060, 46, 3580, 8151, 56, 74.97
2026-09-02T22:10:48.176436+08:00,0, NVIDIA GeForce RTX 5060, 50, 3579, 8151, 58, 72.64
2026-09-02T22:10:53.234441+08:00,0, NVIDIA GeForce RTX 5060, 48, 3572, 8151, 57, 75.66
2026-09-02T22:10:58.286463+08:00,0, NVIDIA GeForce RTX 5060, 54, 3572, 8151, 59, 75.07
2026-09-02T22:11:03.349815+08:00,0, NVIDIA GeForce RTX 5060, 46, 3572, 8151, 60, 75.10
2026-09-02T22:11:08.396937+08:00,0, NVIDIA GeForce RTX 5060, 49, 3571, 8151, 58, 76.41
2026-09-02T22:11:13.447251+08:00,0, NVIDIA GeForce RTX 5060, 45, 3580, 8151, 60, 75.53
2026-09-02T22:11:18.485835+08:00,0, NVIDIA GeForce RTX 5060, 44, 3571, 8151, 61, 75.00
2026-09-02T22:11:23.535600+08:00,0, NVIDIA GeForce RTX 5060, 44, 3579, 8151, 58, 75.93
2026-09-02T22:11:28.571221+08:00,0, NVIDIA GeForce RTX 5060, 14, 3572, 8151, 55, 36.42
2026-09-02T22:11:33.612806+08:00,0, NVIDIA GeForce RTX 5060, 15, 3571, 8151, 53, 34.50
2026-09-02T22:11:38.653540+08:00,0, NVIDIA GeForce RTX 5060, 52, 3572, 8151, 58, 75.34
2026-09-02T22:11:43.696509+08:00,0, NVIDIA GeForce RTX 5060, 45, 3572, 8151, 57, 74.24
2026-09-02T22:11:48.758058+08:00,0, NVIDIA GeForce RTX 5060, 50, 3572, 8151, 57, 73.63
2026-09-02T22:11:53.807287+08:00,0, NVIDIA GeForce RTX 5060, 48, 3579, 8151, 59, 74.26
2026-09-02T22:11:58.856573+08:00,0, NVIDIA GeForce RTX 5060, 51, 3579, 8151, 59, 74.61
2026-09-02T22:12:03.927493+08:00,0, NVIDIA GeForce RTX 5060, 45, 3571, 8151, 60, 74.95
2026-09-02T22:12:08.962898+08:00,0, NVIDIA GeForce RTX 5060, 45, 3579, 8151, 60, 74.26
2026-09-02T22:12:14.019203+08:00,0, NVIDIA GeForce RTX 5060, 51, 3572, 8151, 59, 75.22
2026-09-02T22:12:19.077184+08:00,0, NVIDIA GeForce RTX 5060, 46, 3567, 8151, 60, 74.66
2026-09-02T22:12:24.123656+08:00,0, NVIDIA GeForce RTX 5060, 14, 3567, 8151, 53, 33.99
2026-09-02T22:12:29.177897+08:00,0, NVIDIA GeForce RTX 5060, 14, 3577, 8151, 52, 33.75
2026-09-02T22:12:34.236234+08:00,0, NVIDIA GeForce RTX 5060, 44, 3578, 8151, 57, 73.58
2026-09-02T22:12:39.274466+08:00,0, NVIDIA GeForce RTX 5060, 52, 3572, 8151, 56, 74.83
2026-09-02T22:12:44.322402+08:00,0, NVIDIA GeForce RTX 5060, 45, 3576, 8151, 59, 74.27
2026-09-02T22:12:49.377275+08:00,0, NVIDIA GeForce RTX 5060, 47, 3580, 8151, 60, 74.70
2026-09-02T22:12:54.439332+08:00,0, NVIDIA GeForce RTX 5060, 46, 3583, 8151, 57, 68.98
2026-09-02T22:12:59.489702+08:00,0, NVIDIA GeForce RTX 5060, 42, 3568, 8151, 58, 65.82
2026-09-02T22:13:04.540341+08:00,0, NVIDIA GeForce RTX 5060, 46, 3572, 8151, 57, 68.57
2026-09-02T22:13:09.588263+08:00,0, NVIDIA GeForce RTX 5060, 45, 3572, 8151, 57, 68.74
2026-09-02T22:13:14.641986+08:00,0, NVIDIA GeForce RTX 5060, 44, 3573, 8151, 56, 69.01
2026-09-02T22:13:19.684566+08:00,0, NVIDIA GeForce RTX 5060, 43, 3583, 8151, 56, 68.90
2026-09-02T22:13:24.732958+08:00,0, NVIDIA GeForce RTX 5060, 14, 3571, 8151, 52, 33.09
2026-09-02T22:13:29.872729+08:00,0, NVIDIA GeForce RTX 5060, 9, 3573, 8151, 51, 33.40
2026-09-02T22:13:34.934752+08:00,0, NVIDIA GeForce RTX 5060, 2, 3572, 8151, 50, 30.89
2026-09-02T22:13:39.977765+08:00,0, NVIDIA GeForce RTX 5060, 46, 3583, 8151, 55, 71.45
2026-09-02T22:13:45.021228+08:00,0, NVIDIA GeForce RTX 5060, 45, 3581, 8151, 57, 71.59
2026-09-02T22:13:50.063977+08:00,0, NVIDIA GeForce RTX 5060, 46, 3581, 8151, 55, 72.72
2026-09-02T22:13:55.111151+08:00,0, NVIDIA GeForce RTX 5060, 47, 3573, 8151, 57, 72.53
2026-09-02T22:14:00.157853+08:00,0, NVIDIA GeForce RTX 5060, 45, 3583, 8151, 57, 71.96
2026-09-02T22:14:05.198481+08:00,0, NVIDIA GeForce RTX 5060, 51, 3581, 8151, 58, 72.68
2026-09-02T22:14:10.249518+08:00,0, NVIDIA GeForce RTX 5060, 44, 3573, 8151, 56, 71.82
2026-09-02T22:14:15.300657+08:00,0, NVIDIA GeForce RTX 5060, 50, 3573, 8151, 58, 72.91
2026-09-02T22:14:20.342493+08:00,0, NVIDIA GeForce RTX 5060, 48, 3558, 8151, 58, 71.80
2026-09-02T22:14:25.379279+08:00,0, NVIDIA GeForce RTX 5060, 14, 3579, 8151, 55, 47.91
2026-09-02T22:14:30.419881+08:00,0, NVIDIA GeForce RTX 5060, 15, 3585, 8151, 52, 35.48
2026-09-02T22:14:35.471622+08:00,0, NVIDIA GeForce RTX 5060, 52, 3582, 8151, 56, 62.51
2026-09-02T22:14:40.512904+08:00,0, NVIDIA GeForce RTX 5060, 48, 3583, 8151, 56, 72.35
2026-09-02T22:14:45.550411+08:00,0, NVIDIA GeForce RTX 5060, 43, 3571, 8151, 57, 71.83
2026-09-02T22:14:50.600331+08:00,0, NVIDIA GeForce RTX 5060, 54, 3583, 8151, 58, 75.86
2026-09-02T22:14:55.642480+08:00,0, NVIDIA GeForce RTX 5060, 53, 3578, 8151, 59, 74.36
2026-09-02T22:15:00.691441+08:00,0, NVIDIA GeForce RTX 5060, 46, 3568, 8151, 57, 74.91
2026-09-02T22:15:05.735529+08:00,0, NVIDIA GeForce RTX 5060, 51, 3579, 8151, 59, 74.63
2026-09-02T22:15:10.786863+08:00,0, NVIDIA GeForce RTX 5060, 52, 3579, 8151, 59, 74.78
2026-09-02T22:15:15.824910+08:00,0, NVIDIA GeForce RTX 5060, 49, 3567, 8151, 57, 74.29
2026-09-02T22:15:20.859924+08:00,0, NVIDIA GeForce RTX 5060, 46, 3568, 8151, 59, 75.54
2026-09-02T22:15:25.900329+08:00,0, NVIDIA GeForce RTX 5060, 15, 3569, 8151, 52, 33.56
2026-09-02T22:15:30.945967+08:00,0, NVIDIA GeForce RTX 5060, 14, 3578, 8151, 52, 35.66
2026-09-02T22:15:35.982172+08:00,0, NVIDIA GeForce RTX 5060, 46, 3577, 8151, 57, 73.89
2026-09-02T22:15:41.024178+08:00,0, NVIDIA GeForce RTX 5060, 46, 3589, 8151, 60, 74.71
2026-09-02T22:15:46.075527+08:00,0, NVIDIA GeForce RTX 5060, 43, 3578, 8151, 57, 74.84
2026-09-02T22:15:51.125068+08:00,0, NVIDIA GeForce RTX 5060, 53, 3579, 8151, 60, 75.79
2026-09-02T22:15:56.164182+08:00,0, NVIDIA GeForce RTX 5060, 43, 3577, 8151, 57, 74.80
2026-09-02T22:16:01.201924+08:00,0, NVIDIA GeForce RTX 5060, 49, 3585, 8151, 58, 76.28
2026-09-02T22:16:06.243391+08:00,0, NVIDIA GeForce RTX 5060, 54, 3589, 8151, 58, 75.77
2026-09-02T22:16:11.304483+08:00,0, NVIDIA GeForce RTX 5060, 50, 3578, 8151, 59, 74.98
2026-09-02T22:16:16.357864+08:00,0, NVIDIA GeForce RTX 5060, 46, 3577, 8151, 61, 75.11
2026-09-02T22:16:21.403793+08:00,0, NVIDIA GeForce RTX 5060, 14, 3587, 8151, 54, 35.04
2026-09-02T22:16:26.445851+08:00,0, NVIDIA GeForce RTX 5060, 14, 3577, 8151, 51, 35.46
2026-09-02T22:16:31.492025+08:00,0, NVIDIA GeForce RTX 5060, 52, 3582, 8151, 56, 74.93
2026-09-02T22:16:36.542559+08:00,0, NVIDIA GeForce RTX 5060, 51, 3583, 8151, 57, 75.67
2026-09-02T22:16:41.604363+08:00,0, NVIDIA GeForce RTX 5060, 48, 3591, 8151, 59, 73.87
2026-09-02T22:16:46.654479+08:00,0, NVIDIA GeForce RTX 5060, 46, 3604, 8151, 57, 75.03
2026-09-02T22:16:51.706581+08:00,0, NVIDIA GeForce RTX 5060, 36, 3603, 8151, 59, 74.01
2026-09-02T22:16:56.747449+08:00,0, NVIDIA GeForce RTX 5060, 46, 3602, 8151, 58, 73.42
2026-09-02T22:17:01.804688+08:00,0, NVIDIA GeForce RTX 5060, 47, 3602, 8151, 60, 75.53
2026-09-02T22:17:06.847228+08:00,0, NVIDIA GeForce RTX 5060, 46, 3601, 8151, 60, 75.52
2026-09-02T22:17:11.881722+08:00,0, NVIDIA GeForce RTX 5060, 45, 3610, 8151, 60, 75.34
2026-09-02T22:17:16.928197+08:00,0, NVIDIA GeForce RTX 5060, 10, 3593, 8151, 52, 33.93
2026-09-02T22:17:21.965744+08:00,0, NVIDIA GeForce RTX 5060, 14, 3593, 8151, 52, 33.40
2026-09-02T22:17:27.015172+08:00,0, NVIDIA GeForce RTX 5060, 45, 3593, 8151, 57, 74.67
2026-09-02T22:17:32.057914+08:00,0, NVIDIA GeForce RTX 5060, 52, 3604, 8151, 57, 72.76
2026-09-02T22:17:37.101020+08:00,0, NVIDIA GeForce RTX 5060, 43, 3592, 8151, 56, 71.95
2026-09-02T22:17:42.135797+08:00,0, NVIDIA GeForce RTX 5060, 43, 3604, 8151, 58, 73.22
2026-09-02T22:17:47.176074+08:00,0, NVIDIA GeForce RTX 5060, 51, 3593, 8151, 60, 73.93
2026-09-02T22:17:52.214353+08:00,0, NVIDIA GeForce RTX 5060, 47, 3603, 8151, 59, 71.46
2026-09-02T22:17:57.255582+08:00,0, NVIDIA GeForce RTX 5060, 55, 3593, 8151, 59, 75.32
2026-09-02T22:18:02.298856+08:00,0, NVIDIA GeForce RTX 5060, 49, 3593, 8151, 58, 74.32
2026-09-02T22:18:07.337985+08:00,0, NVIDIA GeForce RTX 5060, 45, 3593, 8151, 60, 75.00
2026-09-02T22:18:12.388044+08:00,0, NVIDIA GeForce RTX 5060, 15, 3604, 8151, 54, 37.66
2026-09-02T22:18:17.448038+08:00,0, NVIDIA GeForce RTX 5060, 12, 3593, 8151, 53, 34.84
2026-09-02T22:18:22.493466+08:00,0, NVIDIA GeForce RTX 5060, 52, 3592, 8151, 56, 73.77
2026-09-02T22:18:27.549796+08:00,0, NVIDIA GeForce RTX 5060, 48, 3593, 8151, 58, 74.58
2026-09-02T22:18:32.588146+08:00,0, NVIDIA GeForce RTX 5060, 53, 3593, 8151, 59, 73.91
2026-09-02T22:18:37.649200+08:00,0, NVIDIA GeForce RTX 5060, 45, 3593, 8151, 57, 74.42
2026-09-02T22:18:42.697060+08:00,0, NVIDIA GeForce RTX 5060, 48, 3593, 8151, 59, 74.49
2026-09-02T22:18:47.738516+08:00,0, NVIDIA GeForce RTX 5060, 51, 3602, 8151, 58, 75.13
2026-09-02T22:18:52.776449+08:00,0, NVIDIA GeForce RTX 5060, 48, 3602, 8151, 60, 74.99
2026-09-02T22:18:57.811164+08:00,0, NVIDIA GeForce RTX 5060, 54, 3601, 8151, 59, 75.01
2026-09-02T22:19:02.859654+08:00,0, NVIDIA GeForce RTX 5060, 51, 3609, 8151, 59, 76.76
2026-09-02T22:19:07.891558+08:00,0, NVIDIA GeForce RTX 5060, 6, 3592, 8151, 54, 41.78
2026-09-02T22:19:12.939461+08:00,0, NVIDIA GeForce RTX 5060, 15, 3603, 8151, 52, 32.89
2026-09-02T22:19:17.980868+08:00,0, NVIDIA GeForce RTX 5060, 47, 3589, 8151, 57, 73.02
2026-09-02T22:19:23.033567+08:00,0, NVIDIA GeForce RTX 5060, 50, 3581, 8151, 59, 75.12
2026-09-02T22:19:28.079617+08:00,0, NVIDIA GeForce RTX 5060, 42, 3581, 8151, 60, 74.62
2026-09-02T22:19:33.118029+08:00,0, NVIDIA GeForce RTX 5060, 47, 3584, 8151, 57, 71.77
2026-09-02T22:19:38.167562+08:00,0, NVIDIA GeForce RTX 5060, 53, 3593, 8151, 57, 74.89
2026-09-02T22:19:43.221033+08:00,0, NVIDIA GeForce RTX 5060, 51, 3583, 8151, 59, 74.65
2026-09-02T22:19:48.262213+08:00,0, NVIDIA GeForce RTX 5060, 45, 3600, 8151, 59, 71.21
2026-09-02T22:19:53.308404+08:00,0, NVIDIA GeForce RTX 5060, 45, 3590, 8151, 60, 74.40
2026-09-02T22:19:58.369355+08:00,0, NVIDIA GeForce RTX 5060, 51, 3591, 8151, 60, 75.61
2026-09-02T22:20:03.412975+08:00,0, NVIDIA GeForce RTX 5060, 23, 3590, 8151, 60, 68.43
2026-09-02T22:20:08.452690+08:00,0, NVIDIA GeForce RTX 5060, 14, 3591, 8151, 52, 35.03
2026-09-02T22:20:13.498577+08:00,0, NVIDIA GeForce RTX 5060, 22, 3591, 8151, 51, 35.32
2026-09-02T22:20:18.552419+08:00,0, NVIDIA GeForce RTX 5060, 48, 3599, 8151, 57, 73.44
2026-09-02T22:20:23.613710+08:00,0, NVIDIA GeForce RTX 5060, 53, 3591, 8151, 56, 75.06
2026-09-02T22:20:28.662219+08:00,0, NVIDIA GeForce RTX 5060, 38, 3590, 8151, 55, 64.15
2026-09-02T22:20:33.715922+08:00,0, NVIDIA GeForce RTX 5060, 34, 3591, 8151, 58, 65.75
2026-09-02T22:20:38.770471+08:00,0, NVIDIA GeForce RTX 5060, 29, 3590, 8151, 58, 65.31
2026-09-02T22:20:43.832928+08:00,0, NVIDIA GeForce RTX 5060, 47, 3590, 8151, 58, 67.18
2026-09-02T22:20:48.876907+08:00,0, NVIDIA GeForce RTX 5060, 44, 3586, 8151, 56, 67.90
2026-09-02T22:20:53.918249+08:00,0, NVIDIA GeForce RTX 5060, 46, 3586, 8151, 56, 68.64
2026-09-02T22:20:58.968399+08:00,0, NVIDIA GeForce RTX 5060, 42, 3586, 8151, 56, 67.23
2026-09-02T22:21:04.019445+08:00,0, NVIDIA GeForce RTX 5060, 35, 3585, 8151, 57, 66.10
2026-09-02T22:21:09.071522+08:00,0, NVIDIA GeForce RTX 5060, 45, 3586, 8151, 57, 68.95
2026-09-02T22:21:14.136879+08:00,0, NVIDIA GeForce RTX 5060, 14, 3586, 8151, 54, 33.54
2026-09-02T22:21:19.176399+08:00,0, NVIDIA GeForce RTX 5060, 14, 3584, 8151, 51, 32.10
2026-09-02T22:21:24.221045+08:00,0, NVIDIA GeForce RTX 5060, 52, 3586, 8151, 56, 72.97
2026-09-02T22:21:29.258949+08:00,0, NVIDIA GeForce RTX 5060, 50, 3586, 8151, 56, 73.46
2026-09-02T22:21:34.293626+08:00,0, NVIDIA GeForce RTX 5060, 50, 3586, 8151, 56, 73.79
2026-09-02T22:21:39.341130+08:00,0, NVIDIA GeForce RTX 5060, 50, 3586, 8151, 56, 73.63
2026-09-02T22:21:44.379172+08:00,0, NVIDIA GeForce RTX 5060, 49, 3586, 8151, 56, 72.88
2026-09-02T22:21:49.422003+08:00,0, NVIDIA GeForce RTX 5060, 46, 3587, 8151, 60, 74.20
2026-09-02T22:21:54.471985+08:00,0, NVIDIA GeForce RTX 5060, 45, 3586, 8151, 59, 73.86
2026-09-02T22:21:59.523099+08:00,0, NVIDIA GeForce RTX 5060, 51, 3586, 8151, 58, 74.57
2026-09-02T22:22:04.577825+08:00,0, NVIDIA GeForce RTX 5060, 50, 3586, 8151, 57, 74.35
2026-09-02T22:22:09.619558+08:00,0, NVIDIA GeForce RTX 5060, 11, 3586, 8151, 53, 42.54
2026-09-02T22:22:14.686365+08:00,0, NVIDIA GeForce RTX 5060, 15, 3586, 8151, 54, 33.48
2026-09-02T22:22:19.734636+08:00,0, NVIDIA GeForce RTX 5060, 49, 3586, 8151, 58, 74.64
2026-09-02T22:22:24.774277+08:00,0, NVIDIA GeForce RTX 5060, 52, 3586, 8151, 58, 75.20
2026-09-02T22:22:29.813328+08:00,0, NVIDIA GeForce RTX 5060, 48, 3586, 8151, 57, 74.82
2026-09-02T22:22:34.852701+08:00,0, NVIDIA GeForce RTX 5060, 51, 3586, 8151, 57, 74.54
2026-09-02T22:22:39.892012+08:00,0, NVIDIA GeForce RTX 5060, 44, 3586, 8151, 59, 75.12
2026-09-02T22:22:44.952288+08:00,0, NVIDIA GeForce RTX 5060, 50, 3578, 8151, 57, 73.21
2026-09-02T22:22:50.013695+08:00,0, NVIDIA GeForce RTX 5060, 45, 3577, 8151, 59, 73.81
2026-09-02T22:22:55.061298+08:00,0, NVIDIA GeForce RTX 5060, 53, 3586, 8151, 58, 75.01
2026-09-02T22:23:00.103092+08:00,0, NVIDIA GeForce RTX 5060, 47, 3578, 8151, 60, 75.08
2026-09-02T22:23:05.172661+08:00,0, NVIDIA GeForce RTX 5060, 14, 3588, 8151, 54, 44.66
2026-09-02T22:23:10.208419+08:00,0, NVIDIA GeForce RTX 5060, 5, 3578, 8151, 51, 34.99
2026-09-02T22:23:15.253162+08:00,0, NVIDIA GeForce RTX 5060, 54, 3578, 8151, 57, 74.11
2026-09-02T22:23:20.293156+08:00,0, NVIDIA GeForce RTX 5060, 48, 3578, 8151, 58, 75.15
2026-09-02T22:23:25.338363+08:00,0, NVIDIA GeForce RTX 5060, 53, 3578, 8151, 56, 75.28
2026-09-02T22:23:30.383280+08:00,0, NVIDIA GeForce RTX 5060, 45, 3578, 8151, 60, 75.10
2026-09-02T22:23:35.441360+08:00,0, NVIDIA GeForce RTX 5060, 48, 3578, 8151, 58, 73.75
2026-09-02T22:23:40.486180+08:00,0, NVIDIA GeForce RTX 5060, 50, 3578, 8151, 57, 74.95
2026-09-02T22:23:45.526072+08:00,0, NVIDIA GeForce RTX 5060, 43, 3578, 8151, 60, 74.68
2026-09-02T22:23:50.564711+08:00,0, NVIDIA GeForce RTX 5060, 45, 3578, 8151, 60, 74.94
2026-09-02T22:23:55.603563+08:00,0, NVIDIA GeForce RTX 5060, 53, 3589, 8151, 58, 75.61
2026-09-02T22:24:00.646154+08:00,0, NVIDIA GeForce RTX 5060, 14, 3577, 8151, 56, 48.70
2026-09-02T22:24:05.680345+08:00,0, NVIDIA GeForce RTX 5060, 14, 3589, 8151, 55, 35.91
2026-09-02T22:24:10.717604+08:00,0, NVIDIA GeForce RTX 5060, 50, 3589, 8151, 57, 73.07
2026-09-02T22:24:15.767390+08:00,0, NVIDIA GeForce RTX 5060, 51, 3578, 8151, 58, 74.18
2026-09-02T22:24:20.804158+08:00,0, NVIDIA GeForce RTX 5060, 51, 3573, 8151, 59, 74.46
2026-09-02T22:24:25.847887+08:00,0, NVIDIA GeForce RTX 5060, 50, 3589, 8151, 58, 74.90
2026-09-02T22:24:30.885141+08:00,0, NVIDIA GeForce RTX 5060, 50, 3590, 8151, 57, 74.19
2026-09-02T22:24:35.939101+08:00,0, NVIDIA GeForce RTX 5060, 48, 3582, 8151, 57, 74.21
2026-09-02T22:24:40.986344+08:00,0, NVIDIA GeForce RTX 5060, 45, 3600, 8151, 58, 74.05
2026-09-02T22:24:46.027185+08:00,0, NVIDIA GeForce RTX 5060, 51, 3606, 8151, 59, 75.08
2026-09-02T22:24:51.064849+08:00,0, NVIDIA GeForce RTX 5060, 50, 3586, 8151, 58, 74.95
2026-09-02T22:24:56.104601+08:00,0, NVIDIA GeForce RTX 5060, 7, 3577, 8151, 57, 63.43
2026-09-02T22:25:01.157818+08:00,0, NVIDIA GeForce RTX 5060, 15, 3577, 8151, 53, 36.05
2026-09-02T22:25:06.195932+08:00,0, NVIDIA GeForce RTX 5060, 10, 3577, 8151, 55, 37.46
2026-09-02T22:25:11.240713+08:00,0, NVIDIA GeForce RTX 5060, 48, 3577, 8151, 57, 74.31
2026-09-02T22:25:16.296902+08:00,0, NVIDIA GeForce RTX 5060, 49, 3577, 8151, 57, 74.35
2026-09-02T22:25:21.341145+08:00,0, NVIDIA GeForce RTX 5060, 50, 3589, 8151, 57, 75.54
2026-09-02T22:25:26.387520+08:00,0, NVIDIA GeForce RTX 5060, 50, 3578, 8151, 58, 74.50
2026-09-02T22:25:31.443291+08:00,0, NVIDIA GeForce RTX 5060, 52, 3578, 8151, 57, 74.95
2026-09-02T22:25:36.489772+08:00,0, NVIDIA GeForce RTX 5060, 45, 3578, 8151, 60, 74.61
2026-09-02T22:25:41.525605+08:00,0, NVIDIA GeForce RTX 5060, 44, 3577, 8151, 61, 75.35
2026-09-02T22:25:46.573821+08:00,0, NVIDIA GeForce RTX 5060, 47, 3586, 8151, 59, 75.11
2026-09-02T22:25:51.612714+08:00,0, NVIDIA GeForce RTX 5060, 52, 3577, 8151, 59, 73.32
2026-09-02T22:25:56.655209+08:00,0, NVIDIA GeForce RTX 5060, 15, 3563, 8151, 52, 36.10
2026-09-02T22:26:01.696128+08:00,0, NVIDIA GeForce RTX 5060, 14, 3585, 8151, 51, 33.00
2026-09-02T22:26:06.739732+08:00,0, NVIDIA GeForce RTX 5060, 46, 3577, 8151, 56, 74.50
2026-09-02T22:26:11.780991+08:00,0, NVIDIA GeForce RTX 5060, 54, 3589, 8151, 59, 73.82
2026-09-02T22:26:16.831088+08:00,0, NVIDIA GeForce RTX 5060, 48, 3578, 8151, 57, 75.01
2026-09-02T22:26:21.870975+08:00,0, NVIDIA GeForce RTX 5060, 50, 3588, 8151, 57, 74.88
2026-09-02T22:26:26.905622+08:00,0, NVIDIA GeForce RTX 5060, 50, 3578, 8151, 59, 75.32
2026-09-02T22:26:31.952280+08:00,0, NVIDIA GeForce RTX 5060, 51, 3578, 8151, 58, 76.29
2026-09-02T22:26:36.988913+08:00,0, NVIDIA GeForce RTX 5060, 50, 3577, 8151, 58, 75.50
2026-09-02T22:26:42.033126+08:00,0, NVIDIA GeForce RTX 5060, 52, 3577, 8151, 57, 75.79
2026-09-02T22:26:47.079124+08:00,0, NVIDIA GeForce RTX 5060, 45, 3577, 8151, 60, 75.51
2026-09-02T22:26:52.119940+08:00,0, NVIDIA GeForce RTX 5060, 14, 3578, 8151, 52, 34.51
2026-09-02T22:26:57.161091+08:00,0, NVIDIA GeForce RTX 5060, 14, 3585, 8151, 52, 34.51
2026-09-02T22:27:02.208559+08:00,0, NVIDIA GeForce RTX 5060, 52, 3577, 8151, 58, 74.30
2026-09-02T22:27:07.249285+08:00,0, NVIDIA GeForce RTX 5060, 52, 3578, 8151, 58, 76.41
2026-09-02T22:27:12.294572+08:00,0, NVIDIA GeForce RTX 5060, 55, 3593, 8151, 59, 76.21
2026-09-02T22:27:17.344820+08:00,0, NVIDIA GeForce RTX 5060, 53, 3582, 8151, 58, 76.35
2026-09-02T22:27:22.380497+08:00,0, NVIDIA GeForce RTX 5060, 44, 3590, 8151, 58, 75.01
2026-09-02T22:27:27.432444+08:00,0, NVIDIA GeForce RTX 5060, 52, 3577, 8151, 57, 77.09
2026-09-02T22:27:32.480910+08:00,0, NVIDIA GeForce RTX 5060, 49, 3577, 8151, 57, 74.23
2026-09-02T22:27:37.521090+08:00,0, NVIDIA GeForce RTX 5060, 49, 3577, 8151, 60, 74.56
2026-09-02T22:27:42.568688+08:00,0, NVIDIA GeForce RTX 5060, 46, 3577, 8151, 61, 74.79
2026-09-02T22:27:47.648959+08:00,0, NVIDIA GeForce RTX 5060, 11, 3585, 8151, 54, 35.01
2026-09-02T22:27:52.694505+08:00,0, NVIDIA GeForce RTX 5060, 14, 3577, 8151, 51, 35.71
2026-09-02T22:27:57.745693+08:00,0, NVIDIA GeForce RTX 5060, 55, 3588, 8151, 59, 76.58
2026-09-02T22:28:02.822422+08:00,0, NVIDIA GeForce RTX 5060, 49, 3577, 8151, 58, 74.19
2026-09-02T22:28:07.861213+08:00,0, NVIDIA GeForce RTX 5060, 50, 3577, 8151, 58, 74.61
2026-09-02T22:28:12.893380+08:00,0, NVIDIA GeForce RTX 5060, 45, 3585, 8151, 59, 74.81
2026-09-02T22:28:17.930238+08:00,0, NVIDIA GeForce RTX 5060, 49, 3577, 8151, 59, 74.38
2026-09-02T22:28:22.968648+08:00,0, NVIDIA GeForce RTX 5060, 48, 3577, 8151, 57, 72.64
2026-09-02T22:28:28.002510+08:00,0, NVIDIA GeForce RTX 5060, 44, 3578, 8151, 58, 72.83
2026-09-02T22:28:33.045357+08:00,0, NVIDIA GeForce RTX 5060, 50, 3577, 8151, 58, 73.48
2026-09-02T22:28:38.080707+08:00,0, NVIDIA GeForce RTX 5060, 50, 3577, 8151, 57, 73.20
2026-09-02T22:28:43.116117+08:00,0, NVIDIA GeForce RTX 5060, 14, 3563, 8151, 53, 35.42
2026-09-02T22:28:48.152860+08:00,0, NVIDIA GeForce RTX 5060, 14, 3589, 8151, 52, 35.08
2026-09-02T22:28:53.203248+08:00,0, NVIDIA GeForce RTX 5060, 46, 3607, 8151, 58, 73.46
2026-09-02T22:28:58.242625+08:00,0, NVIDIA GeForce RTX 5060, 55, 3590, 8151, 58, 73.52
2026-09-02T22:29:03.284204+08:00,0, NVIDIA GeForce RTX 5060, 43, 3591, 8151, 57, 74.12
2026-09-02T22:29:08.324131+08:00,0, NVIDIA GeForce RTX 5060, 48, 3582, 8151, 57, 74.37
2026-09-02T22:29:13.368460+08:00,0, NVIDIA GeForce RTX 5060, 46, 3582, 8151, 60, 75.24
2026-09-02T22:29:18.414013+08:00,0, NVIDIA GeForce RTX 5060, 49, 3583, 8151, 59, 74.72
2026-09-02T22:29:23.462529+08:00,0, NVIDIA GeForce RTX 5060, 50, 3582, 8151, 59, 74.45
2026-09-02T22:29:28.502273+08:00,0, NVIDIA GeForce RTX 5060, 49, 3589, 8151, 58, 75.22
2026-09-02T22:29:33.540201+08:00,0, NVIDIA GeForce RTX 5060, 53, 3584, 8151, 58, 74.09
2026-09-02T22:29:38.584493+08:00,0, NVIDIA GeForce RTX 5060, 6, 3584, 8151, 55, 46.04
2026-09-02T22:29:43.620276+08:00,0, NVIDIA GeForce RTX 5060, 10, 3596, 8151, 52, 36.62
2026-09-02T22:29:48.659777+08:00,0, NVIDIA GeForce RTX 5060, 45, 3590, 8151, 58, 72.60
2026-09-02T22:29:53.706592+08:00,0, NVIDIA GeForce RTX 5060, 49, 3590, 8151, 59, 71.24
2026-09-02T22:29:58.767229+08:00,0, NVIDIA GeForce RTX 5060, 51, 3583, 8151, 58, 72.21
2026-09-02T22:30:03.814536+08:00,0, NVIDIA GeForce RTX 5060, 54, 3583, 8151, 59, 74.75
2026-09-02T22:30:08.863462+08:00,0, NVIDIA GeForce RTX 5060, 43, 3582, 8151, 59, 73.98
2026-09-02T22:30:13.904920+08:00,0, NVIDIA GeForce RTX 5060, 46, 3582, 8151, 60, 74.82
2026-09-02T22:30:18.946839+08:00,0, NVIDIA GeForce RTX 5060, 55, 3582, 8151, 59, 75.92
2026-09-02T22:30:23.995570+08:00,0, NVIDIA GeForce RTX 5060, 51, 3594, 8151, 59, 74.19
2026-09-02T22:30:29.030374+08:00,0, NVIDIA GeForce RTX 5060, 53, 3582, 8151, 59, 71.55
2026-09-02T22:30:34.075125+08:00,0, NVIDIA GeForce RTX 5060, 14, 3581, 8151, 55, 56.53
2026-09-02T22:30:39.113087+08:00,0, NVIDIA GeForce RTX 5060, 15, 3581, 8151, 52, 35.90
2026-09-02T22:30:44.181715+08:00,0, NVIDIA GeForce RTX 5060, 46, 3592, 8151, 55, 53.29
2026-09-02T22:30:49.224796+08:00,0, NVIDIA GeForce RTX 5060, 52, 3591, 8151, 59, 75.30
2026-09-02T22:30:54.262049+08:00,0, NVIDIA GeForce RTX 5060, 43, 3577, 8151, 59, 75.04
2026-09-02T22:30:59.307177+08:00,0, NVIDIA GeForce RTX 5060, 51, 3585, 8151, 58, 75.95
2026-09-02T22:31:04.347869+08:00,0, NVIDIA GeForce RTX 5060, 48, 3577, 8151, 57, 74.89
2026-09-02T22:31:09.384461+08:00,0, NVIDIA GeForce RTX 5060, 44, 3578, 8151, 58, 75.04
2026-09-02T22:31:14.433425+08:00,0, NVIDIA GeForce RTX 5060, 45, 3589, 8151, 58, 74.52
2026-09-02T22:31:19.479555+08:00,0, NVIDIA GeForce RTX 5060, 54, 3599, 8151, 59, 74.88
2026-09-02T22:31:24.517741+08:00,0, NVIDIA GeForce RTX 5060, 49, 3587, 8151, 61, 74.50
2026-09-02T22:31:29.555246+08:00,0, NVIDIA GeForce RTX 5060, 14, 3588, 8151, 55, 59.36
2026-09-02T22:31:34.600613+08:00,0, NVIDIA GeForce RTX 5060, 8, 3589, 8151, 52, 35.87
2026-09-02T22:31:39.650864+08:00,0, NVIDIA GeForce RTX 5060, 17, 3588, 8151, 51, 38.40
2026-09-02T22:31:44.697497+08:00,0, NVIDIA GeForce RTX 5060, 53, 3589, 8151, 59, 75.01
2026-09-02T22:31:49.738753+08:00,0, NVIDIA GeForce RTX 5060, 50, 3596, 8151, 58, 75.76
2026-09-02T22:31:54.776860+08:00,0, NVIDIA GeForce RTX 5060, 47, 3588, 8151, 57, 74.68
2026-09-02T22:31:59.817037+08:00,0, NVIDIA GeForce RTX 5060, 51, 3589, 8151, 59, 75.19
2026-09-02T22:32:04.861527+08:00,0, NVIDIA GeForce RTX 5060, 49, 3584, 8151, 57, 74.43
2026-09-02T22:32:09.898110+08:00,0, NVIDIA GeForce RTX 5060, 51, 3588, 8151, 55, 71.47
2026-09-02T22:32:14.948908+08:00,0, NVIDIA GeForce RTX 5060, 49, 3598, 8151, 60, 75.60
2026-09-02T22:32:20.024078+08:00,0, NVIDIA GeForce RTX 5060, 44, 3600, 8151, 59, 74.88
2026-09-02T22:32:25.069468+08:00,0, NVIDIA GeForce RTX 5060, 14, 3588, 8151, 58, 67.88
2026-09-02T22:32:30.110829+08:00,0, NVIDIA GeForce RTX 5060, 15, 3588, 8151, 52, 36.30
2026-09-02T22:32:35.167437+08:00,0, NVIDIA GeForce RTX 5060, 16, 3596, 8151, 51, 34.63
2026-09-02T22:32:40.208669+08:00,0, NVIDIA GeForce RTX 5060, 46, 3588, 8151, 56, 74.98
2026-09-02T22:32:45.249593+08:00,0, NVIDIA GeForce RTX 5060, 46, 3589, 8151, 58, 74.64
2026-09-02T22:32:50.288459+08:00,0, NVIDIA GeForce RTX 5060, 55, 3588, 8151, 59, 77.22
2026-09-02T22:32:55.329840+08:00,0, NVIDIA GeForce RTX 5060, 48, 3588, 8151, 57, 74.65
2026-09-02T22:33:00.370330+08:00,0, NVIDIA GeForce RTX 5060, 54, 3588, 8151, 60, 75.41
2026-09-02T22:33:05.409336+08:00,0, NVIDIA GeForce RTX 5060, 53, 3588, 8151, 59, 73.58
2026-09-02T22:33:10.447571+08:00,0, NVIDIA GeForce RTX 5060, 49, 3588, 8151, 60, 75.12
2026-09-02T22:33:15.488396+08:00,0, NVIDIA GeForce RTX 5060, 54, 3588, 8151, 57, 73.50
2026-09-02T22:33:20.528448+08:00,0, NVIDIA GeForce RTX 5060, 12, 3599, 8151, 58, 70.21
2026-09-02T22:33:25.592363+08:00,0, NVIDIA GeForce RTX 5060, 14, 3592, 8151, 53, 33.78
2026-09-02T22:33:30.630979+08:00,0, NVIDIA GeForce RTX 5060, 14, 3601, 8151, 53, 36.55
2026-09-02T22:33:35.678372+08:00,0, NVIDIA GeForce RTX 5060, 43, 3593, 8151, 58, 74.38
2026-09-02T22:33:40.714181+08:00,0, NVIDIA GeForce RTX 5060, 46, 3593, 8151, 57, 73.90
2026-09-02T22:33:45.768354+08:00,0, NVIDIA GeForce RTX 5060, 45, 3604, 8151, 56, 71.99
2026-09-02T22:33:50.811890+08:00,0, NVIDIA GeForce RTX 5060, 46, 3579, 8151, 59, 68.76
2026-09-02T22:33:55.850630+08:00,0, NVIDIA GeForce RTX 5060, 45, 3601, 8151, 58, 73.39
2026-09-02T22:34:00.887565+08:00,0, NVIDIA GeForce RTX 5060, 50, 3593, 8151, 57, 75.40
2026-09-02T22:34:05.921236+08:00,0, NVIDIA GeForce RTX 5060, 44, 3593, 8151, 59, 74.41
2026-09-02T22:34:10.974234+08:00,0, NVIDIA GeForce RTX 5060, 46, 3592, 8151, 60, 74.99
2026-09-02T22:34:16.014421+08:00,0, NVIDIA GeForce RTX 5060, 50, 3592, 8151, 58, 76.49
2026-09-02T22:34:21.055173+08:00,0, NVIDIA GeForce RTX 5060, 7, 3592, 8151, 54, 34.98
2026-09-02T22:34:26.092397+08:00,0, NVIDIA GeForce RTX 5060, 14, 3592, 8151, 52, 34.03
2026-09-02T22:34:31.135760+08:00,0, NVIDIA GeForce RTX 5060, 50, 3596, 8151, 56, 73.17
2026-09-02T22:34:36.177354+08:00,0, NVIDIA GeForce RTX 5060, 46, 3601, 8151, 56, 71.52
2026-09-02T22:34:41.232776+08:00,0, NVIDIA GeForce RTX 5060, 20, 3589, 8151, 59, 71.15
2026-09-02T22:34:46.280083+08:00,0, NVIDIA GeForce RTX 5060, 46, 3588, 8151, 57, 74.27
2026-09-02T22:34:51.332761+08:00,0, NVIDIA GeForce RTX 5060, 48, 3599, 8151, 59, 73.51
2026-09-02T22:34:56.375587+08:00,0, NVIDIA GeForce RTX 5060, 48, 3588, 8151, 57, 72.31
2026-09-02T22:35:01.441824+08:00,0, NVIDIA GeForce RTX 5060, 47, 3587, 8151, 59, 74.94
2026-09-02T22:35:06.491789+08:00,0, NVIDIA GeForce RTX 5060, 52, 3587, 8151, 58, 75.32
2026-09-02T22:35:11.533309+08:00,0, NVIDIA GeForce RTX 5060, 51, 3599, 8151, 59, 74.86
2026-09-02T22:35:16.571852+08:00,0, NVIDIA GeForce RTX 5060, 10, 3595, 8151, 53, 39.84
2026-09-02T22:35:21.628477+08:00,0, NVIDIA GeForce RTX 5060, 14, 3588, 8151, 53, 33.58
2026-09-02T22:35:26.683428+08:00,0, NVIDIA GeForce RTX 5060, 47, 3587, 8151, 56, 71.55
2026-09-02T22:35:31.732350+08:00,0, NVIDIA GeForce RTX 5060, 56, 3587, 8151, 59, 76.00
2026-09-02T22:35:36.793415+08:00,0, NVIDIA GeForce RTX 5060, 50, 3587, 8151, 57, 73.84
2026-09-02T22:35:41.836238+08:00,0, NVIDIA GeForce RTX 5060, 45, 3598, 8151, 56, 73.54
2026-09-02T22:35:46.872044+08:00,0, NVIDIA GeForce RTX 5060, 52, 3588, 8151, 57, 74.29
2026-09-02T22:35:51.912617+08:00,0, NVIDIA GeForce RTX 5060, 45, 3588, 8151, 58, 73.43
2026-09-02T22:35:56.946772+08:00,0, NVIDIA GeForce RTX 5060, 49, 3588, 8151, 58, 74.32
2026-09-02T22:36:01.982950+08:00,0, NVIDIA GeForce RTX 5060, 53, 3587, 8151, 57, 74.67
2026-09-02T22:36:07.025364+08:00,0, NVIDIA GeForce RTX 5060, 55, 3595, 8151, 59, 74.96
2026-09-02T22:36:12.076859+08:00,0, NVIDIA GeForce RTX 5060, 12, 3598, 8151, 57, 48.67
2026-09-02T22:36:17.124192+08:00,0, NVIDIA GeForce RTX 5060, 12, 3596, 8151, 52, 34.83
2026-09-02T22:36:22.174272+08:00,0, NVIDIA GeForce RTX 5060, 44, 3588, 8151, 57, 65.48
2026-09-02T22:36:27.225508+08:00,0, NVIDIA GeForce RTX 5060, 53, 3587, 8151, 57, 74.38
2026-09-02T22:36:32.257421+08:00,0, NVIDIA GeForce RTX 5060, 54, 3608, 8151, 58, 73.64
2026-09-02T22:36:37.295237+08:00,0, NVIDIA GeForce RTX 5060, 50, 3587, 8151, 56, 75.06
2026-09-02T22:36:42.343904+08:00,0, NVIDIA GeForce RTX 5060, 45, 3596, 8151, 58, 74.53
2026-09-02T22:36:47.394571+08:00,0, NVIDIA GeForce RTX 5060, 50, 3598, 8151, 59, 73.82
2026-09-02T22:36:52.433734+08:00,0, NVIDIA GeForce RTX 5060, 44, 3588, 8151, 58, 72.94
2026-09-02T22:36:57.485561+08:00,0, NVIDIA GeForce RTX 5060, 45, 3587, 8151, 59, 74.97
2026-09-02T22:37:02.537247+08:00,0, NVIDIA GeForce RTX 5060, 51, 3595, 8151, 59, 73.85
2026-09-02T22:37:07.574299+08:00,0, NVIDIA GeForce RTX 5060, 50, 3598, 8151, 57, 70.88
2026-09-02T22:37:12.638720+08:00,0, NVIDIA GeForce RTX 5060, 10, 3587, 8151, 52, 35.15
2026-09-02T22:37:17.684439+08:00,0, NVIDIA GeForce RTX 5060, 14, 3587, 8151, 54, 34.63
2026-09-02T22:37:22.725262+08:00,0, NVIDIA GeForce RTX 5060, 45, 3598, 8151, 58, 73.47
2026-09-02T22:37:27.766320+08:00,0, NVIDIA GeForce RTX 5060, 44, 3599, 8151, 57, 74.68
2026-09-02T22:37:32.805961+08:00,0, NVIDIA GeForce RTX 5060, 49, 3596, 8151, 57, 74.41
2026-09-02T22:37:37.860160+08:00,0, NVIDIA GeForce RTX 5060, 45, 3587, 8151, 57, 71.17
2026-09-02T22:37:42.897314+08:00,0, NVIDIA GeForce RTX 5060, 47, 3587, 8151, 57, 75.08
2026-09-02T22:37:47.931695+08:00,0, NVIDIA GeForce RTX 5060, 47, 3587, 8151, 60, 75.59
2026-09-02T22:37:52.976061+08:00,0, NVIDIA GeForce RTX 5060, 51, 3599, 8151, 59, 74.89
2026-09-02T22:37:58.018980+08:00,0, NVIDIA GeForce RTX 5060, 48, 3588, 8151, 59, 74.25
2026-09-02T22:38:03.058515+08:00,0, NVIDIA GeForce RTX 5060, 46, 3595, 8151, 59, 75.35
2026-09-02T22:38:08.099590+08:00,0, NVIDIA GeForce RTX 5060, 15, 3587, 8151, 53, 35.46
2026-09-02T22:38:13.147546+08:00,0, NVIDIA GeForce RTX 5060, 14, 3597, 8151, 51, 34.51
2026-09-02T22:38:18.200931+08:00,0, NVIDIA GeForce RTX 5060, 52, 3596, 8151, 57, 73.83
2026-09-02T22:38:23.240538+08:00,0, NVIDIA GeForce RTX 5060, 48, 3596, 8151, 57, 72.96
2026-09-02T22:38:28.279806+08:00,0, NVIDIA GeForce RTX 5060, 45, 3594, 8151, 57, 74.68
2026-09-02T22:38:33.320461+08:00,0, NVIDIA GeForce RTX 5060, 46, 3587, 8151, 58, 74.52
2026-09-02T22:38:38.358568+08:00,0, NVIDIA GeForce RTX 5060, 46, 3588, 8151, 57, 72.91
2026-09-02T22:38:43.399067+08:00,0, NVIDIA GeForce RTX 5060, 44, 3587, 8151, 58, 72.35
2026-09-02T22:38:48.438626+08:00,0, NVIDIA GeForce RTX 5060, 52, 3586, 8151, 59, 74.76
2026-09-02T22:38:53.486834+08:00,0, NVIDIA GeForce RTX 5060, 51, 3604, 8151, 58, 75.00
2026-09-02T22:38:58.527701+08:00,0, NVIDIA GeForce RTX 5060, 48, 3598, 8151, 59, 74.49
2026-09-02T22:39:03.579912+08:00,0, NVIDIA GeForce RTX 5060, 14, 3587, 8151, 55, 40.46
2026-09-02T22:39:08.627415+08:00,0, NVIDIA GeForce RTX 5060, 14, 3597, 8151, 51, 33.43
2026-09-02T22:39:13.680437+08:00,0, NVIDIA GeForce RTX 5060, 49, 3587, 8151, 55, 73.26
2026-09-02T22:39:18.718608+08:00,0, NVIDIA GeForce RTX 5060, 44, 3582, 8151, 57, 73.94
2026-09-02T22:39:23.762293+08:00,0, NVIDIA GeForce RTX 5060, 44, 3587, 8151, 56, 72.58
2026-09-02T22:39:28.802671+08:00,0, NVIDIA GeForce RTX 5060, 46, 3587, 8151, 58, 74.23
2026-09-02T22:39:33.850326+08:00,0, NVIDIA GeForce RTX 5060, 47, 3589, 8151, 57, 69.39
2026-09-02T22:39:38.901692+08:00,0, NVIDIA GeForce RTX 5060, 48, 3588, 8151, 57, 72.47
2026-09-02T22:39:43.950454+08:00,0, NVIDIA GeForce RTX 5060, 48, 3610, 8151, 60, 75.54
2026-09-02T22:39:49.001880+08:00,0, NVIDIA GeForce RTX 5060, 46, 3604, 8151, 60, 75.01
2026-09-02T22:39:54.045267+08:00,0, NVIDIA GeForce RTX 5060, 50, 3595, 8151, 60, 75.09
2026-09-02T22:39:59.080979+08:00,0, NVIDIA GeForce RTX 5060, 14, 3586, 8151, 55, 52.69
2026-09-02T22:40:04.116059+08:00,0, NVIDIA GeForce RTX 5060, 14, 3595, 8151, 52, 35.38
2026-09-02T22:40:09.149927+08:00,0, NVIDIA GeForce RTX 5060, 45, 3596, 8151, 55, 50.69
2026-09-02T22:40:14.202930+08:00,0, NVIDIA GeForce RTX 5060, 44, 3596, 8151, 59, 74.30
2026-09-02T22:40:19.252577+08:00,0, NVIDIA GeForce RTX 5060, 51, 3596, 8151, 57, 75.41
2026-09-02T22:40:24.290054+08:00,0, NVIDIA GeForce RTX 5060, 52, 3595, 8151, 58, 74.76
2026-09-02T22:40:29.342423+08:00,0, NVIDIA GeForce RTX 5060, 51, 3586, 8151, 59, 74.89
2026-09-02T22:40:34.383040+08:00,0, NVIDIA GeForce RTX 5060, 48, 3587, 8151, 58, 72.87
2026-09-02T22:40:39.420758+08:00,0, NVIDIA GeForce RTX 5060, 46, 3587, 8151, 58, 73.66
2026-09-02T22:40:44.461509+08:00,0, NVIDIA GeForce RTX 5060, 45, 3587, 8151, 58, 74.73
2026-09-02T22:40:49.511127+08:00,0, NVIDIA GeForce RTX 5060, 44, 3587, 8151, 58, 74.40
2026-09-02T22:40:54.552611+08:00,0, NVIDIA GeForce RTX 5060, 49, 3588, 8151, 58, 74.81
2026-09-02T22:40:59.588240+08:00,0, NVIDIA GeForce RTX 5060, 14, 3588, 8151, 52, 34.92
2026-09-02T22:41:04.625194+08:00,0, NVIDIA GeForce RTX 5060, 12, 3588, 8151, 53, 34.09
2026-09-02T22:41:09.661121+08:00,0, NVIDIA GeForce RTX 5060, 49, 3587, 8151, 58, 74.37
2026-09-02T22:41:14.721874+08:00,0, NVIDIA GeForce RTX 5060, 44, 3587, 8151, 58, 72.92
2026-09-02T22:41:19.766662+08:00,0, NVIDIA GeForce RTX 5060, 51, 3591, 8151, 56, 73.46
2026-09-02T22:41:24.824196+08:00,0, NVIDIA GeForce RTX 5060, 45, 3592, 8151, 56, 75.29
2026-09-02T22:41:29.881882+08:00,0, NVIDIA GeForce RTX 5060, 51, 3592, 8151, 59, 75.33
2026-09-02T22:41:34.922130+08:00,0, NVIDIA GeForce RTX 5060, 49, 3592, 8151, 57, 74.70
2026-09-02T22:41:39.966680+08:00,0, NVIDIA GeForce RTX 5060, 45, 3604, 8151, 60, 74.84
2026-09-02T22:41:45.016300+08:00,0, NVIDIA GeForce RTX 5060, 44, 3599, 8151, 58, 73.91
2026-09-02T22:41:50.052801+08:00,0, NVIDIA GeForce RTX 5060, 49, 3592, 8151, 60, 74.28
2026-09-02T22:41:55.087158+08:00,0, NVIDIA GeForce RTX 5060, 15, 3592, 8151, 52, 35.23
2026-09-02T22:42:00.127218+08:00,0, NVIDIA GeForce RTX 5060, 9, 3592, 8151, 51, 33.31
2026-09-02T22:42:05.186500+08:00,0, NVIDIA GeForce RTX 5060, 53, 3601, 8151, 57, 74.14
2026-09-02T22:42:10.236824+08:00,0, NVIDIA GeForce RTX 5060, 51, 3601, 8151, 56, 73.02
2026-09-02T22:42:15.282947+08:00,0, NVIDIA GeForce RTX 5060, 48, 3600, 8151, 57, 73.45
2026-09-02T22:42:20.323293+08:00,0, NVIDIA GeForce RTX 5060, 50, 3601, 8151, 58, 75.20
2026-09-02T22:42:25.382833+08:00,0, NVIDIA GeForce RTX 5060, 47, 3601, 8151, 59, 73.91
2026-09-02T22:42:30.424765+08:00,0, NVIDIA GeForce RTX 5060, 47, 3603, 8151, 58, 72.98
2026-09-02T22:42:35.483805+08:00,0, NVIDIA GeForce RTX 5060, 43, 3604, 8151, 58, 74.60
2026-09-02T22:42:40.525985+08:00,0, NVIDIA GeForce RTX 5060, 44, 3593, 8151, 59, 74.90
2026-09-02T22:42:45.565707+08:00,0, NVIDIA GeForce RTX 5060, 49, 3592, 8151, 60, 75.44
2026-09-02T22:42:50.608243+08:00,0, NVIDIA GeForce RTX 5060, 14, 3592, 8151, 52, 35.39
2026-09-02T22:42:55.657018+08:00,0, NVIDIA GeForce RTX 5060, 15, 3612, 8151, 52, 34.73
2026-09-02T22:43:00.704492+08:00,0, NVIDIA GeForce RTX 5060, 47, 3587, 8151, 58, 74.87
2026-09-02T22:43:05.747004+08:00,0, NVIDIA GeForce RTX 5060, 46, 3591, 8151, 58, 74.44
2026-09-02T22:43:10.786510+08:00,0, NVIDIA GeForce RTX 5060, 49, 3592, 8151, 59, 73.78
2026-09-02T22:43:15.844651+08:00,0, NVIDIA GeForce RTX 5060, 50, 3600, 8151, 58, 72.83
2026-09-02T22:43:20.885603+08:00,0, NVIDIA GeForce RTX 5060, 54, 3603, 8151, 58, 74.59
2026-09-02T22:43:25.928631+08:00,0, NVIDIA GeForce RTX 5060, 53, 3600, 8151, 59, 73.54
2026-09-02T22:43:30.987279+08:00,0, NVIDIA GeForce RTX 5060, 49, 3610, 8151, 58, 75.96
2026-09-02T22:43:36.026598+08:00,0, NVIDIA GeForce RTX 5060, 52, 3603, 8151, 58, 75.67
2026-09-02T22:43:41.084783+08:00,0, NVIDIA GeForce RTX 5060, 56, 3603, 8151, 59, 76.67
2026-09-02T22:43:46.119304+08:00,0, NVIDIA GeForce RTX 5060, 14, 3593, 8151, 55, 34.09
2026-09-02T22:43:51.187343+08:00,0, NVIDIA GeForce RTX 5060, 15, 3591, 8151, 51, 33.63
2026-09-02T22:43:56.239937+08:00,0, NVIDIA GeForce RTX 5060, 49, 3592, 8151, 57, 74.60
2026-09-02T22:44:01.286484+08:00,0, NVIDIA GeForce RTX 5060, 42, 3602, 8151, 58, 73.29
2026-09-02T22:44:06.332782+08:00,0, NVIDIA GeForce RTX 5060, 43, 3603, 8151, 57, 73.92
2026-09-02T22:44:11.369723+08:00,0, NVIDIA GeForce RTX 5060, 48, 3593, 8151, 58, 75.25
2026-09-02T22:44:16.405010+08:00,0, NVIDIA GeForce RTX 5060, 49, 3603, 8151, 60, 73.16
2026-09-02T22:44:21.454269+08:00,0, NVIDIA GeForce RTX 5060, 48, 3602, 8151, 58, 73.83
2026-09-02T22:44:26.498188+08:00,0, NVIDIA GeForce RTX 5060, 50, 3600, 8151, 59, 73.88
2026-09-02T22:44:31.542098+08:00,0, NVIDIA GeForce RTX 5060, 44, 3615, 8151, 58, 75.00
2026-09-02T22:44:36.585936+08:00,0, NVIDIA GeForce RTX 5060, 52, 3601, 8151, 58, 75.06
2026-09-02T22:44:41.635766+08:00,0, NVIDIA GeForce RTX 5060, 15, 3577, 8151, 54, 42.97
2026-09-02T22:44:46.682150+08:00,0, NVIDIA GeForce RTX 5060, 2, 3599, 8151, 52, 32.61
2026-09-02T22:44:51.729568+08:00,0, NVIDIA GeForce RTX 5060, 51, 3591, 8151, 55, 74.31
2026-09-02T22:44:56.769749+08:00,0, NVIDIA GeForce RTX 5060, 53, 3602, 8151, 56, 75.61
2026-09-02T22:45:01.817888+08:00,0, NVIDIA GeForce RTX 5060, 51, 3601, 8151, 57, 74.49
2026-09-02T22:45:06.868328+08:00,0, NVIDIA GeForce RTX 5060, 45, 3600, 8151, 59, 74.44
2026-09-02T22:45:11.906045+08:00,0, NVIDIA GeForce RTX 5060, 50, 3601, 8151, 57, 75.46
2026-09-02T22:45:16.954321+08:00,0, NVIDIA GeForce RTX 5060, 44, 3600, 8151, 57, 74.60
2026-09-02T22:45:21.994877+08:00,0, NVIDIA GeForce RTX 5060, 48, 3600, 8151, 59, 73.56
2026-09-02T22:45:27.037589+08:00,0, NVIDIA GeForce RTX 5060, 50, 3600, 8151, 59, 74.89
2026-09-02T22:45:32.090330+08:00,0, NVIDIA GeForce RTX 5060, 43, 3600, 8151, 60, 74.00
2026-09-02T22:45:37.127671+08:00,0, NVIDIA GeForce RTX 5060, 14, 3602, 8151, 55, 53.84
2026-09-02T22:45:42.165456+08:00,0, NVIDIA GeForce RTX 5060, 15, 3591, 8151, 51, 33.09
2026-09-02T22:45:47.207520+08:00,0, NVIDIA GeForce RTX 5060, 43, 3591, 8151, 55, 51.57
2026-09-02T22:45:52.249140+08:00,0, NVIDIA GeForce RTX 5060, 49, 3591, 8151, 57, 74.77
2026-09-02T22:45:57.291586+08:00,0, NVIDIA GeForce RTX 5060, 45, 3591, 8151, 58, 74.28
2026-09-02T22:46:02.332422+08:00,0, NVIDIA GeForce RTX 5060, 55, 3591, 8151, 59, 73.65
2026-09-02T22:46:07.391868+08:00,0, NVIDIA GeForce RTX 5060, 48, 3591, 8151, 57, 73.54
2026-09-02T22:46:12.434665+08:00,0, NVIDIA GeForce RTX 5060, 43, 3591, 8151, 57, 73.39
2026-09-02T22:46:17.482930+08:00,0, NVIDIA GeForce RTX 5060, 52, 3605, 8151, 60, 73.89
2026-09-02T22:46:22.520993+08:00,0, NVIDIA GeForce RTX 5060, 50, 3599, 8151, 59, 73.65
2026-09-02T22:46:27.560569+08:00,0, NVIDIA GeForce RTX 5060, 45, 3591, 8151, 58, 74.43
2026-09-02T22:46:32.609563+08:00,0, NVIDIA GeForce RTX 5060, 48, 3592, 8151, 60, 75.05
2026-09-02T22:46:37.686468+08:00,0, NVIDIA GeForce RTX 5060, 12, 3690, 8151, 56, 40.71
2026-09-02T22:46:42.816832+08:00,0, NVIDIA GeForce RTX 5060, 2, 3734, 8151, 51, 32.65
2026-09-02T22:46:47.860458+08:00,0, NVIDIA GeForce RTX 5060, 54, 3761, 8151, 58, 75.16
2026-09-02T22:46:52.897822+08:00,0, NVIDIA GeForce RTX 5060, 55, 3761, 8151, 58, 75.71
2026-09-02T22:46:57.951049+08:00,0, NVIDIA GeForce RTX 5060, 54, 3761, 8151, 58, 75.86
2026-09-02T22:47:02.999082+08:00,0, NVIDIA GeForce RTX 5060, 44, 3761, 8151, 57, 74.74
2026-09-02T22:47:08.050098+08:00,0, NVIDIA GeForce RTX 5060, 45, 3761, 8151, 57, 73.53
2026-09-02T22:47:13.101081+08:00,0, NVIDIA GeForce RTX 5060, 44, 3761, 8151, 60, 75.52
2026-09-02T22:47:18.140613+08:00,0, NVIDIA GeForce RTX 5060, 46, 3761, 8151, 59, 74.63
2026-09-02T22:47:23.181858+08:00,0, NVIDIA GeForce RTX 5060, 55, 3761, 8151, 59, 74.37
2026-09-02T22:47:28.224411+08:00,0, NVIDIA GeForce RTX 5060, 49, 3752, 8151, 59, 73.94
2026-09-02T22:47:33.265674+08:00,0, NVIDIA GeForce RTX 5060, 14, 3752, 8151, 55, 41.46
2026-09-02T22:47:38.308393+08:00,0, NVIDIA GeForce RTX 5060, 14, 3764, 8151, 51, 35.86
2026-09-02T22:47:43.350959+08:00,0, NVIDIA GeForce RTX 5060, 50, 3761, 8151, 57, 73.96
2026-09-02T22:47:48.403179+08:00,0, NVIDIA GeForce RTX 5060, 47, 3760, 8151, 56, 71.89
2026-09-02T22:47:53.445326+08:00,0, NVIDIA GeForce RTX 5060, 53, 3763, 8151, 58, 75.29
2026-09-02T22:47:58.492275+08:00,0, NVIDIA GeForce RTX 5060, 50, 3770, 8151, 58, 74.75
2026-09-02T22:48:03.523332+08:00,0, NVIDIA GeForce RTX 5060, 47, 3762, 8151, 58, 74.57
2026-09-02T22:48:08.572986+08:00,0, NVIDIA GeForce RTX 5060, 55, 3761, 8151, 58, 74.47
2026-09-02T22:48:13.607618+08:00,0, NVIDIA GeForce RTX 5060, 54, 3753, 8151, 57, 75.82
2026-09-02T22:48:18.654903+08:00,0, NVIDIA GeForce RTX 5060, 51, 3753, 8151, 59, 75.00
2026-09-02T22:48:23.695141+08:00,0, NVIDIA GeForce RTX 5060, 44, 3754, 8151, 59, 74.43
2026-09-02T22:48:28.741947+08:00,0, NVIDIA GeForce RTX 5060, 15, 3754, 8151, 55, 47.66
2026-09-02T22:48:33.798580+08:00,0, NVIDIA GeForce RTX 5060, 15, 3761, 8151, 52, 36.11
2026-09-02T22:48:38.846711+08:00,0, NVIDIA GeForce RTX 5060, 44, 3762, 8151, 57, 70.31
2026-09-02T22:48:43.884261+08:00,0, NVIDIA GeForce RTX 5060, 48, 3753, 8151, 57, 74.99
2026-09-02T22:48:48.922627+08:00,0, NVIDIA GeForce RTX 5060, 47, 3754, 8151, 58, 72.94
2026-09-02T22:48:53.976745+08:00,0, NVIDIA GeForce RTX 5060, 45, 3761, 8151, 59, 73.84
2026-09-02T22:48:59.013495+08:00,0, NVIDIA GeForce RTX 5060, 47, 3753, 8151, 57, 72.95
2026-09-02T22:49:04.067191+08:00,0, NVIDIA GeForce RTX 5060, 54, 3764, 8151, 59, 74.18
2026-09-02T22:49:09.103501+08:00,0, NVIDIA GeForce RTX 5060, 52, 3761, 8151, 57, 74.92
2026-09-02T22:49:14.144099+08:00,0, NVIDIA GeForce RTX 5060, 53, 3753, 8151, 58, 71.31
2026-09-02T22:49:19.197304+08:00,0, NVIDIA GeForce RTX 5060, 50, 3753, 8151, 60, 73.72
2026-09-02T22:49:24.272480+08:00,0, NVIDIA GeForce RTX 5060, 7, 3752, 8151, 56, 59.25
2026-09-02T22:49:29.324388+08:00,0, NVIDIA GeForce RTX 5060, 14, 3753, 8151, 53, 35.01
2026-09-02T22:49:34.377318+08:00,0, NVIDIA GeForce RTX 5060, 51, 3764, 8151, 56, 46.58
2026-09-02T22:49:39.415393+08:00,0, NVIDIA GeForce RTX 5060, 45, 3750, 8151, 57, 73.52
2026-09-02T22:49:44.457241+08:00,0, NVIDIA GeForce RTX 5060, 46, 3762, 8151, 56, 75.25
2026-09-02T22:49:49.508269+08:00,0, NVIDIA GeForce RTX 5060, 52, 3762, 8151, 58, 74.83
2026-09-02T22:49:54.555391+08:00,0, NVIDIA GeForce RTX 5060, 55, 3754, 8151, 58, 76.65
2026-09-02T22:49:59.598240+08:00,0, NVIDIA GeForce RTX 5060, 45, 3754, 8151, 60, 73.62
2026-09-02T22:50:04.674261+08:00,0, NVIDIA GeForce RTX 5060, 48, 3754, 8151, 58, 71.57
2026-09-02T22:50:09.717061+08:00,0, NVIDIA GeForce RTX 5060, 54, 3754, 8151, 60, 75.84
2026-09-02T22:50:14.769920+08:00,0, NVIDIA GeForce RTX 5060, 48, 3762, 8151, 60, 75.49
2026-09-02T22:50:19.810024+08:00,0, NVIDIA GeForce RTX 5060, 14, 3765, 8151, 61, 66.83
2026-09-02T22:50:24.858243+08:00,0, NVIDIA GeForce RTX 5060, 15, 3755, 8151, 54, 35.88
2026-09-02T22:50:29.907649+08:00,0, NVIDIA GeForce RTX 5060, 15, 3754, 8151, 51, 32.41
2026-09-02T22:50:34.943404+08:00,0, NVIDIA GeForce RTX 5060, 48, 3762, 8151, 56, 71.67
2026-09-02T22:50:39.981802+08:00,0, NVIDIA GeForce RTX 5060, 48, 3762, 8151, 57, 74.81
2026-09-02T22:50:45.026555+08:00,0, NVIDIA GeForce RTX 5060, 44, 3762, 8151, 58, 74.26
2026-09-02T22:50:50.067103+08:00,0, NVIDIA GeForce RTX 5060, 54, 3762, 8151, 59, 75.16
2026-09-02T22:50:55.128742+08:00,0, NVIDIA GeForce RTX 5060, 39, 3762, 8151, 57, 66.08
2026-09-02T22:51:00.181375+08:00,0, NVIDIA GeForce RTX 5060, 46, 3762, 8151, 56, 67.69
2026-09-02T22:51:05.234885+08:00,0, NVIDIA GeForce RTX 5060, 38, 3762, 8151, 59, 67.50
2026-09-02T22:51:10.287454+08:00,0, NVIDIA GeForce RTX 5060, 34, 3763, 8151, 59, 69.33
2026-09-02T22:51:15.336972+08:00,0, NVIDIA GeForce RTX 5060, 45, 3761, 8151, 56, 68.14
2026-09-02T22:51:20.377969+08:00,0, NVIDIA GeForce RTX 5060, 37, 3761, 8151, 56, 68.46
2026-09-02T22:51:25.427113+08:00,0, NVIDIA GeForce RTX 5060, 14, 3761, 8151, 51, 31.26
2026-09-02T22:51:30.477415+08:00,0, NVIDIA GeForce RTX 5060, 6, 3753, 8151, 51, 30.64
2026-09-02T22:51:35.528065+08:00,0, NVIDIA GeForce RTX 5060, 44, 3753, 8151, 57, 65.75
2026-09-02T22:51:40.570278+08:00,0, NVIDIA GeForce RTX 5060, 48, 3765, 8151, 55, 71.48
2026-09-02T22:51:45.607110+08:00,0, NVIDIA GeForce RTX 5060, 43, 3761, 8151, 57, 71.12
2026-09-02T22:51:50.649933+08:00,0, NVIDIA GeForce RTX 5060, 47, 3762, 8151, 56, 73.04
2026-09-02T22:51:55.697014+08:00,0, NVIDIA GeForce RTX 5060, 51, 3757, 8151, 56, 73.10
2026-09-02T22:52:00.737806+08:00,0, NVIDIA GeForce RTX 5060, 45, 3761, 8151, 57, 71.29
2026-09-02T22:52:05.782526+08:00,0, NVIDIA GeForce RTX 5060, 45, 3753, 8151, 58, 71.52
2026-09-02T22:52:10.829818+08:00,0, NVIDIA GeForce RTX 5060, 45, 3752, 8151, 59, 73.16
2026-09-02T22:52:15.883656+08:00,0, NVIDIA GeForce RTX 5060, 35, 3753, 8151, 56, 68.58
2026-09-02T22:52:20.927966+08:00,0, NVIDIA GeForce RTX 5060, 42, 3753, 8151, 57, 71.69
2026-09-02T22:52:25.985002+08:00,0, NVIDIA GeForce RTX 5060, 14, 3764, 8151, 52, 36.24
2026-09-02T22:52:31.043771+08:00,0, NVIDIA GeForce RTX 5060, 14, 3765, 8151, 54, 35.29
2026-09-02T22:52:36.109316+08:00,0, NVIDIA GeForce RTX 5060, 47, 3753, 8151, 57, 74.34
2026-09-02T22:52:41.157594+08:00,0, NVIDIA GeForce RTX 5060, 45, 3753, 8151, 57, 72.60
2026-09-02T22:52:46.321021+08:00,0, NVIDIA GeForce RTX 5060, 23, 3763, 8151, 58, 71.56
2026-09-02T22:52:51.360593+08:00,0, NVIDIA GeForce RTX 5060, 51, 3761, 8151, 57, 76.05
2026-09-02T22:52:56.401791+08:00,0, NVIDIA GeForce RTX 5060, 45, 3761, 8151, 58, 75.02
2026-09-02T22:53:01.440534+08:00,0, NVIDIA GeForce RTX 5060, 49, 3761, 8151, 56, 72.77
2026-09-02T22:53:06.484812+08:00,0, NVIDIA GeForce RTX 5060, 44, 3752, 8151, 59, 73.83
2026-09-02T22:53:11.527566+08:00,0, NVIDIA GeForce RTX 5060, 47, 3754, 8151, 59, 74.69
2026-09-02T22:53:16.564690+08:00,0, NVIDIA GeForce RTX 5060, 43, 3761, 8151, 60, 73.43
2026-09-02T22:53:21.610311+08:00,0, NVIDIA GeForce RTX 5060, 15, 3753, 8151, 54, 43.28
2026-09-02T22:53:26.645561+08:00,0, NVIDIA GeForce RTX 5060, 13, 3752, 8151, 51, 35.83
2026-09-02T22:53:31.694070+08:00,0, NVIDIA GeForce RTX 5060, 46, 3764, 8151, 56, 72.92
2026-09-02T22:53:36.727042+08:00,0, NVIDIA GeForce RTX 5060, 49, 3753, 8151, 56, 71.93
2026-09-02T22:53:41.767304+08:00,0, NVIDIA GeForce RTX 5060, 47, 3753, 8151, 58, 74.82
2026-09-02T22:53:46.815957+08:00,0, NVIDIA GeForce RTX 5060, 55, 3753, 8151, 56, 74.99
2026-09-02T22:53:51.852130+08:00,0, NVIDIA GeForce RTX 5060, 45, 3753, 8151, 59, 74.49
2026-09-02T22:53:56.900284+08:00,0, NVIDIA GeForce RTX 5060, 51, 3739, 8151, 59, 75.04
2026-09-02T22:54:01.940494+08:00,0, NVIDIA GeForce RTX 5060, 50, 3761, 8151, 59, 75.15
2026-09-02T22:54:06.982137+08:00,0, NVIDIA GeForce RTX 5060, 46, 3763, 8151, 57, 72.67
2026-09-02T22:54:12.022456+08:00,0, NVIDIA GeForce RTX 5060, 46, 3753, 8151, 57, 71.88
2026-09-02T22:54:17.064939+08:00,0, NVIDIA GeForce RTX 5060, 2, 3753, 8151, 56, 65.90
2026-09-02T22:54:22.114624+08:00,0, NVIDIA GeForce RTX 5060, 12, 3761, 8151, 52, 35.30
2026-09-02T22:54:27.154504+08:00,0, NVIDIA GeForce RTX 5060, 31, 3754, 8151, 50, 38.80
2026-09-02T22:54:32.192111+08:00,0, NVIDIA GeForce RTX 5060, 49, 3767, 8151, 57, 74.83
2026-09-02T22:54:37.232538+08:00,0, NVIDIA GeForce RTX 5060, 52, 3765, 8151, 56, 75.83
2026-09-02T22:54:42.275155+08:00,0, NVIDIA GeForce RTX 5060, 46, 3753, 8151, 59, 74.95
2026-09-02T22:54:47.310968+08:00,0, NVIDIA GeForce RTX 5060, 52, 3753, 8151, 56, 75.20
2026-09-02T22:54:52.355066+08:00,0, NVIDIA GeForce RTX 5060, 44, 3753, 8151, 59, 74.39
2026-09-02T22:54:57.392732+08:00,0, NVIDIA GeForce RTX 5060, 53, 3753, 8151, 60, 74.90
2026-09-02T22:55:02.436074+08:00,0, NVIDIA GeForce RTX 5060, 55, 3752, 8151, 60, 75.00
2026-09-02T22:55:07.473452+08:00,0, NVIDIA GeForce RTX 5060, 45, 3762, 8151, 59, 75.40
2026-09-02T22:55:12.523817+08:00,0, NVIDIA GeForce RTX 5060, 44, 3763, 8151, 60, 74.21
2026-09-02T22:55:17.563093+08:00,0, NVIDIA GeForce RTX 5060, 15, 3752, 8151, 52, 35.13
2026-09-02T22:55:22.621491+08:00,0, NVIDIA GeForce RTX 5060, 6, 3761, 8151, 53, 35.50
2026-09-02T22:55:27.692459+08:00,0, NVIDIA GeForce RTX 5060, 47, 3773, 8151, 57, 74.44
2026-09-02T22:55:32.732882+08:00,0, NVIDIA GeForce RTX 5060, 46, 3753, 8151, 59, 74.68
2026-09-02T22:55:37.785063+08:00,0, NVIDIA GeForce RTX 5060, 49, 3752, 8151, 57, 74.56
2026-09-02T22:55:42.820128+08:00,0, NVIDIA GeForce RTX 5060, 45, 3753, 8151, 59, 73.96
2026-09-02T22:55:47.859281+08:00,0, NVIDIA GeForce RTX 5060, 51, 3753, 8151, 57, 73.69
2026-09-02T22:55:52.911994+08:00,0, NVIDIA GeForce RTX 5060, 45, 3754, 8151, 60, 74.68
2026-09-02T22:55:57.946565+08:00,0, NVIDIA GeForce RTX 5060, 45, 3752, 8151, 58, 74.42
2026-09-02T22:56:02.985581+08:00,0, NVIDIA GeForce RTX 5060, 53, 3760, 8151, 60, 76.08
2026-09-02T22:56:08.024627+08:00,0, NVIDIA GeForce RTX 5060, 47, 3763, 8151, 59, 74.90
2026-09-02T22:56:13.059017+08:00,0, NVIDIA GeForce RTX 5060, 13, 3754, 8151, 55, 34.90
2026-09-02T22:56:18.107591+08:00,0, NVIDIA GeForce RTX 5060, 14, 3753, 8151, 51, 34.50
2026-09-02T22:56:23.155012+08:00,0, NVIDIA GeForce RTX 5060, 50, 3752, 8151, 58, 74.53
2026-09-02T22:56:28.189642+08:00,0, NVIDIA GeForce RTX 5060, 53, 3761, 8151, 57, 73.32
2026-09-02T22:56:33.235796+08:00,0, NVIDIA GeForce RTX 5060, 53, 3764, 8151, 58, 75.86
2026-09-02T22:56:38.273372+08:00,0, NVIDIA GeForce RTX 5060, 52, 3753, 8151, 58, 75.18
2026-09-02T22:56:43.314700+08:00,0, NVIDIA GeForce RTX 5060, 48, 3761, 8151, 59, 74.70
2026-09-02T22:56:48.357582+08:00,0, NVIDIA GeForce RTX 5060, 49, 3761, 8151, 58, 74.53
2026-09-02T22:56:53.407107+08:00,0, NVIDIA GeForce RTX 5060, 44, 3752, 8151, 58, 74.08
2026-09-02T22:56:58.446950+08:00,0, NVIDIA GeForce RTX 5060, 46, 3761, 8151, 58, 75.13
2026-09-02T22:57:03.508303+08:00,0, NVIDIA GeForce RTX 5060, 51, 3757, 8151, 59, 74.99
2026-09-02T22:57:08.550312+08:00,0, NVIDIA GeForce RTX 5060, 14, 3756, 8151, 52, 36.02
2026-09-02T22:57:13.596750+08:00,0, NVIDIA GeForce RTX 5060, 14, 3757, 8151, 52, 34.33
2026-09-02T22:57:18.637194+08:00,0, NVIDIA GeForce RTX 5060, 46, 3761, 8151, 57, 74.17
2026-09-02T22:57:23.690814+08:00,0, NVIDIA GeForce RTX 5060, 49, 3761, 8151, 57, 74.15
2026-09-02T22:57:28.735814+08:00,0, NVIDIA GeForce RTX 5060, 51, 3757, 8151, 58, 74.45
2026-09-02T22:57:33.777203+08:00,0, NVIDIA GeForce RTX 5060, 45, 3752, 8151, 59, 74.32
2026-09-02T22:57:38.848233+08:00,0, NVIDIA GeForce RTX 5060, 45, 3762, 8151, 58, 74.65
2026-09-02T22:57:43.891840+08:00,0, NVIDIA GeForce RTX 5060, 43, 3762, 8151, 58, 74.50
2026-09-02T22:57:48.934846+08:00,0, NVIDIA GeForce RTX 5060, 51, 3761, 8151, 59, 74.90
2026-09-02T22:57:53.978533+08:00,0, NVIDIA GeForce RTX 5060, 48, 3761, 8151, 60, 74.16
2026-09-02T22:57:59.018959+08:00,0, NVIDIA GeForce RTX 5060, 54, 3752, 8151, 61, 76.44
2026-09-02T22:58:04.057424+08:00,0, NVIDIA GeForce RTX 5060, 9, 3763, 8151, 53, 36.51
2026-09-02T22:58:09.110893+08:00,0, NVIDIA GeForce RTX 5060, 14, 3764, 8151, 53, 34.47
2026-09-02T22:58:14.148021+08:00,0, NVIDIA GeForce RTX 5060, 47, 3762, 8151, 55, 72.60
2026-09-02T22:58:19.189960+08:00,0, NVIDIA GeForce RTX 5060, 50, 3752, 8151, 56, 73.06
2026-09-02T22:58:24.238836+08:00,0, NVIDIA GeForce RTX 5060, 53, 3752, 8151, 58, 74.75
2026-09-02T22:58:29.290370+08:00,0, NVIDIA GeForce RTX 5060, 47, 3754, 8151, 58, 74.68
2026-09-02T22:58:34.328197+08:00,0, NVIDIA GeForce RTX 5060, 45, 3754, 8151, 59, 74.23
2026-09-02T22:58:39.372179+08:00,0, NVIDIA GeForce RTX 5060, 47, 3753, 8151, 60, 74.11
2026-09-02T22:58:44.412479+08:00,0, NVIDIA GeForce RTX 5060, 48, 3753, 8151, 60, 76.05
2026-09-02T22:58:49.461375+08:00,0, NVIDIA GeForce RTX 5060, 47, 3762, 8151, 59, 73.93
2026-09-02T22:58:54.507893+08:00,0, NVIDIA GeForce RTX 5060, 48, 3754, 8151, 59, 73.43
2026-09-02T22:58:59.556157+08:00,0, NVIDIA GeForce RTX 5060, 15, 3754, 8151, 56, 36.42
2026-09-02T22:59:04.601534+08:00,0, NVIDIA GeForce RTX 5060, 14, 3754, 8151, 51, 33.27
2026-09-02T22:59:09.638917+08:00,0, NVIDIA GeForce RTX 5060, 49, 3754, 8151, 56, 73.20
2026-09-02T22:59:14.675963+08:00,0, NVIDIA GeForce RTX 5060, 55, 3764, 8151, 58, 76.34
2026-09-02T22:59:19.720622+08:00,0, NVIDIA GeForce RTX 5060, 48, 3754, 8151, 59, 75.20
2026-09-02T22:59:24.757883+08:00,0, NVIDIA GeForce RTX 5060, 49, 3753, 8151, 60, 74.57
2026-09-02T22:59:29.803370+08:00,0, NVIDIA GeForce RTX 5060, 50, 3765, 8151, 57, 74.99
2026-09-02T22:59:34.840715+08:00,0, NVIDIA GeForce RTX 5060, 47, 3763, 8151, 58, 73.38
2026-09-02T22:59:39.885107+08:00,0, NVIDIA GeForce RTX 5060, 48, 3754, 8151, 57, 73.46
2026-09-02T22:59:44.927604+08:00,0, NVIDIA GeForce RTX 5060, 49, 3753, 8151, 57, 71.79
2026-09-02T22:59:49.973725+08:00,0, NVIDIA GeForce RTX 5060, 48, 3754, 8151, 57, 72.74
2026-09-02T22:59:55.017715+08:00,0, NVIDIA GeForce RTX 5060, 14, 3754, 8151, 54, 48.36
2026-09-02T23:00:00.061351+08:00,0, NVIDIA GeForce RTX 5060, 15, 3753, 8151, 54, 34.64
2026-09-02T23:00:05.102838+08:00,0, NVIDIA GeForce RTX 5060, 46, 3764, 8151, 58, 74.04
2026-09-02T23:00:10.149584+08:00,0, NVIDIA GeForce RTX 5060, 50, 3762, 8151, 57, 70.15
2026-09-02T23:00:15.195896+08:00,0, NVIDIA GeForce RTX 5060, 46, 3753, 8151, 58, 74.00
2026-09-02T23:00:20.239913+08:00,0, NVIDIA GeForce RTX 5060, 45, 3753, 8151, 59, 74.55
2026-09-02T23:00:25.296083+08:00,0, NVIDIA GeForce RTX 5060, 45, 3760, 8151, 59, 74.76
2026-09-02T23:00:30.344149+08:00,0, NVIDIA GeForce RTX 5060, 51, 3764, 8151, 57, 73.81
2026-09-02T23:00:35.383494+08:00,0, NVIDIA GeForce RTX 5060, 52, 3750, 8151, 58, 75.74
2026-09-02T23:00:40.427961+08:00,0, NVIDIA GeForce RTX 5060, 51, 3748, 8151, 57, 75.30
2026-09-02T23:00:45.470968+08:00,0, NVIDIA GeForce RTX 5060, 53, 3749, 8151, 59, 75.17
2026-09-02T23:00:50.511100+08:00,0, NVIDIA GeForce RTX 5060, 14, 3747, 8151, 55, 48.56
2026-09-02T23:00:55.554315+08:00,0, NVIDIA GeForce RTX 5060, 14, 3760, 8151, 51, 35.97
2026-09-02T23:01:00.590453+08:00,0, NVIDIA GeForce RTX 5060, 53, 3748, 8151, 57, 61.94
2026-09-02T23:01:05.631709+08:00,0, NVIDIA GeForce RTX 5060, 46, 3759, 8151, 56, 74.42
2026-09-02T23:01:10.675003+08:00,0, NVIDIA GeForce RTX 5060, 44, 3749, 8151, 57, 74.80
2026-09-02T23:01:15.721822+08:00,0, NVIDIA GeForce RTX 5060, 45, 3759, 8151, 58, 74.85
2026-09-02T23:01:20.764728+08:00,0, NVIDIA GeForce RTX 5060, 53, 3757, 8151, 57, 76.12
2026-09-02T23:01:25.804639+08:00,0, NVIDIA GeForce RTX 5060, 54, 3760, 8151, 58, 74.54
2026-09-02T23:01:30.854455+08:00,0, NVIDIA GeForce RTX 5060, 54, 3760, 8151, 57, 76.12
2026-09-02T23:01:35.895007+08:00,0, NVIDIA GeForce RTX 5060, 52, 3748, 8151, 57, 74.05
2026-09-02T23:01:40.947853+08:00,0, NVIDIA GeForce RTX 5060, 55, 3749, 8151, 59, 75.78
2026-09-02T23:01:45.983181+08:00,0, NVIDIA GeForce RTX 5060, 14, 3758, 8151, 55, 53.66
2026-09-02T23:01:51.036432+08:00,0, NVIDIA GeForce RTX 5060, 14, 3749, 8151, 52, 34.75
2026-09-02T23:01:56.098635+08:00,0, NVIDIA GeForce RTX 5060, 53, 3749, 8151, 56, 54.22
2026-09-02T23:02:01.143564+08:00,0, NVIDIA GeForce RTX 5060, 45, 3748, 8151, 59, 75.51
2026-09-02T23:02:06.184594+08:00,0, NVIDIA GeForce RTX 5060, 48, 3748, 8151, 59, 75.26
2026-09-02T23:02:11.233190+08:00,0, NVIDIA GeForce RTX 5060, 51, 3757, 8151, 57, 76.31
2026-09-02T23:02:16.283009+08:00,0, NVIDIA GeForce RTX 5060, 51, 3760, 8151, 58, 76.42
2026-09-02T23:02:21.325097+08:00,0, NVIDIA GeForce RTX 5060, 48, 3748, 8151, 59, 74.67
2026-09-02T23:02:26.362400+08:00,0, NVIDIA GeForce RTX 5060, 45, 3758, 8151, 59, 75.70
2026-09-02T23:02:31.408028+08:00,0, NVIDIA GeForce RTX 5060, 53, 3760, 8151, 59, 75.16
2026-09-02T23:02:36.454221+08:00,0, NVIDIA GeForce RTX 5060, 44, 3756, 8151, 58, 74.68
2026-09-02T23:02:41.497848+08:00,0, NVIDIA GeForce RTX 5060, 14, 3747, 8151, 55, 51.82
2026-09-02T23:02:46.555980+08:00,0, NVIDIA GeForce RTX 5060, 14, 3747, 8151, 54, 32.96
2026-09-02T23:02:51.607742+08:00,0, NVIDIA GeForce RTX 5060, 43, 3759, 8151, 54, 54.04
2026-09-02T23:02:56.643777+08:00,0, NVIDIA GeForce RTX 5060, 48, 3749, 8151, 56, 74.48
2026-09-02T23:03:01.687886+08:00,0, NVIDIA GeForce RTX 5060, 46, 3752, 8151, 59, 74.21
2026-09-02T23:03:06.737958+08:00,0, NVIDIA GeForce RTX 5060, 46, 3753, 8151, 60, 74.68
2026-09-02T23:03:11.776955+08:00,0, NVIDIA GeForce RTX 5060, 55, 3752, 8151, 58, 76.13
2026-09-02T23:03:16.813877+08:00,0, NVIDIA GeForce RTX 5060, 46, 3753, 8151, 60, 74.89
2026-09-02T23:03:21.859552+08:00,0, NVIDIA GeForce RTX 5060, 54, 3754, 8151, 57, 76.03
2026-09-02T23:03:26.918509+08:00,0, NVIDIA GeForce RTX 5060, 47, 3751, 8151, 60, 74.41
2026-09-02T23:03:31.965352+08:00,0, NVIDIA GeForce RTX 5060, 52, 3759, 8151, 60, 76.13
2026-09-02T23:03:37.009396+08:00,0, NVIDIA GeForce RTX 5060, 14, 3763, 8151, 55, 47.98
2026-09-02T23:03:42.057657+08:00,0, NVIDIA GeForce RTX 5060, 15, 3752, 8151, 52, 35.42
2026-09-02T23:03:47.099367+08:00,0, NVIDIA GeForce RTX 5060, 45, 3752, 8151, 56, 69.75
2026-09-02T23:03:52.145372+08:00,0, NVIDIA GeForce RTX 5060, 45, 3758, 8151, 58, 74.62
2026-09-02T23:03:57.186989+08:00,0, NVIDIA GeForce RTX 5060, 50, 3748, 8151, 58, 74.29
2026-09-02T23:04:02.236377+08:00,0, NVIDIA GeForce RTX 5060, 50, 3748, 8151, 56, 73.92
2026-09-02T23:04:07.276606+08:00,0, NVIDIA GeForce RTX 5060, 51, 3748, 8151, 59, 74.77
2026-09-02T23:04:12.316896+08:00,0, NVIDIA GeForce RTX 5060, 45, 3748, 8151, 59, 75.11
2026-09-02T23:04:17.357385+08:00,0, NVIDIA GeForce RTX 5060, 45, 3756, 8151, 60, 74.68
2026-09-02T23:04:22.398859+08:00,0, NVIDIA GeForce RTX 5060, 47, 3757, 8151, 57, 74.25
2026-09-02T23:04:27.438026+08:00,0, NVIDIA GeForce RTX 5060, 46, 3738, 8151, 60, 75.25
2026-09-02T23:04:32.475457+08:00,0, NVIDIA GeForce RTX 5060, 14, 3753, 8151, 54, 54.70
2026-09-02T23:04:37.516016+08:00,0, NVIDIA GeForce RTX 5060, 16, 3749, 8151, 52, 37.45
2026-09-02T23:04:42.558915+08:00,0, NVIDIA GeForce RTX 5060, 49, 3749, 8151, 55, 46.87
2026-09-02T23:04:47.592815+08:00,0, NVIDIA GeForce RTX 5060, 56, 3767, 8151, 58, 76.49
2026-09-02T23:04:52.641451+08:00,0, NVIDIA GeForce RTX 5060, 43, 3766, 8151, 59, 74.33
2026-09-02T23:04:57.681249+08:00,0, NVIDIA GeForce RTX 5060, 47, 3757, 8151, 57, 74.25
2026-09-02T23:05:02.720498+08:00,0, NVIDIA GeForce RTX 5060, 44, 3757, 8151, 60, 74.28
2026-09-02T23:05:07.789079+08:00,0, NVIDIA GeForce RTX 5060, 49, 3758, 8151, 58, 73.34
2026-09-02T23:05:12.829860+08:00,0, NVIDIA GeForce RTX 5060, 49, 3757, 8151, 59, 75.72
2026-09-02T23:05:17.880913+08:00,0, NVIDIA GeForce RTX 5060, 50, 3757, 8151, 57, 72.99
2026-09-02T23:05:22.938312+08:00,0, NVIDIA GeForce RTX 5060, 44, 3757, 8151, 60, 73.06
2026-09-02T23:05:27.981568+08:00,0, NVIDIA GeForce RTX 5060, 49, 3757, 8151, 59, 74.43
2026-09-02T23:05:33.020079+08:00,0, NVIDIA GeForce RTX 5060, 14, 3757, 8151, 52, 35.96
2026-09-02T23:05:38.095092+08:00,0, NVIDIA GeForce RTX 5060, 14, 3756, 8151, 51, 33.23
2026-09-02T23:05:43.138992+08:00,0, NVIDIA GeForce RTX 5060, 45, 3764, 8151, 58, 74.68
2026-09-02T23:05:48.178833+08:00,0, NVIDIA GeForce RTX 5060, 46, 3770, 8151, 59, 75.55
2026-09-02T23:05:53.221899+08:00,0, NVIDIA GeForce RTX 5060, 47, 3763, 8151, 57, 74.88
2026-09-02T23:05:58.260736+08:00,0, NVIDIA GeForce RTX 5060, 53, 3760, 8151, 58, 75.74
2026-09-02T23:06:03.305417+08:00,0, NVIDIA GeForce RTX 5060, 50, 3753, 8151, 58, 75.39
2026-09-02T23:06:08.363643+08:00,0, NVIDIA GeForce RTX 5060, 52, 3752, 8151, 59, 75.38
2026-09-02T23:06:13.412676+08:00,0, NVIDIA GeForce RTX 5060, 49, 3752, 8151, 60, 75.98
2026-09-02T23:06:18.447727+08:00,0, NVIDIA GeForce RTX 5060, 49, 3752, 8151, 58, 74.35
2026-09-02T23:06:23.491074+08:00,0, NVIDIA GeForce RTX 5060, 53, 3753, 8151, 60, 74.91
2026-09-02T23:06:28.541635+08:00,0, NVIDIA GeForce RTX 5060, 13, 3754, 8151, 52, 35.68
2026-09-02T23:06:33.580194+08:00,0, NVIDIA GeForce RTX 5060, 14, 3751, 8151, 52, 34.32
2026-09-02T23:06:38.630751+08:00,0, NVIDIA GeForce RTX 5060, 44, 3751, 8151, 58, 70.91
2026-09-02T23:06:43.680850+08:00,0, NVIDIA GeForce RTX 5060, 47, 3762, 8151, 58, 73.68
2026-09-02T23:06:48.720310+08:00,0, NVIDIA GeForce RTX 5060, 46, 3752, 8151, 59, 74.02
2026-09-02T23:06:53.774230+08:00,0, NVIDIA GeForce RTX 5060, 48, 3762, 8151, 58, 74.31
2026-09-02T23:06:58.822626+08:00,0, NVIDIA GeForce RTX 5060, 45, 3743, 8151, 60, 74.38
2026-09-02T23:07:03.863970+08:00,0, NVIDIA GeForce RTX 5060, 49, 3755, 8151, 58, 75.78
2026-09-02T23:07:08.900247+08:00,0, NVIDIA GeForce RTX 5060, 45, 3747, 8151, 59, 74.56
2026-09-02T23:07:13.944616+08:00,0, NVIDIA GeForce RTX 5060, 44, 3759, 8151, 59, 74.69
2026-09-02T23:07:18.990754+08:00,0, NVIDIA GeForce RTX 5060, 50, 3756, 8151, 60, 73.50
2026-09-02T23:07:24.026952+08:00,0, NVIDIA GeForce RTX 5060, 12, 3755, 8151, 52, 36.47
2026-09-02T23:07:29.061971+08:00,0, NVIDIA GeForce RTX 5060, 14, 3759, 8151, 51, 34.96
2026-09-02T23:07:34.120115+08:00,0, NVIDIA GeForce RTX 5060, 45, 3765, 8151, 56, 75.04
2026-09-02T23:07:39.166646+08:00,0, NVIDIA GeForce RTX 5060, 55, 3757, 8151, 58, 75.67
2026-09-02T23:07:44.205120+08:00,0, NVIDIA GeForce RTX 5060, 50, 3756, 8151, 58, 73.68
2026-09-02T23:07:49.245032+08:00,0, NVIDIA GeForce RTX 5060, 48, 3759, 8151, 57, 75.01
2026-09-02T23:07:54.307432+08:00,0, NVIDIA GeForce RTX 5060, 45, 3748, 8151, 58, 73.98
2026-09-02T23:07:59.364298+08:00,0, NVIDIA GeForce RTX 5060, 52, 3748, 8151, 57, 74.57
2026-09-02T23:08:04.400042+08:00,0, NVIDIA GeForce RTX 5060, 54, 3757, 8151, 59, 76.28
2026-09-02T23:08:09.446450+08:00,0, NVIDIA GeForce RTX 5060, 52, 3749, 8151, 57, 73.02
2026-09-02T23:08:14.485069+08:00,0, NVIDIA GeForce RTX 5060, 55, 3749, 8151, 58, 75.62
2026-09-02T23:08:19.526434+08:00,0, NVIDIA GeForce RTX 5060, 9, 3748, 8151, 52, 34.63
2026-09-02T23:08:24.566004+08:00,0, NVIDIA GeForce RTX 5060, 13, 3748, 8151, 51, 34.27
2026-09-02T23:08:29.615449+08:00,0, NVIDIA GeForce RTX 5060, 50, 3748, 8151, 56, 74.48
2026-09-02T23:08:34.663609+08:00,0, NVIDIA GeForce RTX 5060, 54, 3759, 8151, 58, 73.54
2026-09-02T23:08:39.697965+08:00,0, NVIDIA GeForce RTX 5060, 51, 3749, 8151, 58, 75.03
2026-09-02T23:08:44.736182+08:00,0, NVIDIA GeForce RTX 5060, 49, 3758, 8151, 59, 74.96
2026-09-02T23:08:49.788171+08:00,0, NVIDIA GeForce RTX 5060, 54, 3757, 8151, 58, 74.51
2026-09-02T23:08:54.821191+08:00,0, NVIDIA GeForce RTX 5060, 52, 3756, 8151, 59, 75.35
2026-09-02T23:08:59.867433+08:00,0, NVIDIA GeForce RTX 5060, 47, 3760, 8151, 59, 74.84
2026-09-02T23:09:04.907145+08:00,0, NVIDIA GeForce RTX 5060, 48, 3757, 8151, 57, 73.23
2026-09-02T23:09:09.944055+08:00,0, NVIDIA GeForce RTX 5060, 45, 3760, 8151, 59, 75.81
2026-09-02T23:09:14.988350+08:00,0, NVIDIA GeForce RTX 5060, 10, 3749, 8151, 53, 35.71
2026-09-02T23:09:20.028320+08:00,0, NVIDIA GeForce RTX 5060, 14, 3749, 8151, 55, 34.49
2026-09-02T23:09:25.064438+08:00,0, NVIDIA GeForce RTX 5060, 52, 3749, 8151, 57, 74.33
2026-09-02T23:09:30.107865+08:00,0, NVIDIA GeForce RTX 5060, 52, 3753, 8151, 58, 73.93
2026-09-02T23:09:35.145392+08:00,0, NVIDIA GeForce RTX 5060, 53, 3762, 8151, 56, 75.28
2026-09-02T23:09:40.184692+08:00,0, NVIDIA GeForce RTX 5060, 45, 3745, 8151, 60, 74.74
2026-09-02T23:09:45.225512+08:00,0, NVIDIA GeForce RTX 5060, 51, 3757, 8151, 59, 75.11
2026-09-02T23:09:50.272614+08:00,0, NVIDIA GeForce RTX 5060, 46, 3760, 8151, 60, 74.83
2026-09-02T23:09:55.308769+08:00,0, NVIDIA GeForce RTX 5060, 44, 3756, 8151, 59, 74.83
2026-09-02T23:10:00.349046+08:00,0, NVIDIA GeForce RTX 5060, 54, 3749, 8151, 58, 76.71
2026-09-02T23:10:05.395301+08:00,0, NVIDIA GeForce RTX 5060, 52, 3756, 8151, 58, 74.40
2026-09-02T23:10:10.463648+08:00,0, NVIDIA GeForce RTX 5060, 12, 3750, 8151, 55, 35.13
2026-09-02T23:10:15.586239+08:00,0, NVIDIA GeForce RTX 5060, 15, 3757, 8151, 51, 34.65
2026-09-02T23:10:20.640932+08:00,0, NVIDIA GeForce RTX 5060, 14, 3748, 8151, 50, 35.37
2026-09-02T23:10:25.690072+08:00,0, NVIDIA GeForce RTX 5060, 14, 3759, 8151, 50, 34.46
